This file contains any messages produced by compilers while
running configure, to aid debugging if configure makes a mistake.

It was created by sudo configure 1.9.17p2, which was
generated by GNU Autoconf 2.72.  Invocation command line was

  $ ./configure --without-pam --with-vardir=/var/db/sudo --with-logpath=/var/log/sudo.log

## --------- ##
## Platform. ##
## --------- ##

hostname = xuanfeng0316
uname -m = x86_64
uname -r = 6.8.0-136-generic
uname -s = Linux
uname -v = #136~22.04.1-Ubuntu SMP PREEMPT_DYNAMIC Fri Jul  3 16:29:11 UTC 

/usr/bin/uname -p = x86_64
/bin/uname -X     = unknown

/bin/arch              = x86_64
/usr/bin/arch -k       = unknown
/usr/convex/getsysinfo = unknown
/usr/bin/hostinfo      = unknown
/bin/machine           = unknown
/usr/bin/oslevel       = unknown
/bin/universe          = unknown

PATH: /usr/local/sbin/
PATH: /usr/local/bin/
PATH: /usr/sbin/
PATH: /usr/bin/
PATH: /sbin/
PATH: /bin/
PATH: /usr/games/
PATH: /usr/local/games/
PATH: /snap/bin/


## ----------- ##
## Core tests. ##
## ----------- ##

configure:3476: looking for aux files: ltmain.sh config.guess config.sub
configure:3489:  trying ./scripts/
configure:3518:   ./scripts/ltmain.sh found
configure:3518:   ./scripts/config.guess found
configure:3518:   ./scripts/config.sub found
configure:3838: checking for gcc
configure:3859: found /usr/bin/gcc
configure:3871: result: gcc
configure:4230: checking for C compiler version
configure:4239: gcc --version >&5
gcc (Ubuntu 11.4.0-1ubuntu1~22.04.3) 11.4.0
Copyright (C) 2021 Free Software Foundation, Inc.
This is free software; see the source for copying conditions.  There is NO
warranty; not even for MERCHANTABILITY or FITNESS FOR A PARTICULAR PURPOSE.

configure:4250: $? = 0
configure:4239: gcc -v >&5
Using built-in specs.
COLLECT_GCC=gcc
COLLECT_LTO_WRAPPER=/usr/lib/gcc/x86_64-linux-gnu/11/lto-wrapper
OFFLOAD_TARGET_NAMES=nvptx-none:amdgcn-amdhsa
OFFLOAD_TARGET_DEFAULT=1
Target: x86_64-linux-gnu
Configured with: ../src/configure -v --with-pkgversion='Ubuntu 11.4.0-1ubuntu1~22.04.3' --with-bugurl=file:///usr/share/doc/gcc-11/README.Bugs --enable-languages=c,ada,c++,go,brig,d,fortran,objc,obj-c++,m2 --prefix=/usr --with-gcc-major-version-only --program-suffix=-11 --program-prefix=x86_64-linux-gnu- --enable-shared --enable-linker-build-id --libexecdir=/usr/lib --without-included-gettext --enable-threads=posix --libdir=/usr/lib --enable-nls --enable-bootstrap --enable-clocale=gnu --enable-libstdcxx-debug --enable-libstdcxx-time=yes --with-default-libstdcxx-abi=new --enable-gnu-unique-object --disable-vtable-verify --enable-plugin --enable-default-pie --with-system-zlib --enable-libphobos-checking=release --with-target-system-zlib=auto --enable-objc-gc=auto --enable-multiarch --disable-werror --enable-cet --with-arch-32=i686 --with-abi=m64 --with-multilib-list=m32,m64,mx32 --enable-multilib --with-tune=generic --enable-offload-targets=nvptx-none=/build/gcc-11-0odw26/gcc-11-11.4.0/debian/tmp-nvptx/usr,amdgcn-amdhsa=/build/gcc-11-0odw26/gcc-11-11.4.0/debian/tmp-gcn/usr --without-cuda-driver --enable-checking=release --build=x86_64-linux-gnu --host=x86_64-linux-gnu --target=x86_64-linux-gnu --with-build-config=bootstrap-lto-lean --enable-link-serialization=2
Thread model: posix
Supported LTO compression algorithms: zlib zstd
gcc version 11.4.0 (Ubuntu 11.4.0-1ubuntu1~22.04.3) 
... rest of stderr output deleted ...
configure:4250: $? = 0
configure:4239: gcc -V >&5
gcc: error: unrecognized command-line option '-V'
gcc: fatal error: no input files
compilation terminated.
configure:4250: $? = 1
configure:4239: gcc -qversion >&5
gcc: error: unrecognized command-line option '-qversion'; did you mean '--version'?
gcc: fatal error: no input files
compilation terminated.
configure:4250: $? = 1
configure:4239: gcc -version >&5
gcc: error: unrecognized command-line option '-version'
gcc: fatal error: no input files
compilation terminated.
configure:4250: $? = 1
configure:4270: checking whether the C compiler works
configure:4292: gcc    conftest.c  >&5
configure:4296: $? = 0
configure:4347: result: yes
configure:4351: checking for C compiler default output file name
configure:4353: result: a.out
configure:4359: checking for suffix of executables
configure:4366: gcc -o conftest    conftest.c  >&5
configure:4370: $? = 0
configure:4394: result: 
configure:4418: checking whether we are cross compiling
configure:4426: gcc -o conftest    conftest.c  >&5
configure:4430: $? = 0
configure:4437: ./conftest
configure:4441: $? = 0
configure:4456: result: no
configure:4462: checking for suffix of object files
configure:4485: gcc -c   conftest.c >&5
configure:4489: $? = 0
configure:4513: result: o
configure:4517: checking whether the compiler supports GNU C
configure:4537: gcc -c   conftest.c >&5
configure:4537: $? = 0
configure:4549: result: yes
configure:4560: checking whether gcc accepts -g
configure:4581: gcc -c -g  conftest.c >&5
configure:4581: $? = 0
configure:4628: result: yes
configure:4648: checking for gcc option to enable C11 features
configure:4663: gcc  -c -g -O2  conftest.c >&5
configure:4663: $? = 0
configure:4682: result: none needed
configure:4805: checking for stdio.h
configure:4805: gcc -c -g -O2  conftest.c >&5
configure:4805: $? = 0
configure:4805: result: yes
configure:4805: checking for stdlib.h
configure:4805: gcc -c -g -O2  conftest.c >&5
configure:4805: $? = 0
configure:4805: result: yes
configure:4805: checking for string.h
configure:4805: gcc -c -g -O2  conftest.c >&5
configure:4805: $? = 0
configure:4805: result: yes
configure:4805: checking for inttypes.h
configure:4805: gcc -c -g -O2  conftest.c >&5
configure:4805: $? = 0
configure:4805: result: yes
configure:4805: checking for stdint.h
configure:4805: gcc -c -g -O2  conftest.c >&5
configure:4805: $? = 0
configure:4805: result: yes
configure:4805: checking for strings.h
configure:4805: gcc -c -g -O2  conftest.c >&5
configure:4805: $? = 0
configure:4805: result: yes
configure:4805: checking for sys/stat.h
configure:4805: gcc -c -g -O2  conftest.c >&5
configure:4805: $? = 0
configure:4805: result: yes
configure:4805: checking for sys/types.h
configure:4805: gcc -c -g -O2  conftest.c >&5
configure:4805: $? = 0
configure:4805: result: yes
configure:4805: checking for unistd.h
configure:4805: gcc -c -g -O2  conftest.c >&5
configure:4805: $? = 0
configure:4805: result: yes
configure:4805: checking for wchar.h
configure:4805: gcc -c -g -O2  conftest.c >&5
configure:4805: $? = 0
configure:4805: result: yes
configure:4805: checking for minix/config.h
configure:4805: gcc -c -g -O2  conftest.c >&5
conftest.c:47:10: fatal error: minix/config.h: No such file or directory
   47 | #include <minix/config.h>
      |          ^~~~~~~~~~~~~~~~
compilation terminated.
configure:4805: $? = 1
configure: failed program was:
| /* confdefs.h */
| #define PACKAGE_NAME "sudo"
| #define PACKAGE_TARNAME "sudo"
| #define PACKAGE_VERSION "1.9.17p2"
| #define PACKAGE_STRING "sudo 1.9.17p2"
| #define PACKAGE_BUGREPORT "https://bugzilla.sudo.ws/"
| #define PACKAGE_URL ""
| #define HAVE_STDIO_H 1
| #define HAVE_STDLIB_H 1
| #define HAVE_STRING_H 1
| #define HAVE_INTTYPES_H 1
| #define HAVE_STDINT_H 1
| #define HAVE_STRINGS_H 1
| #define HAVE_SYS_STAT_H 1
| #define HAVE_SYS_TYPES_H 1
| #define HAVE_UNISTD_H 1
| #define HAVE_WCHAR_H 1
| /* end confdefs.h.  */
| #include <stddef.h>
| #ifdef HAVE_STDIO_H
| # include <stdio.h>
| #endif
| #ifdef HAVE_STDLIB_H
| # include <stdlib.h>
| #endif
| #ifdef HAVE_STRING_H
| # include <string.h>
| #endif
| #ifdef HAVE_INTTYPES_H
| # include <inttypes.h>
| #endif
| #ifdef HAVE_STDINT_H
| # include <stdint.h>
| #endif
| #ifdef HAVE_STRINGS_H
| # include <strings.h>
| #endif
| #ifdef HAVE_SYS_TYPES_H
| # include <sys/types.h>
| #endif
| #ifdef HAVE_SYS_STAT_H
| # include <sys/stat.h>
| #endif
| #ifdef HAVE_UNISTD_H
| # include <unistd.h>
| #endif
| #include <minix/config.h>
configure:4805: result: no
configure:4805: checking for netgroup.h
configure:4805: gcc -c -g -O2  conftest.c >&5
conftest.c:47:10: fatal error: netgroup.h: No such file or directory
   47 | #include <netgroup.h>
      |          ^~~~~~~~~~~~
compilation terminated.
configure:4805: $? = 1
configure: failed program was:
| /* confdefs.h */
| #define PACKAGE_NAME "sudo"
| #define PACKAGE_TARNAME "sudo"
| #define PACKAGE_VERSION "1.9.17p2"
| #define PACKAGE_STRING "sudo 1.9.17p2"
| #define PACKAGE_BUGREPORT "https://bugzilla.sudo.ws/"
| #define PACKAGE_URL ""
| #define HAVE_STDIO_H 1
| #define HAVE_STDLIB_H 1
| #define HAVE_STRING_H 1
| #define HAVE_INTTYPES_H 1
| #define HAVE_STDINT_H 1
| #define HAVE_STRINGS_H 1
| #define HAVE_SYS_STAT_H 1
| #define HAVE_SYS_TYPES_H 1
| #define HAVE_UNISTD_H 1
| #define HAVE_WCHAR_H 1
| /* end confdefs.h.  */
| #include <stddef.h>
| #ifdef HAVE_STDIO_H
| # include <stdio.h>
| #endif
| #ifdef HAVE_STDLIB_H
| # include <stdlib.h>
| #endif
| #ifdef HAVE_STRING_H
| # include <string.h>
| #endif
| #ifdef HAVE_INTTYPES_H
| # include <inttypes.h>
| #endif
| #ifdef HAVE_STDINT_H
| # include <stdint.h>
| #endif
| #ifdef HAVE_STRINGS_H
| # include <strings.h>
| #endif
| #ifdef HAVE_SYS_TYPES_H
| # include <sys/types.h>
| #endif
| #ifdef HAVE_SYS_STAT_H
| # include <sys/stat.h>
| #endif
| #ifdef HAVE_UNISTD_H
| # include <unistd.h>
| #endif
| #include <netgroup.h>
configure:4805: result: no
configure:4805: checking for paths.h
configure:4805: gcc -c -g -O2  conftest.c >&5
configure:4805: $? = 0
configure:4805: result: yes
configure:4805: checking for spawn.h
configure:4805: gcc -c -g -O2  conftest.c >&5
configure:4805: $? = 0
configure:4805: result: yes
configure:4805: checking for wordexp.h
configure:4805: gcc -c -g -O2  conftest.c >&5
configure:4805: $? = 0
configure:4805: result: yes
configure:4805: checking for sys/sockio.h
configure:4805: gcc -c -g -O2  conftest.c >&5
conftest.c:50:10: fatal error: sys/sockio.h: No such file or directory
   50 | #include <sys/sockio.h>
      |          ^~~~~~~~~~~~~~
compilation terminated.
configure:4805: $? = 1
configure: failed program was:
| /* confdefs.h */
| #define PACKAGE_NAME "sudo"
| #define PACKAGE_TARNAME "sudo"
| #define PACKAGE_VERSION "1.9.17p2"
| #define PACKAGE_STRING "sudo 1.9.17p2"
| #define PACKAGE_BUGREPORT "https://bugzilla.sudo.ws/"
| #define PACKAGE_URL ""
| #define HAVE_STDIO_H 1
| #define HAVE_STDLIB_H 1
| #define HAVE_STRING_H 1
| #define HAVE_INTTYPES_H 1
| #define HAVE_STDINT_H 1
| #define HAVE_STRINGS_H 1
| #define HAVE_SYS_STAT_H 1
| #define HAVE_SYS_TYPES_H 1
| #define HAVE_UNISTD_H 1
| #define HAVE_WCHAR_H 1
| #define HAVE_PATHS_H 1
| #define HAVE_SPAWN_H 1
| #define HAVE_WORDEXP_H 1
| /* end confdefs.h.  */
| #include <stddef.h>
| #ifdef HAVE_STDIO_H
| # include <stdio.h>
| #endif
| #ifdef HAVE_STDLIB_H
| # include <stdlib.h>
| #endif
| #ifdef HAVE_STRING_H
| # include <string.h>
| #endif
| #ifdef HAVE_INTTYPES_H
| # include <inttypes.h>
| #endif
| #ifdef HAVE_STDINT_H
| # include <stdint.h>
| #endif
| #ifdef HAVE_STRINGS_H
| # include <strings.h>
| #endif
| #ifdef HAVE_SYS_TYPES_H
| # include <sys/types.h>
| #endif
| #ifdef HAVE_SYS_STAT_H
| # include <sys/stat.h>
| #endif
| #ifdef HAVE_UNISTD_H
| # include <unistd.h>
| #endif
| #include <sys/sockio.h>
configure:4805: result: no
configure:4805: checking for sys/bsdtypes.h
configure:4805: gcc -c -g -O2  conftest.c >&5
conftest.c:50:10: fatal error: sys/bsdtypes.h: No such file or directory
   50 | #include <sys/bsdtypes.h>
      |          ^~~~~~~~~~~~~~~~
compilation terminated.
configure:4805: $? = 1
configure: failed program was:
| /* confdefs.h */
| #define PACKAGE_NAME "sudo"
| #define PACKAGE_TARNAME "sudo"
| #define PACKAGE_VERSION "1.9.17p2"
| #define PACKAGE_STRING "sudo 1.9.17p2"
| #define PACKAGE_BUGREPORT "https://bugzilla.sudo.ws/"
| #define PACKAGE_URL ""
| #define HAVE_STDIO_H 1
| #define HAVE_STDLIB_H 1
| #define HAVE_STRING_H 1
| #define HAVE_INTTYPES_H 1
| #define HAVE_STDINT_H 1
| #define HAVE_STRINGS_H 1
| #define HAVE_SYS_STAT_H 1
| #define HAVE_SYS_TYPES_H 1
| #define HAVE_UNISTD_H 1
| #define HAVE_WCHAR_H 1
| #define HAVE_PATHS_H 1
| #define HAVE_SPAWN_H 1
| #define HAVE_WORDEXP_H 1
| /* end confdefs.h.  */
| #include <stddef.h>
| #ifdef HAVE_STDIO_H
| # include <stdio.h>
| #endif
| #ifdef HAVE_STDLIB_H
| # include <stdlib.h>
| #endif
| #ifdef HAVE_STRING_H
| # include <string.h>
| #endif
| #ifdef HAVE_INTTYPES_H
| # include <inttypes.h>
| #endif
| #ifdef HAVE_STDINT_H
| # include <stdint.h>
| #endif
| #ifdef HAVE_STRINGS_H
| # include <strings.h>
| #endif
| #ifdef HAVE_SYS_TYPES_H
| # include <sys/types.h>
| #endif
| #ifdef HAVE_SYS_STAT_H
| # include <sys/stat.h>
| #endif
| #ifdef HAVE_UNISTD_H
| # include <unistd.h>
| #endif
| #include <sys/bsdtypes.h>
configure:4805: result: no
configure:4805: checking for sys/select.h
configure:4805: gcc -c -g -O2  conftest.c >&5
configure:4805: $? = 0
configure:4805: result: yes
configure:4805: checking for sys/stropts.h
configure:4805: gcc -c -g -O2  conftest.c >&5
conftest.c:51:10: fatal error: sys/stropts.h: No such file or directory
   51 | #include <sys/stropts.h>
      |          ^~~~~~~~~~~~~~~
compilation terminated.
configure:4805: $? = 1
configure: failed program was:
| /* confdefs.h */
| #define PACKAGE_NAME "sudo"
| #define PACKAGE_TARNAME "sudo"
| #define PACKAGE_VERSION "1.9.17p2"
| #define PACKAGE_STRING "sudo 1.9.17p2"
| #define PACKAGE_BUGREPORT "https://bugzilla.sudo.ws/"
| #define PACKAGE_URL ""
| #define HAVE_STDIO_H 1
| #define HAVE_STDLIB_H 1
| #define HAVE_STRING_H 1
| #define HAVE_INTTYPES_H 1
| #define HAVE_STDINT_H 1
| #define HAVE_STRINGS_H 1
| #define HAVE_SYS_STAT_H 1
| #define HAVE_SYS_TYPES_H 1
| #define HAVE_UNISTD_H 1
| #define HAVE_WCHAR_H 1
| #define HAVE_PATHS_H 1
| #define HAVE_SPAWN_H 1
| #define HAVE_WORDEXP_H 1
| #define HAVE_SYS_SELECT_H 1
| /* end confdefs.h.  */
| #include <stddef.h>
| #ifdef HAVE_STDIO_H
| # include <stdio.h>
| #endif
| #ifdef HAVE_STDLIB_H
| # include <stdlib.h>
| #endif
| #ifdef HAVE_STRING_H
| # include <string.h>
| #endif
| #ifdef HAVE_INTTYPES_H
| # include <inttypes.h>
| #endif
| #ifdef HAVE_STDINT_H
| # include <stdint.h>
| #endif
| #ifdef HAVE_STRINGS_H
| # include <strings.h>
| #endif
| #ifdef HAVE_SYS_TYPES_H
| # include <sys/types.h>
| #endif
| #ifdef HAVE_SYS_STAT_H
| # include <sys/stat.h>
| #endif
| #ifdef HAVE_UNISTD_H
| # include <unistd.h>
| #endif
| #include <sys/stropts.h>
configure:4805: result: no
configure:4805: checking for sys/sysmacros.h
configure:4805: gcc -c -g -O2  conftest.c >&5
configure:4805: $? = 0
configure:4805: result: yes
configure:4805: checking for sys/statvfs.h
configure:4805: gcc -c -g -O2  conftest.c >&5
configure:4805: $? = 0
configure:4805: result: yes
configure:4836: checking whether it is safe to define __EXTENSIONS__
configure:4855: gcc -c -g -O2  conftest.c >&5
configure:4855: $? = 0
configure:4865: result: yes
configure:4868: checking whether _XOPEN_SOURCE should be defined
configure:4890: gcc -c -g -O2  conftest.c >&5
configure:4890: $? = 0
configure:4919: result: no
configure:6696: : CPPFLAGS="$CPPFLAGS"
configure:6699: $? = 0
configure:7261: checking how to run the C preprocessor
configure:7287: gcc -E -DZLIB_CONST conftest.c
configure:7287: $? = 0
configure:7303: gcc -E -DZLIB_CONST conftest.c
conftest.c:70:10: fatal error: ac_nonexistent.h: No such file or directory
   70 | #include <ac_nonexistent.h>
      |          ^~~~~~~~~~~~~~~~~~
compilation terminated.
configure:7303: $? = 1
configure: failed program was:
| /* confdefs.h */
| #define PACKAGE_NAME "sudo"
| #define PACKAGE_TARNAME "sudo"
| #define PACKAGE_VERSION "1.9.17p2"
| #define PACKAGE_STRING "sudo 1.9.17p2"
| #define PACKAGE_BUGREPORT "https://bugzilla.sudo.ws/"
| #define PACKAGE_URL ""
| #define HAVE_STDIO_H 1
| #define HAVE_STDLIB_H 1
| #define HAVE_STRING_H 1
| #define HAVE_INTTYPES_H 1
| #define HAVE_STDINT_H 1
| #define HAVE_STRINGS_H 1
| #define HAVE_SYS_STAT_H 1
| #define HAVE_SYS_TYPES_H 1
| #define HAVE_UNISTD_H 1
| #define HAVE_WCHAR_H 1
| #define HAVE_PATHS_H 1
| #define HAVE_SPAWN_H 1
| #define HAVE_WORDEXP_H 1
| #define HAVE_SYS_SELECT_H 1
| #define HAVE_SYS_SYSMACROS_H 1
| #define HAVE_SYS_STATVFS_H 1
| #define STDC_HEADERS 1
| #define _ALL_SOURCE 1
| #define _DARWIN_C_SOURCE 1
| #define _GNU_SOURCE 1
| #define _HPUX_ALT_XOPEN_SOCKET_API 1
| #define _NETBSD_SOURCE 1
| #define _OPENBSD_SOURCE 1
| #define _POSIX_PTHREAD_SEMANTICS 1
| #define __STDC_WANT_IEC_60559_ATTRIBS_EXT__ 1
| #define __STDC_WANT_IEC_60559_BFP_EXT__ 1
| #define __STDC_WANT_IEC_60559_DFP_EXT__ 1
| #define __STDC_WANT_IEC_60559_EXT__ 1
| #define __STDC_WANT_IEC_60559_FUNCS_EXT__ 1
| #define __STDC_WANT_IEC_60559_TYPES_EXT__ 1
| #define __STDC_WANT_LIB_EXT2__ 1
| #define __STDC_WANT_MATH_SPEC_FUNCS__ 1
| #define _TANDEM_SOURCE 1
| #define __EXTENSIONS__ 1
| #define _PATH_SSSD_CONF "/etc/sssd/sssd.conf"
| #define _PATH_SSSD_LIB ""LIBDIR""
| #define LOGGING SLOG_SYSLOG
| #define PRI_SUCCESS "notice"
| #define PRI_FAILURE "alert"
| #define MAXLOGFILELEN 80
| #define SEND_MAIL_WHEN_NO_USER 1
| #define MAILTO "root"
| #define MAILSUBJECT "*** SECURITY information for %h ***"
| #define PASSPROMPT "Password: "
| #define INCORRECT_PASSWORD "Sorry, try again."
| #define SUDO_UMASK 0022
| #define RUNAS_DEFAULT "root"
| #define EDITOR _PATH_VI
| #define ENV_EDITOR 1
| #define TRIES_FOR_PASSWORD 3
| #define TIMEOUT 5
| #define PASSWORD_TIMEOUT 5
| #define CLASSIC_INSULTS 1
| #define CSOPS_INSULTS 1
| #define _PATH_LDAP_CONF "/etc/ldap.conf"
| #define _PATH_LDAP_SECRET "/etc/ldap.secret"
| #define _PATH_SUDO_ASKPASS NULL
| #define ENV_RESET 1
| #define _PATH_SUDO_DEVSEARCH _PATH_DEV "pts:" _PATH_DEV "vt:" _PATH_DEV "term:" _PATH_DEV "zcons:" _PATH_DEV "pty:" _PATH_DEV "" 
| #define TIMESTAMP_TYPE tty
| #define SUDOERS_LOG_CLIENT 1
| /* end confdefs.h.  */
| #include <ac_nonexistent.h>
configure:7332: result: gcc -E
configure:7346: gcc -E -DZLIB_CONST conftest.c
configure:7346: $? = 0
configure:7362: gcc -E -DZLIB_CONST conftest.c
conftest.c:70:10: fatal error: ac_nonexistent.h: No such file or directory
   70 | #include <ac_nonexistent.h>
      |          ^~~~~~~~~~~~~~~~~~
compilation terminated.
configure:7362: $? = 1
configure: failed program was:
| /* confdefs.h */
| #define PACKAGE_NAME "sudo"
| #define PACKAGE_TARNAME "sudo"
| #define PACKAGE_VERSION "1.9.17p2"
| #define PACKAGE_STRING "sudo 1.9.17p2"
| #define PACKAGE_BUGREPORT "https://bugzilla.sudo.ws/"
| #define PACKAGE_URL ""
| #define HAVE_STDIO_H 1
| #define HAVE_STDLIB_H 1
| #define HAVE_STRING_H 1
| #define HAVE_INTTYPES_H 1
| #define HAVE_STDINT_H 1
| #define HAVE_STRINGS_H 1
| #define HAVE_SYS_STAT_H 1
| #define HAVE_SYS_TYPES_H 1
| #define HAVE_UNISTD_H 1
| #define HAVE_WCHAR_H 1
| #define HAVE_PATHS_H 1
| #define HAVE_SPAWN_H 1
| #define HAVE_WORDEXP_H 1
| #define HAVE_SYS_SELECT_H 1
| #define HAVE_SYS_SYSMACROS_H 1
| #define HAVE_SYS_STATVFS_H 1
| #define STDC_HEADERS 1
| #define _ALL_SOURCE 1
| #define _DARWIN_C_SOURCE 1
| #define _GNU_SOURCE 1
| #define _HPUX_ALT_XOPEN_SOCKET_API 1
| #define _NETBSD_SOURCE 1
| #define _OPENBSD_SOURCE 1
| #define _POSIX_PTHREAD_SEMANTICS 1
| #define __STDC_WANT_IEC_60559_ATTRIBS_EXT__ 1
| #define __STDC_WANT_IEC_60559_BFP_EXT__ 1
| #define __STDC_WANT_IEC_60559_DFP_EXT__ 1
| #define __STDC_WANT_IEC_60559_EXT__ 1
| #define __STDC_WANT_IEC_60559_FUNCS_EXT__ 1
| #define __STDC_WANT_IEC_60559_TYPES_EXT__ 1
| #define __STDC_WANT_LIB_EXT2__ 1
| #define __STDC_WANT_MATH_SPEC_FUNCS__ 1
| #define _TANDEM_SOURCE 1
| #define __EXTENSIONS__ 1
| #define _PATH_SSSD_CONF "/etc/sssd/sssd.conf"
| #define _PATH_SSSD_LIB ""LIBDIR""
| #define LOGGING SLOG_SYSLOG
| #define PRI_SUCCESS "notice"
| #define PRI_FAILURE "alert"
| #define MAXLOGFILELEN 80
| #define SEND_MAIL_WHEN_NO_USER 1
| #define MAILTO "root"
| #define MAILSUBJECT "*** SECURITY information for %h ***"
| #define PASSPROMPT "Password: "
| #define INCORRECT_PASSWORD "Sorry, try again."
| #define SUDO_UMASK 0022
| #define RUNAS_DEFAULT "root"
| #define EDITOR _PATH_VI
| #define ENV_EDITOR 1
| #define TRIES_FOR_PASSWORD 3
| #define TIMEOUT 5
| #define PASSWORD_TIMEOUT 5
| #define CLASSIC_INSULTS 1
| #define CSOPS_INSULTS 1
| #define _PATH_LDAP_CONF "/etc/ldap.conf"
| #define _PATH_LDAP_SECRET "/etc/ldap.secret"
| #define _PATH_SUDO_ASKPASS NULL
| #define ENV_RESET 1
| #define _PATH_SUDO_DEVSEARCH _PATH_DEV "pts:" _PATH_DEV "vt:" _PATH_DEV "term:" _PATH_DEV "zcons:" _PATH_DEV "pty:" _PATH_DEV "" 
| #define TIMESTAMP_TYPE tty
| #define SUDOERS_LOG_CLIENT 1
| /* end confdefs.h.  */
| #include <ac_nonexistent.h>
configure:7443: checking for ar
configure:7464: found /usr/bin/ar
configure:7476: result: ar
configure:7547: checking for ranlib
configure:7568: found /usr/bin/ranlib
configure:7580: result: ranlib
configure:7615: checking build system type
configure:7631: result: x86_64-pc-linux-gnu
configure:7686: checking for x86_64-pc-linux-gnu-gcc
configure:7722: result: no
configure:7732: checking for gcc
configure:7753: found /usr/bin/gcc
configure:7765: result: gcc
configure:8124: checking for C compiler version
configure:8133: gcc --version >&5
gcc (Ubuntu 11.4.0-1ubuntu1~22.04.3) 11.4.0
Copyright (C) 2021 Free Software Foundation, Inc.
This is free software; see the source for copying conditions.  There is NO
warranty; not even for MERCHANTABILITY or FITNESS FOR A PARTICULAR PURPOSE.

configure:8144: $? = 0
configure:8133: gcc -v >&5
Using built-in specs.
COLLECT_GCC=gcc
COLLECT_LTO_WRAPPER=/usr/lib/gcc/x86_64-linux-gnu/11/lto-wrapper
OFFLOAD_TARGET_NAMES=nvptx-none:amdgcn-amdhsa
OFFLOAD_TARGET_DEFAULT=1
Target: x86_64-linux-gnu
Configured with: ../src/configure -v --with-pkgversion='Ubuntu 11.4.0-1ubuntu1~22.04.3' --with-bugurl=file:///usr/share/doc/gcc-11/README.Bugs --enable-languages=c,ada,c++,go,brig,d,fortran,objc,obj-c++,m2 --prefix=/usr --with-gcc-major-version-only --program-suffix=-11 --program-prefix=x86_64-linux-gnu- --enable-shared --enable-linker-build-id --libexecdir=/usr/lib --without-included-gettext --enable-threads=posix --libdir=/usr/lib --enable-nls --enable-bootstrap --enable-clocale=gnu --enable-libstdcxx-debug --enable-libstdcxx-time=yes --with-default-libstdcxx-abi=new --enable-gnu-unique-object --disable-vtable-verify --enable-plugin --enable-default-pie --with-system-zlib --enable-libphobos-checking=release --with-target-system-zlib=auto --enable-objc-gc=auto --enable-multiarch --disable-werror --enable-cet --with-arch-32=i686 --with-abi=m64 --with-multilib-list=m32,m64,mx32 --enable-multilib --with-tune=generic --enable-offload-targets=nvptx-none=/build/gcc-11-0odw26/gcc-11-11.4.0/debian/tmp-nvptx/usr,amdgcn-amdhsa=/build/gcc-11-0odw26/gcc-11-11.4.0/debian/tmp-gcn/usr --without-cuda-driver --enable-checking=release --build=x86_64-linux-gnu --host=x86_64-linux-gnu --target=x86_64-linux-gnu --with-build-config=bootstrap-lto-lean --enable-link-serialization=2
Thread model: posix
Supported LTO compression algorithms: zlib zstd
gcc version 11.4.0 (Ubuntu 11.4.0-1ubuntu1~22.04.3) 
... rest of stderr output deleted ...
configure:8144: $? = 0
configure:8133: gcc -V >&5
gcc: error: unrecognized command-line option '-V'
gcc: fatal error: no input files
compilation terminated.
configure:8144: $? = 1
configure:8133: gcc -qversion >&5
gcc: error: unrecognized command-line option '-qversion'; did you mean '--version'?
gcc: fatal error: no input files
compilation terminated.
configure:8144: $? = 1
configure:8133: gcc -version >&5
gcc: error: unrecognized command-line option '-version'
gcc: fatal error: no input files
compilation terminated.
configure:8144: $? = 1
configure:8148: checking whether the compiler supports GNU C
configure:8168: gcc -c   conftest.c >&5
configure:8168: $? = 0
configure:8180: result: yes
configure:8191: checking whether gcc accepts -g
configure:8212: gcc -c -g  conftest.c >&5
configure:8212: $? = 0
configure:8259: result: yes
configure:8279: checking for gcc option to enable C11 features
configure:8294: gcc  -c -g -O2  conftest.c >&5
configure:8294: $? = 0
configure:8313: result: none needed
configure:8453: checking whether the C compiler works
configure:8475: gcc -g -O2   conftest.c  >&5
configure:8479: $? = 0
configure:8530: result: yes
configure:8534: checking for C compiler default output file name
configure:8536: result: a.out
configure:8542: checking for suffix of executables
configure:8549: gcc -o conftest -g -O2   conftest.c  >&5
configure:8553: $? = 0
configure:8577: result: 
configure:8601: checking whether we are cross compiling
configure:8609: gcc -o conftest -g -O2   conftest.c  >&5
configure:8613: $? = 0
configure:8620: ./conftest
configure:8624: $? = 0
configure:8639: result: no
configure:8646: checking for suffix of object files
configure:8669: gcc -c -g -O2  conftest.c >&5
configure:8673: $? = 0
configure:8697: result: o
configure:8707: checking how to run the C preprocessor
configure:8733: gcc -E  conftest.c
configure:8733: $? = 0
configure:8749: gcc -E  conftest.c
conftest.c:70:10: fatal error: ac_nonexistent.h: No such file or directory
   70 | #include <ac_nonexistent.h>
      |          ^~~~~~~~~~~~~~~~~~
compilation terminated.
configure:8749: $? = 1
configure: failed program was:
| /* confdefs.h */
| #define PACKAGE_NAME "sudo"
| #define PACKAGE_TARNAME "sudo"
| #define PACKAGE_VERSION "1.9.17p2"
| #define PACKAGE_STRING "sudo 1.9.17p2"
| #define PACKAGE_BUGREPORT "https://bugzilla.sudo.ws/"
| #define PACKAGE_URL ""
| #define HAVE_STDIO_H 1
| #define HAVE_STDLIB_H 1
| #define HAVE_STRING_H 1
| #define HAVE_INTTYPES_H 1
| #define HAVE_STDINT_H 1
| #define HAVE_STRINGS_H 1
| #define HAVE_SYS_STAT_H 1
| #define HAVE_SYS_TYPES_H 1
| #define HAVE_UNISTD_H 1
| #define HAVE_WCHAR_H 1
| #define HAVE_PATHS_H 1
| #define HAVE_SPAWN_H 1
| #define HAVE_WORDEXP_H 1
| #define HAVE_SYS_SELECT_H 1
| #define HAVE_SYS_SYSMACROS_H 1
| #define HAVE_SYS_STATVFS_H 1
| #define STDC_HEADERS 1
| #define _ALL_SOURCE 1
| #define _DARWIN_C_SOURCE 1
| #define _GNU_SOURCE 1
| #define _HPUX_ALT_XOPEN_SOCKET_API 1
| #define _NETBSD_SOURCE 1
| #define _OPENBSD_SOURCE 1
| #define _POSIX_PTHREAD_SEMANTICS 1
| #define __STDC_WANT_IEC_60559_ATTRIBS_EXT__ 1
| #define __STDC_WANT_IEC_60559_BFP_EXT__ 1
| #define __STDC_WANT_IEC_60559_DFP_EXT__ 1
| #define __STDC_WANT_IEC_60559_EXT__ 1
| #define __STDC_WANT_IEC_60559_FUNCS_EXT__ 1
| #define __STDC_WANT_IEC_60559_TYPES_EXT__ 1
| #define __STDC_WANT_LIB_EXT2__ 1
| #define __STDC_WANT_MATH_SPEC_FUNCS__ 1
| #define _TANDEM_SOURCE 1
| #define __EXTENSIONS__ 1
| #define _PATH_SSSD_CONF "/etc/sssd/sssd.conf"
| #define _PATH_SSSD_LIB ""LIBDIR""
| #define LOGGING SLOG_SYSLOG
| #define PRI_SUCCESS "notice"
| #define PRI_FAILURE "alert"
| #define MAXLOGFILELEN 80
| #define SEND_MAIL_WHEN_NO_USER 1
| #define MAILTO "root"
| #define MAILSUBJECT "*** SECURITY information for %h ***"
| #define PASSPROMPT "Password: "
| #define INCORRECT_PASSWORD "Sorry, try again."
| #define SUDO_UMASK 0022
| #define RUNAS_DEFAULT "root"
| #define EDITOR _PATH_VI
| #define ENV_EDITOR 1
| #define TRIES_FOR_PASSWORD 3
| #define TIMEOUT 5
| #define PASSWORD_TIMEOUT 5
| #define CLASSIC_INSULTS 1
| #define CSOPS_INSULTS 1
| #define _PATH_LDAP_CONF "/etc/ldap.conf"
| #define _PATH_LDAP_SECRET "/etc/ldap.secret"
| #define _PATH_SUDO_ASKPASS NULL
| #define ENV_RESET 1
| #define _PATH_SUDO_DEVSEARCH _PATH_DEV "pts:" _PATH_DEV "vt:" _PATH_DEV "term:" _PATH_DEV "zcons:" _PATH_DEV "pty:" _PATH_DEV "" 
| #define TIMESTAMP_TYPE tty
| #define SUDOERS_LOG_CLIENT 1
| /* end confdefs.h.  */
| #include <ac_nonexistent.h>
configure:8778: result: gcc -E
configure:8792: gcc -E  conftest.c
configure:8792: $? = 0
configure:8808: gcc -E  conftest.c
conftest.c:70:10: fatal error: ac_nonexistent.h: No such file or directory
   70 | #include <ac_nonexistent.h>
      |          ^~~~~~~~~~~~~~~~~~
compilation terminated.
configure:8808: $? = 1
configure: failed program was:
| /* confdefs.h */
| #define PACKAGE_NAME "sudo"
| #define PACKAGE_TARNAME "sudo"
| #define PACKAGE_VERSION "1.9.17p2"
| #define PACKAGE_STRING "sudo 1.9.17p2"
| #define PACKAGE_BUGREPORT "https://bugzilla.sudo.ws/"
| #define PACKAGE_URL ""
| #define HAVE_STDIO_H 1
| #define HAVE_STDLIB_H 1
| #define HAVE_STRING_H 1
| #define HAVE_INTTYPES_H 1
| #define HAVE_STDINT_H 1
| #define HAVE_STRINGS_H 1
| #define HAVE_SYS_STAT_H 1
| #define HAVE_SYS_TYPES_H 1
| #define HAVE_UNISTD_H 1
| #define HAVE_WCHAR_H 1
| #define HAVE_PATHS_H 1
| #define HAVE_SPAWN_H 1
| #define HAVE_WORDEXP_H 1
| #define HAVE_SYS_SELECT_H 1
| #define HAVE_SYS_SYSMACROS_H 1
| #define HAVE_SYS_STATVFS_H 1
| #define STDC_HEADERS 1
| #define _ALL_SOURCE 1
| #define _DARWIN_C_SOURCE 1
| #define _GNU_SOURCE 1
| #define _HPUX_ALT_XOPEN_SOCKET_API 1
| #define _NETBSD_SOURCE 1
| #define _OPENBSD_SOURCE 1
| #define _POSIX_PTHREAD_SEMANTICS 1
| #define __STDC_WANT_IEC_60559_ATTRIBS_EXT__ 1
| #define __STDC_WANT_IEC_60559_BFP_EXT__ 1
| #define __STDC_WANT_IEC_60559_DFP_EXT__ 1
| #define __STDC_WANT_IEC_60559_EXT__ 1
| #define __STDC_WANT_IEC_60559_FUNCS_EXT__ 1
| #define __STDC_WANT_IEC_60559_TYPES_EXT__ 1
| #define __STDC_WANT_LIB_EXT2__ 1
| #define __STDC_WANT_MATH_SPEC_FUNCS__ 1
| #define _TANDEM_SOURCE 1
| #define __EXTENSIONS__ 1
| #define _PATH_SSSD_CONF "/etc/sssd/sssd.conf"
| #define _PATH_SSSD_LIB ""LIBDIR""
| #define LOGGING SLOG_SYSLOG
| #define PRI_SUCCESS "notice"
| #define PRI_FAILURE "alert"
| #define MAXLOGFILELEN 80
| #define SEND_MAIL_WHEN_NO_USER 1
| #define MAILTO "root"
| #define MAILSUBJECT "*** SECURITY information for %h ***"
| #define PASSPROMPT "Password: "
| #define INCORRECT_PASSWORD "Sorry, try again."
| #define SUDO_UMASK 0022
| #define RUNAS_DEFAULT "root"
| #define EDITOR _PATH_VI
| #define ENV_EDITOR 1
| #define TRIES_FOR_PASSWORD 3
| #define TIMEOUT 5
| #define PASSWORD_TIMEOUT 5
| #define CLASSIC_INSULTS 1
| #define CSOPS_INSULTS 1
| #define _PATH_LDAP_CONF "/etc/ldap.conf"
| #define _PATH_LDAP_SECRET "/etc/ldap.secret"
| #define _PATH_SUDO_ASKPASS NULL
| #define ENV_RESET 1
| #define _PATH_SUDO_DEVSEARCH _PATH_DEV "pts:" _PATH_DEV "vt:" _PATH_DEV "term:" _PATH_DEV "zcons:" _PATH_DEV "pty:" _PATH_DEV "" 
| #define TIMESTAMP_TYPE tty
| #define SUDOERS_LOG_CLIENT 1
| /* end confdefs.h.  */
| #include <ac_nonexistent.h>
configure:8854: checking for jq
configure:8890: result: no
configure:8916: checking host system type
configure:8931: result: x86_64-pc-linux-gnu
configure:9047: checking how to print strings
configure:9074: result: printf
configure:9095: checking for a sed that does not truncate output
configure:9167: result: /usr/bin/sed
configure:9185: checking for grep that handles long lines and -e
configure:9251: result: /usr/bin/grep
configure:9256: checking for egrep
configure:9326: result: /usr/bin/grep -E
configure:9333: checking for fgrep
configure:9403: result: /usr/bin/grep -F
configure:9440: checking for ld used by gcc
configure:9509: result: /usr/bin/ld
configure:9516: checking if the linker (/usr/bin/ld) is GNU ld
configure:9533: result: yes
configure:9545: checking for BSD- or MS-compatible name lister (nm)
configure:9601: result: /usr/bin/nm -B
configure:9743: checking the name lister (/usr/bin/nm -B) interface
configure:9751: gcc -c -g -O2 -DZLIB_CONST conftest.c >&5
configure:9754: /usr/bin/nm -B "conftest.o"
configure:9757: output
0000000000000000 B some_variable
configure:9765: result: BSD nm
configure:9768: checking whether ln -s works
configure:9772: result: yes
configure:9780: checking the maximum length of command line arguments
configure:9913: result: 1572864
configure:9961: checking how to convert x86_64-pc-linux-gnu file names to x86_64-pc-linux-gnu format
configure:10003: result: func_convert_file_noop
configure:10010: checking how to convert x86_64-pc-linux-gnu file names to toolchain format
configure:10032: result: func_convert_file_noop
configure:10039: checking for /usr/bin/ld option to reload object files
configure:10048: result: -r
configure:10081: checking for file
configure:10102: found /usr/bin/file
configure:10115: result: file
configure:10178: checking for objdump
configure:10199: found /usr/bin/objdump
configure:10211: result: objdump
configure:10243: checking how to recognize dependent libraries
configure:10430: result: pass_all
configure:10521: checking for dlltool
configure:10557: result: no
configure:10587: checking how to associate runtime and link libraries
configure:10616: result: printf %s\n
configure:10676: checking for ranlib
configure:10709: result: ranlib
configure:10872: checking for archiver @FILE support
configure:10890: gcc -c -g -O2 -DZLIB_CONST conftest.c >&5
configure:10890: $? = 0
configure:10894: ar cr libconftest.a @conftest.lst >&5
configure:10897: $? = 0
configure:10902: ar cr libconftest.a @conftest.lst >&5
ar: conftest.o: No such file or directory
configure:10905: $? = 1
configure:10918: result: @
configure:10982: checking for strip
configure:11003: found /usr/bin/strip
configure:11015: result: strip
configure:11093: checking for gawk
configure:11129: result: no
configure:11093: checking for mawk
configure:11114: found /usr/bin/mawk
configure:11126: result: mawk
configure:11166: checking command to parse /usr/bin/nm -B output from gcc object
configure:11320: gcc -c -g -O2 -DZLIB_CONST conftest.c >&5
configure:11323: $? = 0
configure:11327: /usr/bin/nm -B conftest.o \| /usr/bin/sed -n -e 's/^.*[ ]\([ABCDGIRSTW][ABCDGIRSTW]*\)[ ][ ]*\([_A-Za-z][_A-Za-z0-9]*\)$/\1 \2 \2/p' | /usr/bin/sed '/ __gnu_lto/d' \> conftest.nm
configure:11330: $? = 0
configure:11396: gcc -o conftest -g -O2 -DZLIB_CONST  conftest.c conftstm.o >&5
configure:11399: $? = 0
configure:11438: result: ok
configure:11485: checking for sysroot
configure:11519: result: no
configure:11526: checking for a working dd
configure:11571: result: /usr/bin/dd
configure:11575: checking how to truncate binary pipes
configure:11592: result: /usr/bin/dd bs=4096 count=1
configure:11729: gcc -c -g -O2 -DZLIB_CONST conftest.c >&5
configure:11732: $? = 0
configure:11932: checking for mt
configure:11953: found /usr/bin/mt
configure:11965: result: mt
configure:11988: checking if mt is a manifest tool
configure:11995: mt '-?'
configure:12004: result: no
configure:12782: checking for dlfcn.h
configure:12782: gcc -c -g -O2 -DZLIB_CONST conftest.c >&5
configure:12782: $? = 0
configure:12782: result: yes
configure:13084: checking for objdir
configure:13101: result: .libs
configure:13367: checking if gcc supports -fno-rtti -fno-exceptions
configure:13386: gcc -c -g -O2 -DZLIB_CONST -fno-rtti -fno-exceptions conftest.c >&5
cc1: warning: command-line option '-fno-rtti' is valid for C++/D/ObjC++ but not for C
configure:13390: $? = 0
configure:13404: result: no
configure:13768: checking for gcc option to produce PIC
configure:13777: result: -fPIC -DPIC
configure:13785: checking if gcc PIC flag -fPIC -DPIC works
configure:13804: gcc -c -g -O2 -DZLIB_CONST -fPIC -DPIC -DPIC conftest.c >&5
configure:13808: $? = 0
configure:13822: result: yes
configure:13851: checking if gcc static flag -static works
configure:13881: result: yes
configure:13896: checking if gcc supports -c -o file.o
configure:13918: gcc -c -g -O2 -DZLIB_CONST -o out/conftest2.o conftest.c >&5
configure:13922: $? = 0
configure:13945: result: yes
configure:13953: checking if gcc supports -c -o file.o
configure:14002: result: yes
configure:14035: checking whether the gcc linker (/usr/bin/ld -m elf_x86_64) supports shared libraries
configure:15405: result: yes
configure:15442: checking whether -lc should be explicitly linked in
configure:15451: gcc -c -g -O2 -DZLIB_CONST conftest.c >&5
configure:15454: $? = 0
configure:15469: gcc -shared  -fPIC -DPIC conftest.o  -v -Wl,-soname -Wl,conftest -o conftest 2\>\&1 \| /usr/bin/grep  -lc  \>/dev/null 2\>\&1
configure:15472: $? = 0
configure:15487: result: no
configure:15657: checking dynamic linker characteristics
configure:16275: gcc -o conftest -g -O2 -DZLIB_CONST  -Wl,-rpath -Wl,/foo conftest.c  >&5
configure:16275: $? = 0
configure:16515: result: GNU/Linux ld.so
configure:16637: checking how to hardcode library paths into programs
configure:16663: result: immediate
configure:16774: checking for shl_load
configure:16774: gcc -o conftest -g -O2 -DZLIB_CONST  conftest.c  >&5
/usr/bin/ld: /tmp/ccK3MKfl.o: in function `main':
/root/xuanix/xuanix_X86_64/sudo-1.9.17p2/conftest.c:99: undefined reference to `shl_load'
collect2: error: ld returned 1 exit status
configure:16774: $? = 1
configure: failed program was:
| /* confdefs.h */
| #define PACKAGE_NAME "sudo"
| #define PACKAGE_TARNAME "sudo"
| #define PACKAGE_VERSION "1.9.17p2"
| #define PACKAGE_STRING "sudo 1.9.17p2"
| #define PACKAGE_BUGREPORT "https://bugzilla.sudo.ws/"
| #define PACKAGE_URL ""
| #define HAVE_STDIO_H 1
| #define HAVE_STDLIB_H 1
| #define HAVE_STRING_H 1
| #define HAVE_INTTYPES_H 1
| #define HAVE_STDINT_H 1
| #define HAVE_STRINGS_H 1
| #define HAVE_SYS_STAT_H 1
| #define HAVE_SYS_TYPES_H 1
| #define HAVE_UNISTD_H 1
| #define HAVE_WCHAR_H 1
| #define HAVE_PATHS_H 1
| #define HAVE_SPAWN_H 1
| #define HAVE_WORDEXP_H 1
| #define HAVE_SYS_SELECT_H 1
| #define HAVE_SYS_SYSMACROS_H 1
| #define HAVE_SYS_STATVFS_H 1
| #define STDC_HEADERS 1
| #define _ALL_SOURCE 1
| #define _DARWIN_C_SOURCE 1
| #define _GNU_SOURCE 1
| #define _HPUX_ALT_XOPEN_SOCKET_API 1
| #define _NETBSD_SOURCE 1
| #define _OPENBSD_SOURCE 1
| #define _POSIX_PTHREAD_SEMANTICS 1
| #define __STDC_WANT_IEC_60559_ATTRIBS_EXT__ 1
| #define __STDC_WANT_IEC_60559_BFP_EXT__ 1
| #define __STDC_WANT_IEC_60559_DFP_EXT__ 1
| #define __STDC_WANT_IEC_60559_EXT__ 1
| #define __STDC_WANT_IEC_60559_FUNCS_EXT__ 1
| #define __STDC_WANT_IEC_60559_TYPES_EXT__ 1
| #define __STDC_WANT_LIB_EXT2__ 1
| #define __STDC_WANT_MATH_SPEC_FUNCS__ 1
| #define _TANDEM_SOURCE 1
| #define __EXTENSIONS__ 1
| #define _PATH_SSSD_CONF "/etc/sssd/sssd.conf"
| #define _PATH_SSSD_LIB ""LIBDIR""
| #define LOGGING SLOG_SYSLOG
| #define PRI_SUCCESS "notice"
| #define PRI_FAILURE "alert"
| #define MAXLOGFILELEN 80
| #define SEND_MAIL_WHEN_NO_USER 1
| #define MAILTO "root"
| #define MAILSUBJECT "*** SECURITY information for %h ***"
| #define PASSPROMPT "Password: "
| #define INCORRECT_PASSWORD "Sorry, try again."
| #define SUDO_UMASK 0022
| #define RUNAS_DEFAULT "root"
| #define EDITOR _PATH_VI
| #define ENV_EDITOR 1
| #define TRIES_FOR_PASSWORD 3
| #define TIMEOUT 5
| #define PASSWORD_TIMEOUT 5
| #define CLASSIC_INSULTS 1
| #define CSOPS_INSULTS 1
| #define _PATH_LDAP_CONF "/etc/ldap.conf"
| #define _PATH_LDAP_SECRET "/etc/ldap.secret"
| #define _PATH_SUDO_ASKPASS NULL
| #define ENV_RESET 1
| #define _PATH_SUDO_DEVSEARCH _PATH_DEV "pts:" _PATH_DEV "vt:" _PATH_DEV "term:" _PATH_DEV "zcons:" _PATH_DEV "pty:" _PATH_DEV "" 
| #define TIMESTAMP_TYPE tty
| #define SUDOERS_LOG_CLIENT 1
| #define HAVE_DLFCN_H 1
| #define LT_OBJDIR ".libs/"
| /* end confdefs.h.  */
| /* Define shl_load to an innocuous variant, in case <limits.h> declares shl_load.
|    For example, HP-UX 11i <limits.h> declares gettimeofday.  */
| #define shl_load innocuous_shl_load
| 
| /* System header to define __stub macros and hopefully few prototypes,
|    which can conflict with char shl_load (void); below.  */
| 
| #include <limits.h>
| #undef shl_load
| 
| /* Override any GCC internal prototype to avoid an error.
|    Use char because int might match the return type of a GCC
|    builtin and then its argument prototype would still apply.  */
| #ifdef __cplusplus
| extern "C"
| #endif
| char shl_load (void);
| /* The GNU C library defines this for functions which it implements
|     to always fail with ENOSYS.  Some functions are actually named
|     something starting with __ and the normal name is an alias.  */
| #if defined __stub_shl_load || defined __stub___shl_load
| choke me
| #endif
| 
| int
| main (void)
| {
| return shl_load ();
|   ;
|   return 0;
| }
configure:16774: result: no
configure:16779: checking for shl_load in -ldld
configure:16808: gcc -o conftest -g -O2 -DZLIB_CONST  conftest.c -ldld   >&5
/usr/bin/ld: cannot find -ldld: No such file or directory
collect2: error: ld returned 1 exit status
configure:16808: $? = 1
configure: failed program was:
| /* confdefs.h */
| #define PACKAGE_NAME "sudo"
| #define PACKAGE_TARNAME "sudo"
| #define PACKAGE_VERSION "1.9.17p2"
| #define PACKAGE_STRING "sudo 1.9.17p2"
| #define PACKAGE_BUGREPORT "https://bugzilla.sudo.ws/"
| #define PACKAGE_URL ""
| #define HAVE_STDIO_H 1
| #define HAVE_STDLIB_H 1
| #define HAVE_STRING_H 1
| #define HAVE_INTTYPES_H 1
| #define HAVE_STDINT_H 1
| #define HAVE_STRINGS_H 1
| #define HAVE_SYS_STAT_H 1
| #define HAVE_SYS_TYPES_H 1
| #define HAVE_UNISTD_H 1
| #define HAVE_WCHAR_H 1
| #define HAVE_PATHS_H 1
| #define HAVE_SPAWN_H 1
| #define HAVE_WORDEXP_H 1
| #define HAVE_SYS_SELECT_H 1
| #define HAVE_SYS_SYSMACROS_H 1
| #define HAVE_SYS_STATVFS_H 1
| #define STDC_HEADERS 1
| #define _ALL_SOURCE 1
| #define _DARWIN_C_SOURCE 1
| #define _GNU_SOURCE 1
| #define _HPUX_ALT_XOPEN_SOCKET_API 1
| #define _NETBSD_SOURCE 1
| #define _OPENBSD_SOURCE 1
| #define _POSIX_PTHREAD_SEMANTICS 1
| #define __STDC_WANT_IEC_60559_ATTRIBS_EXT__ 1
| #define __STDC_WANT_IEC_60559_BFP_EXT__ 1
| #define __STDC_WANT_IEC_60559_DFP_EXT__ 1
| #define __STDC_WANT_IEC_60559_EXT__ 1
| #define __STDC_WANT_IEC_60559_FUNCS_EXT__ 1
| #define __STDC_WANT_IEC_60559_TYPES_EXT__ 1
| #define __STDC_WANT_LIB_EXT2__ 1
| #define __STDC_WANT_MATH_SPEC_FUNCS__ 1
| #define _TANDEM_SOURCE 1
| #define __EXTENSIONS__ 1
| #define _PATH_SSSD_CONF "/etc/sssd/sssd.conf"
| #define _PATH_SSSD_LIB ""LIBDIR""
| #define LOGGING SLOG_SYSLOG
| #define PRI_SUCCESS "notice"
| #define PRI_FAILURE "alert"
| #define MAXLOGFILELEN 80
| #define SEND_MAIL_WHEN_NO_USER 1
| #define MAILTO "root"
| #define MAILSUBJECT "*** SECURITY information for %h ***"
| #define PASSPROMPT "Password: "
| #define INCORRECT_PASSWORD "Sorry, try again."
| #define SUDO_UMASK 0022
| #define RUNAS_DEFAULT "root"
| #define EDITOR _PATH_VI
| #define ENV_EDITOR 1
| #define TRIES_FOR_PASSWORD 3
| #define TIMEOUT 5
| #define PASSWORD_TIMEOUT 5
| #define CLASSIC_INSULTS 1
| #define CSOPS_INSULTS 1
| #define _PATH_LDAP_CONF "/etc/ldap.conf"
| #define _PATH_LDAP_SECRET "/etc/ldap.secret"
| #define _PATH_SUDO_ASKPASS NULL
| #define ENV_RESET 1
| #define _PATH_SUDO_DEVSEARCH _PATH_DEV "pts:" _PATH_DEV "vt:" _PATH_DEV "term:" _PATH_DEV "zcons:" _PATH_DEV "pty:" _PATH_DEV "" 
| #define TIMESTAMP_TYPE tty
| #define SUDOERS_LOG_CLIENT 1
| #define HAVE_DLFCN_H 1
| #define LT_OBJDIR ".libs/"
| /* end confdefs.h.  */
| 
| /* Override any GCC internal prototype to avoid an error.
|    Use char because int might match the return type of a GCC
|    builtin and then its argument prototype would still apply.
|    The 'extern "C"' is for builds by C++ compilers;
|    although this is not generally supported in C code supporting it here
|    has little cost and some practical benefit (sr 110532).  */
| #ifdef __cplusplus
| extern "C"
| #endif
| char shl_load (void);
| int
| main (void)
| {
| return shl_load ();
|   ;
|   return 0;
| }
configure:16820: result: no
configure:16826: checking for dlopen
configure:16826: gcc -o conftest -g -O2 -DZLIB_CONST  conftest.c  >&5
configure:16826: $? = 0
configure:16826: result: yes
configure:17013: checking whether a program can dlopen itself
configure:17094: gcc -o conftest -g -O2 -DZLIB_CONST -DHAVE_DLFCN_H  -Wl,--export-dynamic conftest.c   >&5
configure:17097: $? = 0
configure:17116: result: yes
configure:17121: checking whether a statically linked program can dlopen itself
configure:17202: gcc -o conftest -g -O2 -DZLIB_CONST -DHAVE_DLFCN_H  -Wl,--export-dynamic -static conftest.c   >&5
/usr/bin/ld: /tmp/cceA1HDK.o: in function `main':
/root/xuanix/xuanix_X86_64/sudo-1.9.17p2/configure:17181: warning: Using 'dlopen' in statically linked applications requires at runtime the shared libraries from the glibc version used for linking
configure:17205: $? = 0
conftest: undefined symbol: _fnord
configure:17224: result: no
configure:17263: checking whether stripping libraries is possible
configure:17272: result: yes
configure:17314: checking if libtool supports shared libraries
configure:17316: result: yes
configure:17319: checking whether to build shared libraries
configure:17344: result: yes
configure:17347: checking whether to build static libraries
configure:17351: result: yes
configure:17477: checking for sha1sum
configure:17500: found /usr/bin/sha1sum
configure:17514: result: /usr/bin/sha1sum
configure:17524: checking for uname
configure:17547: found /usr/bin/uname
configure:17561: result: /usr/bin/uname
configure:17571: checking for tr
configure:17594: found /usr/bin/tr
configure:17608: result: /usr/bin/tr
configure:17618: checking for groff
configure:17641: found /usr/bin/groff
configure:17655: result: /usr/bin/groff
configure:17665: checking for mandoc
configure:17702: result: mandoc
configure:17719: checking for nroff
configure:17742: found /usr/bin/nroff
configure:17756: result: /usr/bin/nroff
configure:17770: checking which macro set to use for manual pages
configure:17799: result: mdoc
configure:18500: checking whether SECCOMP_MODE_FILTER is declared
configure:18500: gcc -c -g -O2  -DZLIB_CONST conftest.c >&5
configure:18500: $? = 0
configure:18500: result: yes
configure:18518: checking for linux/random.h
configure:18518: gcc -c -g -O2 -DZLIB_CONST conftest.c >&5
configure:18518: $? = 0
configure:18518: result: yes
configure:18524: checking for sys/syscall.h
configure:18524: gcc -c -g -O2 -DZLIB_CONST conftest.c >&5
configure:18524: $? = 0
configure:18524: result: yes
configure:18553: checking for process_vm_readv
configure:18553: gcc -o conftest -g -O2 -DZLIB_CONST  conftest.c  >&5
configure:18553: $? = 0
configure:18553: result: yes
configure:19190: checking for an ANSI C-conforming const
configure:19257: gcc -c -g -O2 -DZLIB_CONST conftest.c >&5
configure:19257: $? = 0
configure:19267: result: yes
configure:19275: checking for C/C++ restrict keyword
configure:19305: gcc -c -g -O2 -DZLIB_CONST conftest.c >&5
configure:19305: $? = 0
configure:19315: result: __restrict__
configure:19326: checking for inline
configure:19343: gcc -c -g -O2 -DZLIB_CONST conftest.c >&5
configure:19343: $? = 0
configure:19353: result: inline
configure:19371: checking for working volatile
configure:19391: gcc -c -g -O2 -DZLIB_CONST conftest.c >&5
configure:19391: $? = 0
configure:19401: result: yes
configure:19409: checking for variadic macro support in cpp
configure:19447: result: yes
configure:19468: checking for gawk
configure:19501: result: mawk
configure:19516: checking for bison
configure:19537: found /usr/bin/bison
configure:19549: result: bison -y
configure:19563: checking for flex
configure:19586: found /usr/bin/flex
configure:19600: result: /usr/bin/flex
configure:19611: checking for mv
configure:19634: found /usr/bin/mv
configure:19647: result: /usr/bin/mv
configure:19663: checking for sh
configure:19686: found /usr/bin/sh
configure:19700: result: /usr/bin/sh
configure:19719: checking for sendmail
configure:19758: result: no
configure:19774: checking for vi
configure:19797: found /usr/bin/vi
configure:19810: result: /usr/bin/vi
configure:19832: checking whether LOG_AUTHPRIV is declared
configure:19832: gcc -c -g -O2  -DZLIB_CONST conftest.c >&5
configure:19832: $? = 0
configure:19832: result: yes
configure:19846: checking for dirent.h that defines DIR
configure:19866: gcc -c -g -O2 -DZLIB_CONST conftest.c >&5
configure:19866: $? = 0
configure:19877: result: yes
configure:19891: checking for library containing opendir
configure:19927: gcc -o conftest -g -O2 -DZLIB_CONST  conftest.c  >&5
configure:19927: $? = 0
configure:19949: result: none required
configure:20028: checking for _Bool
configure:20028: gcc -c -g -O2 -DZLIB_CONST conftest.c >&5
configure:20028: $? = 0
configure:20028: gcc -c -g -O2 -DZLIB_CONST conftest.c >&5
conftest.c: In function 'main':
conftest.c:115:20: error: expected expression before ')' token
  115 | if (sizeof ((_Bool)))
      |                    ^
configure:20028: $? = 1
configure: failed program was:
| /* confdefs.h */
| #define PACKAGE_NAME "sudo"
| #define PACKAGE_TARNAME "sudo"
| #define PACKAGE_VERSION "1.9.17p2"
| #define PACKAGE_STRING "sudo 1.9.17p2"
| #define PACKAGE_BUGREPORT "https://bugzilla.sudo.ws/"
| #define PACKAGE_URL ""
| #define HAVE_STDIO_H 1
| #define HAVE_STDLIB_H 1
| #define HAVE_STRING_H 1
| #define HAVE_INTTYPES_H 1
| #define HAVE_STDINT_H 1
| #define HAVE_STRINGS_H 1
| #define HAVE_SYS_STAT_H 1
| #define HAVE_SYS_TYPES_H 1
| #define HAVE_UNISTD_H 1
| #define HAVE_WCHAR_H 1
| #define HAVE_PATHS_H 1
| #define HAVE_SPAWN_H 1
| #define HAVE_WORDEXP_H 1
| #define HAVE_SYS_SELECT_H 1
| #define HAVE_SYS_SYSMACROS_H 1
| #define HAVE_SYS_STATVFS_H 1
| #define STDC_HEADERS 1
| #define _ALL_SOURCE 1
| #define _DARWIN_C_SOURCE 1
| #define _GNU_SOURCE 1
| #define _HPUX_ALT_XOPEN_SOCKET_API 1
| #define _NETBSD_SOURCE 1
| #define _OPENBSD_SOURCE 1
| #define _POSIX_PTHREAD_SEMANTICS 1
| #define __STDC_WANT_IEC_60559_ATTRIBS_EXT__ 1
| #define __STDC_WANT_IEC_60559_BFP_EXT__ 1
| #define __STDC_WANT_IEC_60559_DFP_EXT__ 1
| #define __STDC_WANT_IEC_60559_EXT__ 1
| #define __STDC_WANT_IEC_60559_FUNCS_EXT__ 1
| #define __STDC_WANT_IEC_60559_TYPES_EXT__ 1
| #define __STDC_WANT_LIB_EXT2__ 1
| #define __STDC_WANT_MATH_SPEC_FUNCS__ 1
| #define _TANDEM_SOURCE 1
| #define __EXTENSIONS__ 1
| #define _PATH_SSSD_CONF "/etc/sssd/sssd.conf"
| #define _PATH_SSSD_LIB ""LIBDIR""
| #define LOGGING SLOG_SYSLOG
| #define PRI_SUCCESS "notice"
| #define PRI_FAILURE "alert"
| #define MAXLOGFILELEN 80
| #define SEND_MAIL_WHEN_NO_USER 1
| #define MAILTO "root"
| #define MAILSUBJECT "*** SECURITY information for %h ***"
| #define PASSPROMPT "Password: "
| #define INCORRECT_PASSWORD "Sorry, try again."
| #define SUDO_UMASK 0022
| #define RUNAS_DEFAULT "root"
| #define EDITOR _PATH_VI
| #define ENV_EDITOR 1
| #define TRIES_FOR_PASSWORD 3
| #define TIMEOUT 5
| #define PASSWORD_TIMEOUT 5
| #define CLASSIC_INSULTS 1
| #define CSOPS_INSULTS 1
| #define _PATH_LDAP_CONF "/etc/ldap.conf"
| #define _PATH_LDAP_SECRET "/etc/ldap.secret"
| #define _PATH_SUDO_ASKPASS NULL
| #define ENV_RESET 1
| #define _PATH_SUDO_DEVSEARCH _PATH_DEV "pts:" _PATH_DEV "vt:" _PATH_DEV "term:" _PATH_DEV "zcons:" _PATH_DEV "pty:" _PATH_DEV "" 
| #define TIMESTAMP_TYPE tty
| #define SUDOERS_LOG_CLIENT 1
| #define HAVE_DLFCN_H 1
| #define LT_OBJDIR ".libs/"
| #define _PATH_SUDOERS_PLUGIN "sudoers.so"
| #define CONFIGURE_ARGS "--without-pam --with-vardir=/var/db/sudo --with-logpath=/var/log/sudo.log"
| #define HAVE_DECL_SECCOMP_MODE_FILTER 1
| #define HAVE_LINUX_RANDOM_H 1
| #define HAVE_SYS_SYSCALL_H 1
| #define HAVE_PROCESS_VM_READV 1
| #define restrict __restrict__
| #define _PATH_MV "/usr/bin/mv"
| #define _PATH_BSHELL "/usr/bin/sh"
| #define _PATH_VI "/usr/bin/vi"
| #define LOGFAC "authpriv"
| #define HAVE_DIRENT_H 1
| /* end confdefs.h.  */
| #include <stddef.h>
| #ifdef HAVE_STDIO_H
| # include <stdio.h>
| #endif
| #ifdef HAVE_STDLIB_H
| # include <stdlib.h>
| #endif
| #ifdef HAVE_STRING_H
| # include <string.h>
| #endif
| #ifdef HAVE_INTTYPES_H
| # include <inttypes.h>
| #endif
| #ifdef HAVE_STDINT_H
| # include <stdint.h>
| #endif
| #ifdef HAVE_STRINGS_H
| # include <strings.h>
| #endif
| #ifdef HAVE_SYS_TYPES_H
| # include <sys/types.h>
| #endif
| #ifdef HAVE_SYS_STAT_H
| # include <sys/stat.h>
| #endif
| #ifdef HAVE_UNISTD_H
| # include <unistd.h>
| #endif
| int
| main (void)
| {
| if (sizeof ((_Bool)))
| 	    return 0;
|   ;
|   return 0;
| }
configure:20028: result: yes
configure:20037: checking for stdbool.h that conforms to C99 or later
configure:20112: gcc -c -g -O2 -DZLIB_CONST conftest.c >&5
configure:20112: $? = 0
configure:20122: result: yes
configure:20132: checking for sys/mkdev.h
configure:20132: gcc -c -g -O2 -DZLIB_CONST conftest.c >&5
conftest.c:114:10: fatal error: sys/mkdev.h: No such file or directory
  114 | #include <sys/mkdev.h>
      |          ^~~~~~~~~~~~~
compilation terminated.
configure:20132: $? = 1
configure: failed program was:
| /* confdefs.h */
| #define PACKAGE_NAME "sudo"
| #define PACKAGE_TARNAME "sudo"
| #define PACKAGE_VERSION "1.9.17p2"
| #define PACKAGE_STRING "sudo 1.9.17p2"
| #define PACKAGE_BUGREPORT "https://bugzilla.sudo.ws/"
| #define PACKAGE_URL ""
| #define HAVE_STDIO_H 1
| #define HAVE_STDLIB_H 1
| #define HAVE_STRING_H 1
| #define HAVE_INTTYPES_H 1
| #define HAVE_STDINT_H 1
| #define HAVE_STRINGS_H 1
| #define HAVE_SYS_STAT_H 1
| #define HAVE_SYS_TYPES_H 1
| #define HAVE_UNISTD_H 1
| #define HAVE_WCHAR_H 1
| #define HAVE_PATHS_H 1
| #define HAVE_SPAWN_H 1
| #define HAVE_WORDEXP_H 1
| #define HAVE_SYS_SELECT_H 1
| #define HAVE_SYS_SYSMACROS_H 1
| #define HAVE_SYS_STATVFS_H 1
| #define STDC_HEADERS 1
| #define _ALL_SOURCE 1
| #define _DARWIN_C_SOURCE 1
| #define _GNU_SOURCE 1
| #define _HPUX_ALT_XOPEN_SOCKET_API 1
| #define _NETBSD_SOURCE 1
| #define _OPENBSD_SOURCE 1
| #define _POSIX_PTHREAD_SEMANTICS 1
| #define __STDC_WANT_IEC_60559_ATTRIBS_EXT__ 1
| #define __STDC_WANT_IEC_60559_BFP_EXT__ 1
| #define __STDC_WANT_IEC_60559_DFP_EXT__ 1
| #define __STDC_WANT_IEC_60559_EXT__ 1
| #define __STDC_WANT_IEC_60559_FUNCS_EXT__ 1
| #define __STDC_WANT_IEC_60559_TYPES_EXT__ 1
| #define __STDC_WANT_LIB_EXT2__ 1
| #define __STDC_WANT_MATH_SPEC_FUNCS__ 1
| #define _TANDEM_SOURCE 1
| #define __EXTENSIONS__ 1
| #define _PATH_SSSD_CONF "/etc/sssd/sssd.conf"
| #define _PATH_SSSD_LIB ""LIBDIR""
| #define LOGGING SLOG_SYSLOG
| #define PRI_SUCCESS "notice"
| #define PRI_FAILURE "alert"
| #define MAXLOGFILELEN 80
| #define SEND_MAIL_WHEN_NO_USER 1
| #define MAILTO "root"
| #define MAILSUBJECT "*** SECURITY information for %h ***"
| #define PASSPROMPT "Password: "
| #define INCORRECT_PASSWORD "Sorry, try again."
| #define SUDO_UMASK 0022
| #define RUNAS_DEFAULT "root"
| #define EDITOR _PATH_VI
| #define ENV_EDITOR 1
| #define TRIES_FOR_PASSWORD 3
| #define TIMEOUT 5
| #define PASSWORD_TIMEOUT 5
| #define CLASSIC_INSULTS 1
| #define CSOPS_INSULTS 1
| #define _PATH_LDAP_CONF "/etc/ldap.conf"
| #define _PATH_LDAP_SECRET "/etc/ldap.secret"
| #define _PATH_SUDO_ASKPASS NULL
| #define ENV_RESET 1
| #define _PATH_SUDO_DEVSEARCH _PATH_DEV "pts:" _PATH_DEV "vt:" _PATH_DEV "term:" _PATH_DEV "zcons:" _PATH_DEV "pty:" _PATH_DEV "" 
| #define TIMESTAMP_TYPE tty
| #define SUDOERS_LOG_CLIENT 1
| #define HAVE_DLFCN_H 1
| #define LT_OBJDIR ".libs/"
| #define _PATH_SUDOERS_PLUGIN "sudoers.so"
| #define CONFIGURE_ARGS "--without-pam --with-vardir=/var/db/sudo --with-logpath=/var/log/sudo.log"
| #define HAVE_DECL_SECCOMP_MODE_FILTER 1
| #define HAVE_LINUX_RANDOM_H 1
| #define HAVE_SYS_SYSCALL_H 1
| #define HAVE_PROCESS_VM_READV 1
| #define restrict __restrict__
| #define _PATH_MV "/usr/bin/mv"
| #define _PATH_BSHELL "/usr/bin/sh"
| #define _PATH_VI "/usr/bin/vi"
| #define LOGFAC "authpriv"
| #define HAVE_DIRENT_H 1
| #define HAVE__BOOL 1
| #define HAVE_STDBOOL_H 1
| /* end confdefs.h.  */
| #include <stddef.h>
| #ifdef HAVE_STDIO_H
| # include <stdio.h>
| #endif
| #ifdef HAVE_STDLIB_H
| # include <stdlib.h>
| #endif
| #ifdef HAVE_STRING_H
| # include <string.h>
| #endif
| #ifdef HAVE_INTTYPES_H
| # include <inttypes.h>
| #endif
| #ifdef HAVE_STDINT_H
| # include <stdint.h>
| #endif
| #ifdef HAVE_STRINGS_H
| # include <strings.h>
| #endif
| #ifdef HAVE_SYS_TYPES_H
| # include <sys/types.h>
| #endif
| #ifdef HAVE_SYS_STAT_H
| # include <sys/stat.h>
| #endif
| #ifdef HAVE_UNISTD_H
| # include <unistd.h>
| #endif
| #include <sys/mkdev.h>
configure:20132: result: no
configure:20141: checking for sys/sysmacros.h
configure:20141: result: yes
configure:20165: checking for utmpx.h
configure:20165: gcc -c -g -O2 -DZLIB_CONST conftest.c >&5
configure:20165: $? = 0
configure:20165: result: yes
configure:20177: checking for endian.h
configure:20177: gcc -c -g -O2 -DZLIB_CONST conftest.c >&5
configure:20177: $? = 0
configure:20177: result: yes
configure:20190: checking for procfs.h
configure:20190: gcc -c -g -O2 -DZLIB_CONST conftest.c >&5
conftest.c:117:10: fatal error: procfs.h: No such file or directory
  117 | #include <procfs.h>
      |          ^~~~~~~~~~
compilation terminated.
configure:20190: $? = 1
configure: failed program was:
| /* confdefs.h */
| #define PACKAGE_NAME "sudo"
| #define PACKAGE_TARNAME "sudo"
| #define PACKAGE_VERSION "1.9.17p2"
| #define PACKAGE_STRING "sudo 1.9.17p2"
| #define PACKAGE_BUGREPORT "https://bugzilla.sudo.ws/"
| #define PACKAGE_URL ""
| #define HAVE_STDIO_H 1
| #define HAVE_STDLIB_H 1
| #define HAVE_STRING_H 1
| #define HAVE_INTTYPES_H 1
| #define HAVE_STDINT_H 1
| #define HAVE_STRINGS_H 1
| #define HAVE_SYS_STAT_H 1
| #define HAVE_SYS_TYPES_H 1
| #define HAVE_UNISTD_H 1
| #define HAVE_WCHAR_H 1
| #define HAVE_PATHS_H 1
| #define HAVE_SPAWN_H 1
| #define HAVE_WORDEXP_H 1
| #define HAVE_SYS_SELECT_H 1
| #define HAVE_SYS_SYSMACROS_H 1
| #define HAVE_SYS_STATVFS_H 1
| #define STDC_HEADERS 1
| #define _ALL_SOURCE 1
| #define _DARWIN_C_SOURCE 1
| #define _GNU_SOURCE 1
| #define _HPUX_ALT_XOPEN_SOCKET_API 1
| #define _NETBSD_SOURCE 1
| #define _OPENBSD_SOURCE 1
| #define _POSIX_PTHREAD_SEMANTICS 1
| #define __STDC_WANT_IEC_60559_ATTRIBS_EXT__ 1
| #define __STDC_WANT_IEC_60559_BFP_EXT__ 1
| #define __STDC_WANT_IEC_60559_DFP_EXT__ 1
| #define __STDC_WANT_IEC_60559_EXT__ 1
| #define __STDC_WANT_IEC_60559_FUNCS_EXT__ 1
| #define __STDC_WANT_IEC_60559_TYPES_EXT__ 1
| #define __STDC_WANT_LIB_EXT2__ 1
| #define __STDC_WANT_MATH_SPEC_FUNCS__ 1
| #define _TANDEM_SOURCE 1
| #define __EXTENSIONS__ 1
| #define _PATH_SSSD_CONF "/etc/sssd/sssd.conf"
| #define _PATH_SSSD_LIB ""LIBDIR""
| #define LOGGING SLOG_SYSLOG
| #define PRI_SUCCESS "notice"
| #define PRI_FAILURE "alert"
| #define MAXLOGFILELEN 80
| #define SEND_MAIL_WHEN_NO_USER 1
| #define MAILTO "root"
| #define MAILSUBJECT "*** SECURITY information for %h ***"
| #define PASSPROMPT "Password: "
| #define INCORRECT_PASSWORD "Sorry, try again."
| #define SUDO_UMASK 0022
| #define RUNAS_DEFAULT "root"
| #define EDITOR _PATH_VI
| #define ENV_EDITOR 1
| #define TRIES_FOR_PASSWORD 3
| #define TIMEOUT 5
| #define PASSWORD_TIMEOUT 5
| #define CLASSIC_INSULTS 1
| #define CSOPS_INSULTS 1
| #define _PATH_LDAP_CONF "/etc/ldap.conf"
| #define _PATH_LDAP_SECRET "/etc/ldap.secret"
| #define _PATH_SUDO_ASKPASS NULL
| #define ENV_RESET 1
| #define _PATH_SUDO_DEVSEARCH _PATH_DEV "pts:" _PATH_DEV "vt:" _PATH_DEV "term:" _PATH_DEV "zcons:" _PATH_DEV "pty:" _PATH_DEV "" 
| #define TIMESTAMP_TYPE tty
| #define SUDOERS_LOG_CLIENT 1
| #define HAVE_DLFCN_H 1
| #define LT_OBJDIR ".libs/"
| #define _PATH_SUDOERS_PLUGIN "sudoers.so"
| #define CONFIGURE_ARGS "--without-pam --with-vardir=/var/db/sudo --with-logpath=/var/log/sudo.log"
| #define HAVE_DECL_SECCOMP_MODE_FILTER 1
| #define HAVE_LINUX_RANDOM_H 1
| #define HAVE_SYS_SYSCALL_H 1
| #define HAVE_PROCESS_VM_READV 1
| #define restrict __restrict__
| #define _PATH_MV "/usr/bin/mv"
| #define _PATH_BSHELL "/usr/bin/sh"
| #define _PATH_VI "/usr/bin/vi"
| #define LOGFAC "authpriv"
| #define HAVE_DIRENT_H 1
| #define HAVE__BOOL 1
| #define HAVE_STDBOOL_H 1
| #define MAJOR_IN_SYSMACROS 1
| #define HAVE_UTMPX_H 1
| #define HAVE_ENDIAN_H 1
| /* end confdefs.h.  */
| #include <stddef.h>
| #ifdef HAVE_STDIO_H
| # include <stdio.h>
| #endif
| #ifdef HAVE_STDLIB_H
| # include <stdlib.h>
| #endif
| #ifdef HAVE_STRING_H
| # include <string.h>
| #endif
| #ifdef HAVE_INTTYPES_H
| # include <inttypes.h>
| #endif
| #ifdef HAVE_STDINT_H
| # include <stdint.h>
| #endif
| #ifdef HAVE_STRINGS_H
| # include <strings.h>
| #endif
| #ifdef HAVE_SYS_TYPES_H
| # include <sys/types.h>
| #endif
| #ifdef HAVE_SYS_STAT_H
| # include <sys/stat.h>
| #endif
| #ifdef HAVE_UNISTD_H
| # include <unistd.h>
| #endif
| #include <procfs.h>
configure:20190: result: no
configure:20190: checking for sys/procfs.h
configure:20190: gcc -c -g -O2 -DZLIB_CONST conftest.c >&5
configure:20190: $? = 0
configure:20190: result: yes
configure:20196: checking for struct psinfo.pr_ttydev
configure:20196: gcc -c -g -O2 -DZLIB_CONST conftest.c >&5
conftest.c: In function 'main':
conftest.c:129:22: error: storage size of 'ac_aggr' isn't known
  129 | static struct psinfo ac_aggr;
      |                      ^~~~~~~
configure:20196: $? = 1
configure: failed program was:
| /* confdefs.h */
| #define PACKAGE_NAME "sudo"
| #define PACKAGE_TARNAME "sudo"
| #define PACKAGE_VERSION "1.9.17p2"
| #define PACKAGE_STRING "sudo 1.9.17p2"
| #define PACKAGE_BUGREPORT "https://bugzilla.sudo.ws/"
| #define PACKAGE_URL ""
| #define HAVE_STDIO_H 1
| #define HAVE_STDLIB_H 1
| #define HAVE_STRING_H 1
| #define HAVE_INTTYPES_H 1
| #define HAVE_STDINT_H 1
| #define HAVE_STRINGS_H 1
| #define HAVE_SYS_STAT_H 1
| #define HAVE_SYS_TYPES_H 1
| #define HAVE_UNISTD_H 1
| #define HAVE_WCHAR_H 1
| #define HAVE_PATHS_H 1
| #define HAVE_SPAWN_H 1
| #define HAVE_WORDEXP_H 1
| #define HAVE_SYS_SELECT_H 1
| #define HAVE_SYS_SYSMACROS_H 1
| #define HAVE_SYS_STATVFS_H 1
| #define STDC_HEADERS 1
| #define _ALL_SOURCE 1
| #define _DARWIN_C_SOURCE 1
| #define _GNU_SOURCE 1
| #define _HPUX_ALT_XOPEN_SOCKET_API 1
| #define _NETBSD_SOURCE 1
| #define _OPENBSD_SOURCE 1
| #define _POSIX_PTHREAD_SEMANTICS 1
| #define __STDC_WANT_IEC_60559_ATTRIBS_EXT__ 1
| #define __STDC_WANT_IEC_60559_BFP_EXT__ 1
| #define __STDC_WANT_IEC_60559_DFP_EXT__ 1
| #define __STDC_WANT_IEC_60559_EXT__ 1
| #define __STDC_WANT_IEC_60559_FUNCS_EXT__ 1
| #define __STDC_WANT_IEC_60559_TYPES_EXT__ 1
| #define __STDC_WANT_LIB_EXT2__ 1
| #define __STDC_WANT_MATH_SPEC_FUNCS__ 1
| #define _TANDEM_SOURCE 1
| #define __EXTENSIONS__ 1
| #define _PATH_SSSD_CONF "/etc/sssd/sssd.conf"
| #define _PATH_SSSD_LIB ""LIBDIR""
| #define LOGGING SLOG_SYSLOG
| #define PRI_SUCCESS "notice"
| #define PRI_FAILURE "alert"
| #define MAXLOGFILELEN 80
| #define SEND_MAIL_WHEN_NO_USER 1
| #define MAILTO "root"
| #define MAILSUBJECT "*** SECURITY information for %h ***"
| #define PASSPROMPT "Password: "
| #define INCORRECT_PASSWORD "Sorry, try again."
| #define SUDO_UMASK 0022
| #define RUNAS_DEFAULT "root"
| #define EDITOR _PATH_VI
| #define ENV_EDITOR 1
| #define TRIES_FOR_PASSWORD 3
| #define TIMEOUT 5
| #define PASSWORD_TIMEOUT 5
| #define CLASSIC_INSULTS 1
| #define CSOPS_INSULTS 1
| #define _PATH_LDAP_CONF "/etc/ldap.conf"
| #define _PATH_LDAP_SECRET "/etc/ldap.secret"
| #define _PATH_SUDO_ASKPASS NULL
| #define ENV_RESET 1
| #define _PATH_SUDO_DEVSEARCH _PATH_DEV "pts:" _PATH_DEV "vt:" _PATH_DEV "term:" _PATH_DEV "zcons:" _PATH_DEV "pty:" _PATH_DEV "" 
| #define TIMESTAMP_TYPE tty
| #define SUDOERS_LOG_CLIENT 1
| #define HAVE_DLFCN_H 1
| #define LT_OBJDIR ".libs/"
| #define _PATH_SUDOERS_PLUGIN "sudoers.so"
| #define CONFIGURE_ARGS "--without-pam --with-vardir=/var/db/sudo --with-logpath=/var/log/sudo.log"
| #define HAVE_DECL_SECCOMP_MODE_FILTER 1
| #define HAVE_LINUX_RANDOM_H 1
| #define HAVE_SYS_SYSCALL_H 1
| #define HAVE_PROCESS_VM_READV 1
| #define restrict __restrict__
| #define _PATH_MV "/usr/bin/mv"
| #define _PATH_BSHELL "/usr/bin/sh"
| #define _PATH_VI "/usr/bin/vi"
| #define LOGFAC "authpriv"
| #define HAVE_DIRENT_H 1
| #define HAVE__BOOL 1
| #define HAVE_STDBOOL_H 1
| #define MAJOR_IN_SYSMACROS 1
| #define HAVE_UTMPX_H 1
| #define HAVE_ENDIAN_H 1
| #define HAVE_SYS_PROCFS_H 1
| /* end confdefs.h.  */
| #include <stddef.h>
| #ifdef HAVE_STDIO_H
| # include <stdio.h>
| #endif
| #ifdef HAVE_STDLIB_H
| # include <stdlib.h>
| #endif
| #ifdef HAVE_STRING_H
| # include <string.h>
| #endif
| #ifdef HAVE_INTTYPES_H
| # include <inttypes.h>
| #endif
| #ifdef HAVE_STDINT_H
| # include <stdint.h>
| #endif
| #ifdef HAVE_STRINGS_H
| # include <strings.h>
| #endif
| #ifdef HAVE_SYS_TYPES_H
| # include <sys/types.h>
| #endif
| #ifdef HAVE_SYS_STAT_H
| # include <sys/stat.h>
| #endif
| #ifdef HAVE_UNISTD_H
| # include <unistd.h>
| #endif
| #ifdef HAVE_PROCFS_H
| #include <procfs.h>
| #endif
| #ifdef HAVE_SYS_PROCFS_H
| #include <sys/procfs.h>
| #endif
| 
| 
| int
| main (void)
| {
| static struct psinfo ac_aggr;
| if (ac_aggr.pr_ttydev)
| return 0;
|   ;
|   return 0;
| }
configure:20196: gcc -c -g -O2 -DZLIB_CONST conftest.c >&5
conftest.c: In function 'main':
conftest.c:129:22: error: storage size of 'ac_aggr' isn't known
  129 | static struct psinfo ac_aggr;
      |                      ^~~~~~~
configure:20196: $? = 1
configure: failed program was:
| /* confdefs.h */
| #define PACKAGE_NAME "sudo"
| #define PACKAGE_TARNAME "sudo"
| #define PACKAGE_VERSION "1.9.17p2"
| #define PACKAGE_STRING "sudo 1.9.17p2"
| #define PACKAGE_BUGREPORT "https://bugzilla.sudo.ws/"
| #define PACKAGE_URL ""
| #define HAVE_STDIO_H 1
| #define HAVE_STDLIB_H 1
| #define HAVE_STRING_H 1
| #define HAVE_INTTYPES_H 1
| #define HAVE_STDINT_H 1
| #define HAVE_STRINGS_H 1
| #define HAVE_SYS_STAT_H 1
| #define HAVE_SYS_TYPES_H 1
| #define HAVE_UNISTD_H 1
| #define HAVE_WCHAR_H 1
| #define HAVE_PATHS_H 1
| #define HAVE_SPAWN_H 1
| #define HAVE_WORDEXP_H 1
| #define HAVE_SYS_SELECT_H 1
| #define HAVE_SYS_SYSMACROS_H 1
| #define HAVE_SYS_STATVFS_H 1
| #define STDC_HEADERS 1
| #define _ALL_SOURCE 1
| #define _DARWIN_C_SOURCE 1
| #define _GNU_SOURCE 1
| #define _HPUX_ALT_XOPEN_SOCKET_API 1
| #define _NETBSD_SOURCE 1
| #define _OPENBSD_SOURCE 1
| #define _POSIX_PTHREAD_SEMANTICS 1
| #define __STDC_WANT_IEC_60559_ATTRIBS_EXT__ 1
| #define __STDC_WANT_IEC_60559_BFP_EXT__ 1
| #define __STDC_WANT_IEC_60559_DFP_EXT__ 1
| #define __STDC_WANT_IEC_60559_EXT__ 1
| #define __STDC_WANT_IEC_60559_FUNCS_EXT__ 1
| #define __STDC_WANT_IEC_60559_TYPES_EXT__ 1
| #define __STDC_WANT_LIB_EXT2__ 1
| #define __STDC_WANT_MATH_SPEC_FUNCS__ 1
| #define _TANDEM_SOURCE 1
| #define __EXTENSIONS__ 1
| #define _PATH_SSSD_CONF "/etc/sssd/sssd.conf"
| #define _PATH_SSSD_LIB ""LIBDIR""
| #define LOGGING SLOG_SYSLOG
| #define PRI_SUCCESS "notice"
| #define PRI_FAILURE "alert"
| #define MAXLOGFILELEN 80
| #define SEND_MAIL_WHEN_NO_USER 1
| #define MAILTO "root"
| #define MAILSUBJECT "*** SECURITY information for %h ***"
| #define PASSPROMPT "Password: "
| #define INCORRECT_PASSWORD "Sorry, try again."
| #define SUDO_UMASK 0022
| #define RUNAS_DEFAULT "root"
| #define EDITOR _PATH_VI
| #define ENV_EDITOR 1
| #define TRIES_FOR_PASSWORD 3
| #define TIMEOUT 5
| #define PASSWORD_TIMEOUT 5
| #define CLASSIC_INSULTS 1
| #define CSOPS_INSULTS 1
| #define _PATH_LDAP_CONF "/etc/ldap.conf"
| #define _PATH_LDAP_SECRET "/etc/ldap.secret"
| #define _PATH_SUDO_ASKPASS NULL
| #define ENV_RESET 1
| #define _PATH_SUDO_DEVSEARCH _PATH_DEV "pts:" _PATH_DEV "vt:" _PATH_DEV "term:" _PATH_DEV "zcons:" _PATH_DEV "pty:" _PATH_DEV "" 
| #define TIMESTAMP_TYPE tty
| #define SUDOERS_LOG_CLIENT 1
| #define HAVE_DLFCN_H 1
| #define LT_OBJDIR ".libs/"
| #define _PATH_SUDOERS_PLUGIN "sudoers.so"
| #define CONFIGURE_ARGS "--without-pam --with-vardir=/var/db/sudo --with-logpath=/var/log/sudo.log"
| #define HAVE_DECL_SECCOMP_MODE_FILTER 1
| #define HAVE_LINUX_RANDOM_H 1
| #define HAVE_SYS_SYSCALL_H 1
| #define HAVE_PROCESS_VM_READV 1
| #define restrict __restrict__
| #define _PATH_MV "/usr/bin/mv"
| #define _PATH_BSHELL "/usr/bin/sh"
| #define _PATH_VI "/usr/bin/vi"
| #define LOGFAC "authpriv"
| #define HAVE_DIRENT_H 1
| #define HAVE__BOOL 1
| #define HAVE_STDBOOL_H 1
| #define MAJOR_IN_SYSMACROS 1
| #define HAVE_UTMPX_H 1
| #define HAVE_ENDIAN_H 1
| #define HAVE_SYS_PROCFS_H 1
| /* end confdefs.h.  */
| #include <stddef.h>
| #ifdef HAVE_STDIO_H
| # include <stdio.h>
| #endif
| #ifdef HAVE_STDLIB_H
| # include <stdlib.h>
| #endif
| #ifdef HAVE_STRING_H
| # include <string.h>
| #endif
| #ifdef HAVE_INTTYPES_H
| # include <inttypes.h>
| #endif
| #ifdef HAVE_STDINT_H
| # include <stdint.h>
| #endif
| #ifdef HAVE_STRINGS_H
| # include <strings.h>
| #endif
| #ifdef HAVE_SYS_TYPES_H
| # include <sys/types.h>
| #endif
| #ifdef HAVE_SYS_STAT_H
| # include <sys/stat.h>
| #endif
| #ifdef HAVE_UNISTD_H
| # include <unistd.h>
| #endif
| #ifdef HAVE_PROCFS_H
| #include <procfs.h>
| #endif
| #ifdef HAVE_SYS_PROCFS_H
| #include <sys/procfs.h>
| #endif
| 
| 
| int
| main (void)
| {
| static struct psinfo ac_aggr;
| if (sizeof ac_aggr.pr_ttydev)
| return 0;
|   ;
|   return 0;
| }
configure:20196: result: no
configure:20233: checking for gcc option to enable large file support
configure:20268: gcc -c -g -O2 -DZLIB_CONST conftest.c >&5
configure:20268: $? = 0
configure:20274: gcc -DFTYPE=ino_t -c -g -O2 -DZLIB_CONST conftest.c >&5
configure:20274: $? = 0
configure:20299: result: none needed
configure:20326: checking for gcc option for timestamps after 2038
configure:20358: gcc -c -g -O2 -DZLIB_CONST conftest.c >&5
configure:20358: $? = 0
configure:20370: result: none needed
configure:20485: checking the linker accepts -Wl,--no-undefined
configure:20509: gcc -o conftest -g -O2  -fPIC -DPIC -DZLIB_CONST   -fPIC -DPIC -shared -Wl,--no-undefined conftest.c  >&5
configure:20509: $? = 0
configure:20521: result: yes
configure:20540: : LDFLAGS="$LDFLAGS"
configure:20543: $? = 0
configure:20638: checking for the user mail spool directory
configure:20659: gcc -c -g -O2 -DZLIB_CONST conftest.c >&5
configure:20659: $? = 0
configure:20694: result: paths.h
configure:20886: checking for unsigned long long int
configure:20928: gcc -o conftest -g -O2 -DZLIB_CONST  -Wl,--no-undefined conftest.c  >&5
configure:20928: $? = 0
configure:20940: result: yes
configure:20950: checking for long long int
configure:20992: gcc -o conftest -g -O2 -DZLIB_CONST  -Wl,--no-undefined conftest.c  >&5
configure:20992: $? = 0
configure:20992: ./conftest
configure:20992: $? = 0
configure:21008: result: yes
configure:21141: checking for sig_atomic_t
configure:21141: gcc -c -g -O2 -DZLIB_CONST conftest.c >&5
configure:21141: $? = 0
configure:21141: gcc -c -g -O2 -DZLIB_CONST conftest.c >&5
conftest.c: In function 'main':
conftest.c:126:27: error: expected expression before ')' token
  126 | if (sizeof ((sig_atomic_t)))
      |                           ^
configure:21141: $? = 1
configure: failed program was:
| /* confdefs.h */
| #define PACKAGE_NAME "sudo"
| #define PACKAGE_TARNAME "sudo"
| #define PACKAGE_VERSION "1.9.17p2"
| #define PACKAGE_STRING "sudo 1.9.17p2"
| #define PACKAGE_BUGREPORT "https://bugzilla.sudo.ws/"
| #define PACKAGE_URL ""
| #define HAVE_STDIO_H 1
| #define HAVE_STDLIB_H 1
| #define HAVE_STRING_H 1
| #define HAVE_INTTYPES_H 1
| #define HAVE_STDINT_H 1
| #define HAVE_STRINGS_H 1
| #define HAVE_SYS_STAT_H 1
| #define HAVE_SYS_TYPES_H 1
| #define HAVE_UNISTD_H 1
| #define HAVE_WCHAR_H 1
| #define HAVE_PATHS_H 1
| #define HAVE_SPAWN_H 1
| #define HAVE_WORDEXP_H 1
| #define HAVE_SYS_SELECT_H 1
| #define HAVE_SYS_SYSMACROS_H 1
| #define HAVE_SYS_STATVFS_H 1
| #define STDC_HEADERS 1
| #define _ALL_SOURCE 1
| #define _DARWIN_C_SOURCE 1
| #define _GNU_SOURCE 1
| #define _HPUX_ALT_XOPEN_SOCKET_API 1
| #define _NETBSD_SOURCE 1
| #define _OPENBSD_SOURCE 1
| #define _POSIX_PTHREAD_SEMANTICS 1
| #define __STDC_WANT_IEC_60559_ATTRIBS_EXT__ 1
| #define __STDC_WANT_IEC_60559_BFP_EXT__ 1
| #define __STDC_WANT_IEC_60559_DFP_EXT__ 1
| #define __STDC_WANT_IEC_60559_EXT__ 1
| #define __STDC_WANT_IEC_60559_FUNCS_EXT__ 1
| #define __STDC_WANT_IEC_60559_TYPES_EXT__ 1
| #define __STDC_WANT_LIB_EXT2__ 1
| #define __STDC_WANT_MATH_SPEC_FUNCS__ 1
| #define _TANDEM_SOURCE 1
| #define __EXTENSIONS__ 1
| #define _PATH_SSSD_CONF "/etc/sssd/sssd.conf"
| #define _PATH_SSSD_LIB ""LIBDIR""
| #define LOGGING SLOG_SYSLOG
| #define PRI_SUCCESS "notice"
| #define PRI_FAILURE "alert"
| #define MAXLOGFILELEN 80
| #define SEND_MAIL_WHEN_NO_USER 1
| #define MAILTO "root"
| #define MAILSUBJECT "*** SECURITY information for %h ***"
| #define PASSPROMPT "Password: "
| #define INCORRECT_PASSWORD "Sorry, try again."
| #define SUDO_UMASK 0022
| #define RUNAS_DEFAULT "root"
| #define EDITOR _PATH_VI
| #define ENV_EDITOR 1
| #define TRIES_FOR_PASSWORD 3
| #define TIMEOUT 5
| #define PASSWORD_TIMEOUT 5
| #define CLASSIC_INSULTS 1
| #define CSOPS_INSULTS 1
| #define _PATH_LDAP_CONF "/etc/ldap.conf"
| #define _PATH_LDAP_SECRET "/etc/ldap.secret"
| #define _PATH_SUDO_ASKPASS NULL
| #define ENV_RESET 1
| #define _PATH_SUDO_DEVSEARCH _PATH_DEV "pts:" _PATH_DEV "vt:" _PATH_DEV "term:" _PATH_DEV "zcons:" _PATH_DEV "pty:" _PATH_DEV "" 
| #define TIMESTAMP_TYPE tty
| #define SUDOERS_LOG_CLIENT 1
| #define HAVE_DLFCN_H 1
| #define LT_OBJDIR ".libs/"
| #define _PATH_SUDOERS_PLUGIN "sudoers.so"
| #define CONFIGURE_ARGS "--without-pam --with-vardir=/var/db/sudo --with-logpath=/var/log/sudo.log"
| #define HAVE_DECL_SECCOMP_MODE_FILTER 1
| #define HAVE_LINUX_RANDOM_H 1
| #define HAVE_SYS_SYSCALL_H 1
| #define HAVE_PROCESS_VM_READV 1
| #define restrict __restrict__
| #define _PATH_MV "/usr/bin/mv"
| #define _PATH_BSHELL "/usr/bin/sh"
| #define _PATH_VI "/usr/bin/vi"
| #define LOGFAC "authpriv"
| #define HAVE_DIRENT_H 1
| #define HAVE__BOOL 1
| #define HAVE_STDBOOL_H 1
| #define MAJOR_IN_SYSMACROS 1
| #define HAVE_UTMPX_H 1
| #define HAVE_ENDIAN_H 1
| #define HAVE_SYS_PROCFS_H 1
| #define HAVE_UNSIGNED_LONG_LONG_INT 1
| #define HAVE_LONG_LONG_INT 1
| /* end confdefs.h.  */
| 
| #include <stddef.h>
| #ifdef HAVE_STDIO_H
| # include <stdio.h>
| #endif
| #ifdef HAVE_STDLIB_H
| # include <stdlib.h>
| #endif
| #ifdef HAVE_STRING_H
| # include <string.h>
| #endif
| #ifdef HAVE_INTTYPES_H
| # include <inttypes.h>
| #endif
| #ifdef HAVE_STDINT_H
| # include <stdint.h>
| #endif
| #ifdef HAVE_STRINGS_H
| # include <strings.h>
| #endif
| #ifdef HAVE_SYS_TYPES_H
| # include <sys/types.h>
| #endif
| #ifdef HAVE_SYS_STAT_H
| # include <sys/stat.h>
| #endif
| #ifdef HAVE_UNISTD_H
| # include <unistd.h>
| #endif
| #include <signal.h>
| 
| int
| main (void)
| {
| if (sizeof ((sig_atomic_t)))
| 	    return 0;
|   ;
|   return 0;
| }
configure:21141: result: yes
configure:21153: checking for struct in6_addr
configure:21153: gcc -c -g -O2 -DZLIB_CONST conftest.c >&5
configure:21153: $? = 0
configure:21153: gcc -c -g -O2 -DZLIB_CONST conftest.c >&5
conftest.c: In function 'main':
conftest.c:99:30: error: expected expression before ')' token
   99 | if (sizeof ((struct in6_addr)))
      |                              ^
configure:21153: $? = 1
configure: failed program was:
| /* confdefs.h */
| #define PACKAGE_NAME "sudo"
| #define PACKAGE_TARNAME "sudo"
| #define PACKAGE_VERSION "1.9.17p2"
| #define PACKAGE_STRING "sudo 1.9.17p2"
| #define PACKAGE_BUGREPORT "https://bugzilla.sudo.ws/"
| #define PACKAGE_URL ""
| #define HAVE_STDIO_H 1
| #define HAVE_STDLIB_H 1
| #define HAVE_STRING_H 1
| #define HAVE_INTTYPES_H 1
| #define HAVE_STDINT_H 1
| #define HAVE_STRINGS_H 1
| #define HAVE_SYS_STAT_H 1
| #define HAVE_SYS_TYPES_H 1
| #define HAVE_UNISTD_H 1
| #define HAVE_WCHAR_H 1
| #define HAVE_PATHS_H 1
| #define HAVE_SPAWN_H 1
| #define HAVE_WORDEXP_H 1
| #define HAVE_SYS_SELECT_H 1
| #define HAVE_SYS_SYSMACROS_H 1
| #define HAVE_SYS_STATVFS_H 1
| #define STDC_HEADERS 1
| #define _ALL_SOURCE 1
| #define _DARWIN_C_SOURCE 1
| #define _GNU_SOURCE 1
| #define _HPUX_ALT_XOPEN_SOCKET_API 1
| #define _NETBSD_SOURCE 1
| #define _OPENBSD_SOURCE 1
| #define _POSIX_PTHREAD_SEMANTICS 1
| #define __STDC_WANT_IEC_60559_ATTRIBS_EXT__ 1
| #define __STDC_WANT_IEC_60559_BFP_EXT__ 1
| #define __STDC_WANT_IEC_60559_DFP_EXT__ 1
| #define __STDC_WANT_IEC_60559_EXT__ 1
| #define __STDC_WANT_IEC_60559_FUNCS_EXT__ 1
| #define __STDC_WANT_IEC_60559_TYPES_EXT__ 1
| #define __STDC_WANT_LIB_EXT2__ 1
| #define __STDC_WANT_MATH_SPEC_FUNCS__ 1
| #define _TANDEM_SOURCE 1
| #define __EXTENSIONS__ 1
| #define _PATH_SSSD_CONF "/etc/sssd/sssd.conf"
| #define _PATH_SSSD_LIB ""LIBDIR""
| #define LOGGING SLOG_SYSLOG
| #define PRI_SUCCESS "notice"
| #define PRI_FAILURE "alert"
| #define MAXLOGFILELEN 80
| #define SEND_MAIL_WHEN_NO_USER 1
| #define MAILTO "root"
| #define MAILSUBJECT "*** SECURITY information for %h ***"
| #define PASSPROMPT "Password: "
| #define INCORRECT_PASSWORD "Sorry, try again."
| #define SUDO_UMASK 0022
| #define RUNAS_DEFAULT "root"
| #define EDITOR _PATH_VI
| #define ENV_EDITOR 1
| #define TRIES_FOR_PASSWORD 3
| #define TIMEOUT 5
| #define PASSWORD_TIMEOUT 5
| #define CLASSIC_INSULTS 1
| #define CSOPS_INSULTS 1
| #define _PATH_LDAP_CONF "/etc/ldap.conf"
| #define _PATH_LDAP_SECRET "/etc/ldap.secret"
| #define _PATH_SUDO_ASKPASS NULL
| #define ENV_RESET 1
| #define _PATH_SUDO_DEVSEARCH _PATH_DEV "pts:" _PATH_DEV "vt:" _PATH_DEV "term:" _PATH_DEV "zcons:" _PATH_DEV "pty:" _PATH_DEV "" 
| #define TIMESTAMP_TYPE tty
| #define SUDOERS_LOG_CLIENT 1
| #define HAVE_DLFCN_H 1
| #define LT_OBJDIR ".libs/"
| #define _PATH_SUDOERS_PLUGIN "sudoers.so"
| #define CONFIGURE_ARGS "--without-pam --with-vardir=/var/db/sudo --with-logpath=/var/log/sudo.log"
| #define HAVE_DECL_SECCOMP_MODE_FILTER 1
| #define HAVE_LINUX_RANDOM_H 1
| #define HAVE_SYS_SYSCALL_H 1
| #define HAVE_PROCESS_VM_READV 1
| #define restrict __restrict__
| #define _PATH_MV "/usr/bin/mv"
| #define _PATH_BSHELL "/usr/bin/sh"
| #define _PATH_VI "/usr/bin/vi"
| #define LOGFAC "authpriv"
| #define HAVE_DIRENT_H 1
| #define HAVE__BOOL 1
| #define HAVE_STDBOOL_H 1
| #define MAJOR_IN_SYSMACROS 1
| #define HAVE_UTMPX_H 1
| #define HAVE_ENDIAN_H 1
| #define HAVE_SYS_PROCFS_H 1
| #define HAVE_UNSIGNED_LONG_LONG_INT 1
| #define HAVE_LONG_LONG_INT 1
| #define HAVE_SIG_ATOMIC_T 1
| /* end confdefs.h.  */
| #include <sys/types.h>
| #include <netinet/in.h>
| 
| int
| main (void)
| {
| if (sizeof ((struct in6_addr)))
| 	    return 0;
|   ;
|   return 0;
| }
configure:21153: result: yes
configure:21164: checking for socklen_t
configure:21164: gcc -c -g -O2 -DZLIB_CONST conftest.c >&5
configure:21164: $? = 0
configure:21164: gcc -c -g -O2 -DZLIB_CONST conftest.c >&5
conftest.c: In function 'main':
conftest.c:128:24: error: expected expression before ')' token
  128 | if (sizeof ((socklen_t)))
      |                        ^
configure:21164: $? = 1
configure: failed program was:
| /* confdefs.h */
| #define PACKAGE_NAME "sudo"
| #define PACKAGE_TARNAME "sudo"
| #define PACKAGE_VERSION "1.9.17p2"
| #define PACKAGE_STRING "sudo 1.9.17p2"
| #define PACKAGE_BUGREPORT "https://bugzilla.sudo.ws/"
| #define PACKAGE_URL ""
| #define HAVE_STDIO_H 1
| #define HAVE_STDLIB_H 1
| #define HAVE_STRING_H 1
| #define HAVE_INTTYPES_H 1
| #define HAVE_STDINT_H 1
| #define HAVE_STRINGS_H 1
| #define HAVE_SYS_STAT_H 1
| #define HAVE_SYS_TYPES_H 1
| #define HAVE_UNISTD_H 1
| #define HAVE_WCHAR_H 1
| #define HAVE_PATHS_H 1
| #define HAVE_SPAWN_H 1
| #define HAVE_WORDEXP_H 1
| #define HAVE_SYS_SELECT_H 1
| #define HAVE_SYS_SYSMACROS_H 1
| #define HAVE_SYS_STATVFS_H 1
| #define STDC_HEADERS 1
| #define _ALL_SOURCE 1
| #define _DARWIN_C_SOURCE 1
| #define _GNU_SOURCE 1
| #define _HPUX_ALT_XOPEN_SOCKET_API 1
| #define _NETBSD_SOURCE 1
| #define _OPENBSD_SOURCE 1
| #define _POSIX_PTHREAD_SEMANTICS 1
| #define __STDC_WANT_IEC_60559_ATTRIBS_EXT__ 1
| #define __STDC_WANT_IEC_60559_BFP_EXT__ 1
| #define __STDC_WANT_IEC_60559_DFP_EXT__ 1
| #define __STDC_WANT_IEC_60559_EXT__ 1
| #define __STDC_WANT_IEC_60559_FUNCS_EXT__ 1
| #define __STDC_WANT_IEC_60559_TYPES_EXT__ 1
| #define __STDC_WANT_LIB_EXT2__ 1
| #define __STDC_WANT_MATH_SPEC_FUNCS__ 1
| #define _TANDEM_SOURCE 1
| #define __EXTENSIONS__ 1
| #define _PATH_SSSD_CONF "/etc/sssd/sssd.conf"
| #define _PATH_SSSD_LIB ""LIBDIR""
| #define LOGGING SLOG_SYSLOG
| #define PRI_SUCCESS "notice"
| #define PRI_FAILURE "alert"
| #define MAXLOGFILELEN 80
| #define SEND_MAIL_WHEN_NO_USER 1
| #define MAILTO "root"
| #define MAILSUBJECT "*** SECURITY information for %h ***"
| #define PASSPROMPT "Password: "
| #define INCORRECT_PASSWORD "Sorry, try again."
| #define SUDO_UMASK 0022
| #define RUNAS_DEFAULT "root"
| #define EDITOR _PATH_VI
| #define ENV_EDITOR 1
| #define TRIES_FOR_PASSWORD 3
| #define TIMEOUT 5
| #define PASSWORD_TIMEOUT 5
| #define CLASSIC_INSULTS 1
| #define CSOPS_INSULTS 1
| #define _PATH_LDAP_CONF "/etc/ldap.conf"
| #define _PATH_LDAP_SECRET "/etc/ldap.secret"
| #define _PATH_SUDO_ASKPASS NULL
| #define ENV_RESET 1
| #define _PATH_SUDO_DEVSEARCH _PATH_DEV "pts:" _PATH_DEV "vt:" _PATH_DEV "term:" _PATH_DEV "zcons:" _PATH_DEV "pty:" _PATH_DEV "" 
| #define TIMESTAMP_TYPE tty
| #define SUDOERS_LOG_CLIENT 1
| #define HAVE_DLFCN_H 1
| #define LT_OBJDIR ".libs/"
| #define _PATH_SUDOERS_PLUGIN "sudoers.so"
| #define CONFIGURE_ARGS "--without-pam --with-vardir=/var/db/sudo --with-logpath=/var/log/sudo.log"
| #define HAVE_DECL_SECCOMP_MODE_FILTER 1
| #define HAVE_LINUX_RANDOM_H 1
| #define HAVE_SYS_SYSCALL_H 1
| #define HAVE_PROCESS_VM_READV 1
| #define restrict __restrict__
| #define _PATH_MV "/usr/bin/mv"
| #define _PATH_BSHELL "/usr/bin/sh"
| #define _PATH_VI "/usr/bin/vi"
| #define LOGFAC "authpriv"
| #define HAVE_DIRENT_H 1
| #define HAVE__BOOL 1
| #define HAVE_STDBOOL_H 1
| #define MAJOR_IN_SYSMACROS 1
| #define HAVE_UTMPX_H 1
| #define HAVE_ENDIAN_H 1
| #define HAVE_SYS_PROCFS_H 1
| #define HAVE_UNSIGNED_LONG_LONG_INT 1
| #define HAVE_LONG_LONG_INT 1
| #define HAVE_SIG_ATOMIC_T 1
| #define HAVE_STRUCT_IN6_ADDR 1
| /* end confdefs.h.  */
| 
| #include <stddef.h>
| #ifdef HAVE_STDIO_H
| # include <stdio.h>
| #endif
| #ifdef HAVE_STDLIB_H
| # include <stdlib.h>
| #endif
| #ifdef HAVE_STRING_H
| # include <string.h>
| #endif
| #ifdef HAVE_INTTYPES_H
| # include <inttypes.h>
| #endif
| #ifdef HAVE_STDINT_H
| # include <stdint.h>
| #endif
| #ifdef HAVE_STRINGS_H
| # include <strings.h>
| #endif
| #ifdef HAVE_SYS_TYPES_H
| # include <sys/types.h>
| #endif
| #ifdef HAVE_SYS_STAT_H
| # include <sys/stat.h>
| #endif
| #ifdef HAVE_UNISTD_H
| # include <unistd.h>
| #endif
| #include <sys/socket.h>
| 
| int
| main (void)
| {
| if (sizeof ((socklen_t)))
| 	    return 0;
|   ;
|   return 0;
| }
configure:21164: result: yes
configure:21177: checking for struct sockaddr.sa_len
configure:21177: gcc -c -g -O2 -DZLIB_CONST conftest.c >&5
conftest.c: In function 'main':
conftest.c:104:12: error: 'struct sockaddr' has no member named 'sa_len'
  104 | if (ac_aggr.sa_len)
      |            ^
configure:21177: $? = 1
configure: failed program was:
| /* confdefs.h */
| #define PACKAGE_NAME "sudo"
| #define PACKAGE_TARNAME "sudo"
| #define PACKAGE_VERSION "1.9.17p2"
| #define PACKAGE_STRING "sudo 1.9.17p2"
| #define PACKAGE_BUGREPORT "https://bugzilla.sudo.ws/"
| #define PACKAGE_URL ""
| #define HAVE_STDIO_H 1
| #define HAVE_STDLIB_H 1
| #define HAVE_STRING_H 1
| #define HAVE_INTTYPES_H 1
| #define HAVE_STDINT_H 1
| #define HAVE_STRINGS_H 1
| #define HAVE_SYS_STAT_H 1
| #define HAVE_SYS_TYPES_H 1
| #define HAVE_UNISTD_H 1
| #define HAVE_WCHAR_H 1
| #define HAVE_PATHS_H 1
| #define HAVE_SPAWN_H 1
| #define HAVE_WORDEXP_H 1
| #define HAVE_SYS_SELECT_H 1
| #define HAVE_SYS_SYSMACROS_H 1
| #define HAVE_SYS_STATVFS_H 1
| #define STDC_HEADERS 1
| #define _ALL_SOURCE 1
| #define _DARWIN_C_SOURCE 1
| #define _GNU_SOURCE 1
| #define _HPUX_ALT_XOPEN_SOCKET_API 1
| #define _NETBSD_SOURCE 1
| #define _OPENBSD_SOURCE 1
| #define _POSIX_PTHREAD_SEMANTICS 1
| #define __STDC_WANT_IEC_60559_ATTRIBS_EXT__ 1
| #define __STDC_WANT_IEC_60559_BFP_EXT__ 1
| #define __STDC_WANT_IEC_60559_DFP_EXT__ 1
| #define __STDC_WANT_IEC_60559_EXT__ 1
| #define __STDC_WANT_IEC_60559_FUNCS_EXT__ 1
| #define __STDC_WANT_IEC_60559_TYPES_EXT__ 1
| #define __STDC_WANT_LIB_EXT2__ 1
| #define __STDC_WANT_MATH_SPEC_FUNCS__ 1
| #define _TANDEM_SOURCE 1
| #define __EXTENSIONS__ 1
| #define _PATH_SSSD_CONF "/etc/sssd/sssd.conf"
| #define _PATH_SSSD_LIB ""LIBDIR""
| #define LOGGING SLOG_SYSLOG
| #define PRI_SUCCESS "notice"
| #define PRI_FAILURE "alert"
| #define MAXLOGFILELEN 80
| #define SEND_MAIL_WHEN_NO_USER 1
| #define MAILTO "root"
| #define MAILSUBJECT "*** SECURITY information for %h ***"
| #define PASSPROMPT "Password: "
| #define INCORRECT_PASSWORD "Sorry, try again."
| #define SUDO_UMASK 0022
| #define RUNAS_DEFAULT "root"
| #define EDITOR _PATH_VI
| #define ENV_EDITOR 1
| #define TRIES_FOR_PASSWORD 3
| #define TIMEOUT 5
| #define PASSWORD_TIMEOUT 5
| #define CLASSIC_INSULTS 1
| #define CSOPS_INSULTS 1
| #define _PATH_LDAP_CONF "/etc/ldap.conf"
| #define _PATH_LDAP_SECRET "/etc/ldap.secret"
| #define _PATH_SUDO_ASKPASS NULL
| #define ENV_RESET 1
| #define _PATH_SUDO_DEVSEARCH _PATH_DEV "pts:" _PATH_DEV "vt:" _PATH_DEV "term:" _PATH_DEV "zcons:" _PATH_DEV "pty:" _PATH_DEV "" 
| #define TIMESTAMP_TYPE tty
| #define SUDOERS_LOG_CLIENT 1
| #define HAVE_DLFCN_H 1
| #define LT_OBJDIR ".libs/"
| #define _PATH_SUDOERS_PLUGIN "sudoers.so"
| #define CONFIGURE_ARGS "--without-pam --with-vardir=/var/db/sudo --with-logpath=/var/log/sudo.log"
| #define HAVE_DECL_SECCOMP_MODE_FILTER 1
| #define HAVE_LINUX_RANDOM_H 1
| #define HAVE_SYS_SYSCALL_H 1
| #define HAVE_PROCESS_VM_READV 1
| #define restrict __restrict__
| #define _PATH_MV "/usr/bin/mv"
| #define _PATH_BSHELL "/usr/bin/sh"
| #define _PATH_VI "/usr/bin/vi"
| #define LOGFAC "authpriv"
| #define HAVE_DIRENT_H 1
| #define HAVE__BOOL 1
| #define HAVE_STDBOOL_H 1
| #define MAJOR_IN_SYSMACROS 1
| #define HAVE_UTMPX_H 1
| #define HAVE_ENDIAN_H 1
| #define HAVE_SYS_PROCFS_H 1
| #define HAVE_UNSIGNED_LONG_LONG_INT 1
| #define HAVE_LONG_LONG_INT 1
| #define HAVE_SIG_ATOMIC_T 1
| #define HAVE_STRUCT_IN6_ADDR 1
| #define HAVE_SOCKLEN_T 1
| /* end confdefs.h.  */
| 
| #	  include <sys/types.h>
| #	  include <sys/socket.h>
| 
| 
| int
| main (void)
| {
| static struct sockaddr ac_aggr;
| if (ac_aggr.sa_len)
| return 0;
|   ;
|   return 0;
| }
configure:21177: gcc -c -g -O2 -DZLIB_CONST conftest.c >&5
conftest.c: In function 'main':
conftest.c:104:19: error: 'struct sockaddr' has no member named 'sa_len'
  104 | if (sizeof ac_aggr.sa_len)
      |                   ^
configure:21177: $? = 1
configure: failed program was:
| /* confdefs.h */
| #define PACKAGE_NAME "sudo"
| #define PACKAGE_TARNAME "sudo"
| #define PACKAGE_VERSION "1.9.17p2"
| #define PACKAGE_STRING "sudo 1.9.17p2"
| #define PACKAGE_BUGREPORT "https://bugzilla.sudo.ws/"
| #define PACKAGE_URL ""
| #define HAVE_STDIO_H 1
| #define HAVE_STDLIB_H 1
| #define HAVE_STRING_H 1
| #define HAVE_INTTYPES_H 1
| #define HAVE_STDINT_H 1
| #define HAVE_STRINGS_H 1
| #define HAVE_SYS_STAT_H 1
| #define HAVE_SYS_TYPES_H 1
| #define HAVE_UNISTD_H 1
| #define HAVE_WCHAR_H 1
| #define HAVE_PATHS_H 1
| #define HAVE_SPAWN_H 1
| #define HAVE_WORDEXP_H 1
| #define HAVE_SYS_SELECT_H 1
| #define HAVE_SYS_SYSMACROS_H 1
| #define HAVE_SYS_STATVFS_H 1
| #define STDC_HEADERS 1
| #define _ALL_SOURCE 1
| #define _DARWIN_C_SOURCE 1
| #define _GNU_SOURCE 1
| #define _HPUX_ALT_XOPEN_SOCKET_API 1
| #define _NETBSD_SOURCE 1
| #define _OPENBSD_SOURCE 1
| #define _POSIX_PTHREAD_SEMANTICS 1
| #define __STDC_WANT_IEC_60559_ATTRIBS_EXT__ 1
| #define __STDC_WANT_IEC_60559_BFP_EXT__ 1
| #define __STDC_WANT_IEC_60559_DFP_EXT__ 1
| #define __STDC_WANT_IEC_60559_EXT__ 1
| #define __STDC_WANT_IEC_60559_FUNCS_EXT__ 1
| #define __STDC_WANT_IEC_60559_TYPES_EXT__ 1
| #define __STDC_WANT_LIB_EXT2__ 1
| #define __STDC_WANT_MATH_SPEC_FUNCS__ 1
| #define _TANDEM_SOURCE 1
| #define __EXTENSIONS__ 1
| #define _PATH_SSSD_CONF "/etc/sssd/sssd.conf"
| #define _PATH_SSSD_LIB ""LIBDIR""
| #define LOGGING SLOG_SYSLOG
| #define PRI_SUCCESS "notice"
| #define PRI_FAILURE "alert"
| #define MAXLOGFILELEN 80
| #define SEND_MAIL_WHEN_NO_USER 1
| #define MAILTO "root"
| #define MAILSUBJECT "*** SECURITY information for %h ***"
| #define PASSPROMPT "Password: "
| #define INCORRECT_PASSWORD "Sorry, try again."
| #define SUDO_UMASK 0022
| #define RUNAS_DEFAULT "root"
| #define EDITOR _PATH_VI
| #define ENV_EDITOR 1
| #define TRIES_FOR_PASSWORD 3
| #define TIMEOUT 5
| #define PASSWORD_TIMEOUT 5
| #define CLASSIC_INSULTS 1
| #define CSOPS_INSULTS 1
| #define _PATH_LDAP_CONF "/etc/ldap.conf"
| #define _PATH_LDAP_SECRET "/etc/ldap.secret"
| #define _PATH_SUDO_ASKPASS NULL
| #define ENV_RESET 1
| #define _PATH_SUDO_DEVSEARCH _PATH_DEV "pts:" _PATH_DEV "vt:" _PATH_DEV "term:" _PATH_DEV "zcons:" _PATH_DEV "pty:" _PATH_DEV "" 
| #define TIMESTAMP_TYPE tty
| #define SUDOERS_LOG_CLIENT 1
| #define HAVE_DLFCN_H 1
| #define LT_OBJDIR ".libs/"
| #define _PATH_SUDOERS_PLUGIN "sudoers.so"
| #define CONFIGURE_ARGS "--without-pam --with-vardir=/var/db/sudo --with-logpath=/var/log/sudo.log"
| #define HAVE_DECL_SECCOMP_MODE_FILTER 1
| #define HAVE_LINUX_RANDOM_H 1
| #define HAVE_SYS_SYSCALL_H 1
| #define HAVE_PROCESS_VM_READV 1
| #define restrict __restrict__
| #define _PATH_MV "/usr/bin/mv"
| #define _PATH_BSHELL "/usr/bin/sh"
| #define _PATH_VI "/usr/bin/vi"
| #define LOGFAC "authpriv"
| #define HAVE_DIRENT_H 1
| #define HAVE__BOOL 1
| #define HAVE_STDBOOL_H 1
| #define MAJOR_IN_SYSMACROS 1
| #define HAVE_UTMPX_H 1
| #define HAVE_ENDIAN_H 1
| #define HAVE_SYS_PROCFS_H 1
| #define HAVE_UNSIGNED_LONG_LONG_INT 1
| #define HAVE_LONG_LONG_INT 1
| #define HAVE_SIG_ATOMIC_T 1
| #define HAVE_STRUCT_IN6_ADDR 1
| #define HAVE_SOCKLEN_T 1
| /* end confdefs.h.  */
| 
| #	  include <sys/types.h>
| #	  include <sys/socket.h>
| 
| 
| int
| main (void)
| {
| static struct sockaddr ac_aggr;
| if (sizeof ac_aggr.sa_len)
| return 0;
|   ;
|   return 0;
| }
configure:21177: result: no
configure:21191: checking for struct sockaddr_in.sin_len
configure:21191: gcc -c -g -O2 -DZLIB_CONST conftest.c >&5
conftest.c: In function 'main':
conftest.c:103:27: error: storage size of 'ac_aggr' isn't known
  103 | static struct sockaddr_in ac_aggr;
      |                           ^~~~~~~
configure:21191: $? = 1
configure: failed program was:
| /* confdefs.h */
| #define PACKAGE_NAME "sudo"
| #define PACKAGE_TARNAME "sudo"
| #define PACKAGE_VERSION "1.9.17p2"
| #define PACKAGE_STRING "sudo 1.9.17p2"
| #define PACKAGE_BUGREPORT "https://bugzilla.sudo.ws/"
| #define PACKAGE_URL ""
| #define HAVE_STDIO_H 1
| #define HAVE_STDLIB_H 1
| #define HAVE_STRING_H 1
| #define HAVE_INTTYPES_H 1
| #define HAVE_STDINT_H 1
| #define HAVE_STRINGS_H 1
| #define HAVE_SYS_STAT_H 1
| #define HAVE_SYS_TYPES_H 1
| #define HAVE_UNISTD_H 1
| #define HAVE_WCHAR_H 1
| #define HAVE_PATHS_H 1
| #define HAVE_SPAWN_H 1
| #define HAVE_WORDEXP_H 1
| #define HAVE_SYS_SELECT_H 1
| #define HAVE_SYS_SYSMACROS_H 1
| #define HAVE_SYS_STATVFS_H 1
| #define STDC_HEADERS 1
| #define _ALL_SOURCE 1
| #define _DARWIN_C_SOURCE 1
| #define _GNU_SOURCE 1
| #define _HPUX_ALT_XOPEN_SOCKET_API 1
| #define _NETBSD_SOURCE 1
| #define _OPENBSD_SOURCE 1
| #define _POSIX_PTHREAD_SEMANTICS 1
| #define __STDC_WANT_IEC_60559_ATTRIBS_EXT__ 1
| #define __STDC_WANT_IEC_60559_BFP_EXT__ 1
| #define __STDC_WANT_IEC_60559_DFP_EXT__ 1
| #define __STDC_WANT_IEC_60559_EXT__ 1
| #define __STDC_WANT_IEC_60559_FUNCS_EXT__ 1
| #define __STDC_WANT_IEC_60559_TYPES_EXT__ 1
| #define __STDC_WANT_LIB_EXT2__ 1
| #define __STDC_WANT_MATH_SPEC_FUNCS__ 1
| #define _TANDEM_SOURCE 1
| #define __EXTENSIONS__ 1
| #define _PATH_SSSD_CONF "/etc/sssd/sssd.conf"
| #define _PATH_SSSD_LIB ""LIBDIR""
| #define LOGGING SLOG_SYSLOG
| #define PRI_SUCCESS "notice"
| #define PRI_FAILURE "alert"
| #define MAXLOGFILELEN 80
| #define SEND_MAIL_WHEN_NO_USER 1
| #define MAILTO "root"
| #define MAILSUBJECT "*** SECURITY information for %h ***"
| #define PASSPROMPT "Password: "
| #define INCORRECT_PASSWORD "Sorry, try again."
| #define SUDO_UMASK 0022
| #define RUNAS_DEFAULT "root"
| #define EDITOR _PATH_VI
| #define ENV_EDITOR 1
| #define TRIES_FOR_PASSWORD 3
| #define TIMEOUT 5
| #define PASSWORD_TIMEOUT 5
| #define CLASSIC_INSULTS 1
| #define CSOPS_INSULTS 1
| #define _PATH_LDAP_CONF "/etc/ldap.conf"
| #define _PATH_LDAP_SECRET "/etc/ldap.secret"
| #define _PATH_SUDO_ASKPASS NULL
| #define ENV_RESET 1
| #define _PATH_SUDO_DEVSEARCH _PATH_DEV "pts:" _PATH_DEV "vt:" _PATH_DEV "term:" _PATH_DEV "zcons:" _PATH_DEV "pty:" _PATH_DEV "" 
| #define TIMESTAMP_TYPE tty
| #define SUDOERS_LOG_CLIENT 1
| #define HAVE_DLFCN_H 1
| #define LT_OBJDIR ".libs/"
| #define _PATH_SUDOERS_PLUGIN "sudoers.so"
| #define CONFIGURE_ARGS "--without-pam --with-vardir=/var/db/sudo --with-logpath=/var/log/sudo.log"
| #define HAVE_DECL_SECCOMP_MODE_FILTER 1
| #define HAVE_LINUX_RANDOM_H 1
| #define HAVE_SYS_SYSCALL_H 1
| #define HAVE_PROCESS_VM_READV 1
| #define restrict __restrict__
| #define _PATH_MV "/usr/bin/mv"
| #define _PATH_BSHELL "/usr/bin/sh"
| #define _PATH_VI "/usr/bin/vi"
| #define LOGFAC "authpriv"
| #define HAVE_DIRENT_H 1
| #define HAVE__BOOL 1
| #define HAVE_STDBOOL_H 1
| #define MAJOR_IN_SYSMACROS 1
| #define HAVE_UTMPX_H 1
| #define HAVE_ENDIAN_H 1
| #define HAVE_SYS_PROCFS_H 1
| #define HAVE_UNSIGNED_LONG_LONG_INT 1
| #define HAVE_LONG_LONG_INT 1
| #define HAVE_SIG_ATOMIC_T 1
| #define HAVE_STRUCT_IN6_ADDR 1
| #define HAVE_SOCKLEN_T 1
| /* end confdefs.h.  */
| 
| #	  include <sys/types.h>
| #	  include <sys/socket.h>
| 
| 
| int
| main (void)
| {
| static struct sockaddr_in ac_aggr;
| if (ac_aggr.sin_len)
| return 0;
|   ;
|   return 0;
| }
configure:21191: gcc -c -g -O2 -DZLIB_CONST conftest.c >&5
conftest.c: In function 'main':
conftest.c:103:27: error: storage size of 'ac_aggr' isn't known
  103 | static struct sockaddr_in ac_aggr;
      |                           ^~~~~~~
configure:21191: $? = 1
configure: failed program was:
| /* confdefs.h */
| #define PACKAGE_NAME "sudo"
| #define PACKAGE_TARNAME "sudo"
| #define PACKAGE_VERSION "1.9.17p2"
| #define PACKAGE_STRING "sudo 1.9.17p2"
| #define PACKAGE_BUGREPORT "https://bugzilla.sudo.ws/"
| #define PACKAGE_URL ""
| #define HAVE_STDIO_H 1
| #define HAVE_STDLIB_H 1
| #define HAVE_STRING_H 1
| #define HAVE_INTTYPES_H 1
| #define HAVE_STDINT_H 1
| #define HAVE_STRINGS_H 1
| #define HAVE_SYS_STAT_H 1
| #define HAVE_SYS_TYPES_H 1
| #define HAVE_UNISTD_H 1
| #define HAVE_WCHAR_H 1
| #define HAVE_PATHS_H 1
| #define HAVE_SPAWN_H 1
| #define HAVE_WORDEXP_H 1
| #define HAVE_SYS_SELECT_H 1
| #define HAVE_SYS_SYSMACROS_H 1
| #define HAVE_SYS_STATVFS_H 1
| #define STDC_HEADERS 1
| #define _ALL_SOURCE 1
| #define _DARWIN_C_SOURCE 1
| #define _GNU_SOURCE 1
| #define _HPUX_ALT_XOPEN_SOCKET_API 1
| #define _NETBSD_SOURCE 1
| #define _OPENBSD_SOURCE 1
| #define _POSIX_PTHREAD_SEMANTICS 1
| #define __STDC_WANT_IEC_60559_ATTRIBS_EXT__ 1
| #define __STDC_WANT_IEC_60559_BFP_EXT__ 1
| #define __STDC_WANT_IEC_60559_DFP_EXT__ 1
| #define __STDC_WANT_IEC_60559_EXT__ 1
| #define __STDC_WANT_IEC_60559_FUNCS_EXT__ 1
| #define __STDC_WANT_IEC_60559_TYPES_EXT__ 1
| #define __STDC_WANT_LIB_EXT2__ 1
| #define __STDC_WANT_MATH_SPEC_FUNCS__ 1
| #define _TANDEM_SOURCE 1
| #define __EXTENSIONS__ 1
| #define _PATH_SSSD_CONF "/etc/sssd/sssd.conf"
| #define _PATH_SSSD_LIB ""LIBDIR""
| #define LOGGING SLOG_SYSLOG
| #define PRI_SUCCESS "notice"
| #define PRI_FAILURE "alert"
| #define MAXLOGFILELEN 80
| #define SEND_MAIL_WHEN_NO_USER 1
| #define MAILTO "root"
| #define MAILSUBJECT "*** SECURITY information for %h ***"
| #define PASSPROMPT "Password: "
| #define INCORRECT_PASSWORD "Sorry, try again."
| #define SUDO_UMASK 0022
| #define RUNAS_DEFAULT "root"
| #define EDITOR _PATH_VI
| #define ENV_EDITOR 1
| #define TRIES_FOR_PASSWORD 3
| #define TIMEOUT 5
| #define PASSWORD_TIMEOUT 5
| #define CLASSIC_INSULTS 1
| #define CSOPS_INSULTS 1
| #define _PATH_LDAP_CONF "/etc/ldap.conf"
| #define _PATH_LDAP_SECRET "/etc/ldap.secret"
| #define _PATH_SUDO_ASKPASS NULL
| #define ENV_RESET 1
| #define _PATH_SUDO_DEVSEARCH _PATH_DEV "pts:" _PATH_DEV "vt:" _PATH_DEV "term:" _PATH_DEV "zcons:" _PATH_DEV "pty:" _PATH_DEV "" 
| #define TIMESTAMP_TYPE tty
| #define SUDOERS_LOG_CLIENT 1
| #define HAVE_DLFCN_H 1
| #define LT_OBJDIR ".libs/"
| #define _PATH_SUDOERS_PLUGIN "sudoers.so"
| #define CONFIGURE_ARGS "--without-pam --with-vardir=/var/db/sudo --with-logpath=/var/log/sudo.log"
| #define HAVE_DECL_SECCOMP_MODE_FILTER 1
| #define HAVE_LINUX_RANDOM_H 1
| #define HAVE_SYS_SYSCALL_H 1
| #define HAVE_PROCESS_VM_READV 1
| #define restrict __restrict__
| #define _PATH_MV "/usr/bin/mv"
| #define _PATH_BSHELL "/usr/bin/sh"
| #define _PATH_VI "/usr/bin/vi"
| #define LOGFAC "authpriv"
| #define HAVE_DIRENT_H 1
| #define HAVE__BOOL 1
| #define HAVE_STDBOOL_H 1
| #define MAJOR_IN_SYSMACROS 1
| #define HAVE_UTMPX_H 1
| #define HAVE_ENDIAN_H 1
| #define HAVE_SYS_PROCFS_H 1
| #define HAVE_UNSIGNED_LONG_LONG_INT 1
| #define HAVE_LONG_LONG_INT 1
| #define HAVE_SIG_ATOMIC_T 1
| #define HAVE_STRUCT_IN6_ADDR 1
| #define HAVE_SOCKLEN_T 1
| /* end confdefs.h.  */
| 
| #	  include <sys/types.h>
| #	  include <sys/socket.h>
| 
| 
| int
| main (void)
| {
| static struct sockaddr_in ac_aggr;
| if (sizeof ac_aggr.sin_len)
| return 0;
|   ;
|   return 0;
| }
configure:21191: result: no
configure:21208: checking size of long
configure:21214: gcc -o conftest -g -O2 -DZLIB_CONST  -Wl,--no-undefined conftest.c  >&5
configure:21214: $? = 0
configure:21214: ./conftest
configure:21214: $? = 0
configure:21231: result: 8
configure:21243: checking size of long long
configure:21249: gcc -o conftest -g -O2 -DZLIB_CONST  -Wl,--no-undefined conftest.c  >&5
configure:21249: $? = 0
configure:21249: ./conftest
configure:21249: $? = 0
configure:21266: result: 8
configure:21278: checking size of id_t
configure:21284: gcc -o conftest -g -O2 -DZLIB_CONST  -Wl,--no-undefined conftest.c  >&5
configure:21284: $? = 0
configure:21284: ./conftest
configure:21284: $? = 0
configure:21301: result: 4
configure:21313: checking size of off_t
configure:21319: gcc -o conftest -g -O2 -DZLIB_CONST  -Wl,--no-undefined conftest.c  >&5
configure:21319: $? = 0
configure:21319: ./conftest
configure:21319: $? = 0
configure:21336: result: 8
configure:21348: checking size of time_t
configure:21354: gcc -o conftest -g -O2 -DZLIB_CONST  -Wl,--no-undefined conftest.c  >&5
configure:21354: $? = 0
configure:21354: ./conftest
configure:21354: $? = 0
configure:21371: result: 8
configure:21383: checking size of uid_t
configure:21389: gcc -o conftest -g -O2 -DZLIB_CONST  -Wl,--no-undefined conftest.c  >&5
configure:21389: $? = 0
configure:21389: ./conftest
configure:21389: $? = 0
configure:21406: result: 4
configure:21538: checking for struct utmpx.ut_id
configure:21538: gcc -c -g -O2 -DZLIB_CONST conftest.c >&5
configure:21538: $? = 0
configure:21538: result: yes
configure:21552: checking for struct utmpx.ut_pid
configure:21552: gcc -c -g -O2 -DZLIB_CONST conftest.c >&5
configure:21552: $? = 0
configure:21552: result: yes
configure:21566: checking for struct utmpx.ut_tv
configure:21566: gcc -c -g -O2 -DZLIB_CONST conftest.c >&5
conftest.c: In function 'main':
conftest.c:112:5: error: used struct type value where scalar is required
  112 | if (ac_aggr.ut_tv)
      |     ^~~~~~~
configure:21566: $? = 1
configure: failed program was:
| /* confdefs.h */
| #define PACKAGE_NAME "sudo"
| #define PACKAGE_TARNAME "sudo"
| #define PACKAGE_VERSION "1.9.17p2"
| #define PACKAGE_STRING "sudo 1.9.17p2"
| #define PACKAGE_BUGREPORT "https://bugzilla.sudo.ws/"
| #define PACKAGE_URL ""
| #define HAVE_STDIO_H 1
| #define HAVE_STDLIB_H 1
| #define HAVE_STRING_H 1
| #define HAVE_INTTYPES_H 1
| #define HAVE_STDINT_H 1
| #define HAVE_STRINGS_H 1
| #define HAVE_SYS_STAT_H 1
| #define HAVE_SYS_TYPES_H 1
| #define HAVE_UNISTD_H 1
| #define HAVE_WCHAR_H 1
| #define HAVE_PATHS_H 1
| #define HAVE_SPAWN_H 1
| #define HAVE_WORDEXP_H 1
| #define HAVE_SYS_SELECT_H 1
| #define HAVE_SYS_SYSMACROS_H 1
| #define HAVE_SYS_STATVFS_H 1
| #define STDC_HEADERS 1
| #define _ALL_SOURCE 1
| #define _DARWIN_C_SOURCE 1
| #define _GNU_SOURCE 1
| #define _HPUX_ALT_XOPEN_SOCKET_API 1
| #define _NETBSD_SOURCE 1
| #define _OPENBSD_SOURCE 1
| #define _POSIX_PTHREAD_SEMANTICS 1
| #define __STDC_WANT_IEC_60559_ATTRIBS_EXT__ 1
| #define __STDC_WANT_IEC_60559_BFP_EXT__ 1
| #define __STDC_WANT_IEC_60559_DFP_EXT__ 1
| #define __STDC_WANT_IEC_60559_EXT__ 1
| #define __STDC_WANT_IEC_60559_FUNCS_EXT__ 1
| #define __STDC_WANT_IEC_60559_TYPES_EXT__ 1
| #define __STDC_WANT_LIB_EXT2__ 1
| #define __STDC_WANT_MATH_SPEC_FUNCS__ 1
| #define _TANDEM_SOURCE 1
| #define __EXTENSIONS__ 1
| #define _PATH_SSSD_CONF "/etc/sssd/sssd.conf"
| #define _PATH_SSSD_LIB ""LIBDIR""
| #define LOGGING SLOG_SYSLOG
| #define PRI_SUCCESS "notice"
| #define PRI_FAILURE "alert"
| #define MAXLOGFILELEN 80
| #define SEND_MAIL_WHEN_NO_USER 1
| #define MAILTO "root"
| #define MAILSUBJECT "*** SECURITY information for %h ***"
| #define PASSPROMPT "Password: "
| #define INCORRECT_PASSWORD "Sorry, try again."
| #define SUDO_UMASK 0022
| #define RUNAS_DEFAULT "root"
| #define EDITOR _PATH_VI
| #define ENV_EDITOR 1
| #define TRIES_FOR_PASSWORD 3
| #define TIMEOUT 5
| #define PASSWORD_TIMEOUT 5
| #define CLASSIC_INSULTS 1
| #define CSOPS_INSULTS 1
| #define _PATH_LDAP_CONF "/etc/ldap.conf"
| #define _PATH_LDAP_SECRET "/etc/ldap.secret"
| #define _PATH_SUDO_ASKPASS NULL
| #define ENV_RESET 1
| #define _PATH_SUDO_DEVSEARCH _PATH_DEV "pts:" _PATH_DEV "vt:" _PATH_DEV "term:" _PATH_DEV "zcons:" _PATH_DEV "pty:" _PATH_DEV "" 
| #define TIMESTAMP_TYPE tty
| #define SUDOERS_LOG_CLIENT 1
| #define HAVE_DLFCN_H 1
| #define LT_OBJDIR ".libs/"
| #define _PATH_SUDOERS_PLUGIN "sudoers.so"
| #define CONFIGURE_ARGS "--without-pam --with-vardir=/var/db/sudo --with-logpath=/var/log/sudo.log"
| #define HAVE_DECL_SECCOMP_MODE_FILTER 1
| #define HAVE_LINUX_RANDOM_H 1
| #define HAVE_SYS_SYSCALL_H 1
| #define HAVE_PROCESS_VM_READV 1
| #define restrict __restrict__
| #define _PATH_MV "/usr/bin/mv"
| #define _PATH_BSHELL "/usr/bin/sh"
| #define _PATH_VI "/usr/bin/vi"
| #define LOGFAC "authpriv"
| #define HAVE_DIRENT_H 1
| #define HAVE__BOOL 1
| #define HAVE_STDBOOL_H 1
| #define MAJOR_IN_SYSMACROS 1
| #define HAVE_UTMPX_H 1
| #define HAVE_ENDIAN_H 1
| #define HAVE_SYS_PROCFS_H 1
| #define HAVE_UNSIGNED_LONG_LONG_INT 1
| #define HAVE_LONG_LONG_INT 1
| #define HAVE_SIG_ATOMIC_T 1
| #define HAVE_STRUCT_IN6_ADDR 1
| #define HAVE_SOCKLEN_T 1
| #define SIZEOF_LONG 8
| #define SIZEOF_LONG_LONG 8
| #define SIZEOF_ID_T 4
| #define SIZEOF_OFF_T 8
| #define SIZEOF_TIME_T 8
| #define SIZEOF_UID_T 4
| #define HAVE_STRUCT_UTMP_UT_ID 1
| #define HAVE_STRUCT_UTMP_UT_PID 1
| /* end confdefs.h.  */
| 
| #	include <sys/types.h>
| #	include <utmpx.h>
| 
| 
| int
| main (void)
| {
| static struct utmpx ac_aggr;
| if (ac_aggr.ut_tv)
| return 0;
|   ;
|   return 0;
| }
configure:21566: gcc -c -g -O2 -DZLIB_CONST conftest.c >&5
configure:21566: $? = 0
configure:21566: result: yes
configure:21580: checking for struct utmpx.ut_type
configure:21580: gcc -c -g -O2 -DZLIB_CONST conftest.c >&5
configure:21580: $? = 0
configure:21580: result: yes
configure:21609: checking for struct utmpx.ut_exit.__e_termination
configure:21609: gcc -c -g -O2 -DZLIB_CONST conftest.c >&5
conftest.c: In function 'main':
conftest.c:114:21: error: 'struct __exit_status' has no member named '__e_termination'; did you mean 'e_termination'?
  114 | if (ac_aggr.ut_exit.__e_termination)
      |                     ^~~~~~~~~~~~~~~
      |                     e_termination
configure:21609: $? = 1
configure: failed program was:
| /* confdefs.h */
| #define PACKAGE_NAME "sudo"
| #define PACKAGE_TARNAME "sudo"
| #define PACKAGE_VERSION "1.9.17p2"
| #define PACKAGE_STRING "sudo 1.9.17p2"
| #define PACKAGE_BUGREPORT "https://bugzilla.sudo.ws/"
| #define PACKAGE_URL ""
| #define HAVE_STDIO_H 1
| #define HAVE_STDLIB_H 1
| #define HAVE_STRING_H 1
| #define HAVE_INTTYPES_H 1
| #define HAVE_STDINT_H 1
| #define HAVE_STRINGS_H 1
| #define HAVE_SYS_STAT_H 1
| #define HAVE_SYS_TYPES_H 1
| #define HAVE_UNISTD_H 1
| #define HAVE_WCHAR_H 1
| #define HAVE_PATHS_H 1
| #define HAVE_SPAWN_H 1
| #define HAVE_WORDEXP_H 1
| #define HAVE_SYS_SELECT_H 1
| #define HAVE_SYS_SYSMACROS_H 1
| #define HAVE_SYS_STATVFS_H 1
| #define STDC_HEADERS 1
| #define _ALL_SOURCE 1
| #define _DARWIN_C_SOURCE 1
| #define _GNU_SOURCE 1
| #define _HPUX_ALT_XOPEN_SOCKET_API 1
| #define _NETBSD_SOURCE 1
| #define _OPENBSD_SOURCE 1
| #define _POSIX_PTHREAD_SEMANTICS 1
| #define __STDC_WANT_IEC_60559_ATTRIBS_EXT__ 1
| #define __STDC_WANT_IEC_60559_BFP_EXT__ 1
| #define __STDC_WANT_IEC_60559_DFP_EXT__ 1
| #define __STDC_WANT_IEC_60559_EXT__ 1
| #define __STDC_WANT_IEC_60559_FUNCS_EXT__ 1
| #define __STDC_WANT_IEC_60559_TYPES_EXT__ 1
| #define __STDC_WANT_LIB_EXT2__ 1
| #define __STDC_WANT_MATH_SPEC_FUNCS__ 1
| #define _TANDEM_SOURCE 1
| #define __EXTENSIONS__ 1
| #define _PATH_SSSD_CONF "/etc/sssd/sssd.conf"
| #define _PATH_SSSD_LIB ""LIBDIR""
| #define LOGGING SLOG_SYSLOG
| #define PRI_SUCCESS "notice"
| #define PRI_FAILURE "alert"
| #define MAXLOGFILELEN 80
| #define SEND_MAIL_WHEN_NO_USER 1
| #define MAILTO "root"
| #define MAILSUBJECT "*** SECURITY information for %h ***"
| #define PASSPROMPT "Password: "
| #define INCORRECT_PASSWORD "Sorry, try again."
| #define SUDO_UMASK 0022
| #define RUNAS_DEFAULT "root"
| #define EDITOR _PATH_VI
| #define ENV_EDITOR 1
| #define TRIES_FOR_PASSWORD 3
| #define TIMEOUT 5
| #define PASSWORD_TIMEOUT 5
| #define CLASSIC_INSULTS 1
| #define CSOPS_INSULTS 1
| #define _PATH_LDAP_CONF "/etc/ldap.conf"
| #define _PATH_LDAP_SECRET "/etc/ldap.secret"
| #define _PATH_SUDO_ASKPASS NULL
| #define ENV_RESET 1
| #define _PATH_SUDO_DEVSEARCH _PATH_DEV "pts:" _PATH_DEV "vt:" _PATH_DEV "term:" _PATH_DEV "zcons:" _PATH_DEV "pty:" _PATH_DEV "" 
| #define TIMESTAMP_TYPE tty
| #define SUDOERS_LOG_CLIENT 1
| #define HAVE_DLFCN_H 1
| #define LT_OBJDIR ".libs/"
| #define _PATH_SUDOERS_PLUGIN "sudoers.so"
| #define CONFIGURE_ARGS "--without-pam --with-vardir=/var/db/sudo --with-logpath=/var/log/sudo.log"
| #define HAVE_DECL_SECCOMP_MODE_FILTER 1
| #define HAVE_LINUX_RANDOM_H 1
| #define HAVE_SYS_SYSCALL_H 1
| #define HAVE_PROCESS_VM_READV 1
| #define restrict __restrict__
| #define _PATH_MV "/usr/bin/mv"
| #define _PATH_BSHELL "/usr/bin/sh"
| #define _PATH_VI "/usr/bin/vi"
| #define LOGFAC "authpriv"
| #define HAVE_DIRENT_H 1
| #define HAVE__BOOL 1
| #define HAVE_STDBOOL_H 1
| #define MAJOR_IN_SYSMACROS 1
| #define HAVE_UTMPX_H 1
| #define HAVE_ENDIAN_H 1
| #define HAVE_SYS_PROCFS_H 1
| #define HAVE_UNSIGNED_LONG_LONG_INT 1
| #define HAVE_LONG_LONG_INT 1
| #define HAVE_SIG_ATOMIC_T 1
| #define HAVE_STRUCT_IN6_ADDR 1
| #define HAVE_SOCKLEN_T 1
| #define SIZEOF_LONG 8
| #define SIZEOF_LONG_LONG 8
| #define SIZEOF_ID_T 4
| #define SIZEOF_OFF_T 8
| #define SIZEOF_TIME_T 8
| #define SIZEOF_UID_T 4
| #define HAVE_STRUCT_UTMP_UT_ID 1
| #define HAVE_STRUCT_UTMP_UT_PID 1
| #define HAVE_STRUCT_UTMP_UT_TV 1
| #define HAVE_STRUCT_UTMP_UT_TYPE 1
| /* end confdefs.h.  */
| 
| #	include <sys/types.h>
| #	include <utmpx.h>
| 
| 
| int
| main (void)
| {
| static struct utmpx ac_aggr;
| if (ac_aggr.ut_exit.__e_termination)
| return 0;
|   ;
|   return 0;
| }
configure:21609: gcc -c -g -O2 -DZLIB_CONST conftest.c >&5
conftest.c: In function 'main':
conftest.c:114:28: error: 'struct __exit_status' has no member named '__e_termination'; did you mean 'e_termination'?
  114 | if (sizeof ac_aggr.ut_exit.__e_termination)
      |                            ^~~~~~~~~~~~~~~
      |                            e_termination
configure:21609: $? = 1
configure: failed program was:
| /* confdefs.h */
| #define PACKAGE_NAME "sudo"
| #define PACKAGE_TARNAME "sudo"
| #define PACKAGE_VERSION "1.9.17p2"
| #define PACKAGE_STRING "sudo 1.9.17p2"
| #define PACKAGE_BUGREPORT "https://bugzilla.sudo.ws/"
| #define PACKAGE_URL ""
| #define HAVE_STDIO_H 1
| #define HAVE_STDLIB_H 1
| #define HAVE_STRING_H 1
| #define HAVE_INTTYPES_H 1
| #define HAVE_STDINT_H 1
| #define HAVE_STRINGS_H 1
| #define HAVE_SYS_STAT_H 1
| #define HAVE_SYS_TYPES_H 1
| #define HAVE_UNISTD_H 1
| #define HAVE_WCHAR_H 1
| #define HAVE_PATHS_H 1
| #define HAVE_SPAWN_H 1
| #define HAVE_WORDEXP_H 1
| #define HAVE_SYS_SELECT_H 1
| #define HAVE_SYS_SYSMACROS_H 1
| #define HAVE_SYS_STATVFS_H 1
| #define STDC_HEADERS 1
| #define _ALL_SOURCE 1
| #define _DARWIN_C_SOURCE 1
| #define _GNU_SOURCE 1
| #define _HPUX_ALT_XOPEN_SOCKET_API 1
| #define _NETBSD_SOURCE 1
| #define _OPENBSD_SOURCE 1
| #define _POSIX_PTHREAD_SEMANTICS 1
| #define __STDC_WANT_IEC_60559_ATTRIBS_EXT__ 1
| #define __STDC_WANT_IEC_60559_BFP_EXT__ 1
| #define __STDC_WANT_IEC_60559_DFP_EXT__ 1
| #define __STDC_WANT_IEC_60559_EXT__ 1
| #define __STDC_WANT_IEC_60559_FUNCS_EXT__ 1
| #define __STDC_WANT_IEC_60559_TYPES_EXT__ 1
| #define __STDC_WANT_LIB_EXT2__ 1
| #define __STDC_WANT_MATH_SPEC_FUNCS__ 1
| #define _TANDEM_SOURCE 1
| #define __EXTENSIONS__ 1
| #define _PATH_SSSD_CONF "/etc/sssd/sssd.conf"
| #define _PATH_SSSD_LIB ""LIBDIR""
| #define LOGGING SLOG_SYSLOG
| #define PRI_SUCCESS "notice"
| #define PRI_FAILURE "alert"
| #define MAXLOGFILELEN 80
| #define SEND_MAIL_WHEN_NO_USER 1
| #define MAILTO "root"
| #define MAILSUBJECT "*** SECURITY information for %h ***"
| #define PASSPROMPT "Password: "
| #define INCORRECT_PASSWORD "Sorry, try again."
| #define SUDO_UMASK 0022
| #define RUNAS_DEFAULT "root"
| #define EDITOR _PATH_VI
| #define ENV_EDITOR 1
| #define TRIES_FOR_PASSWORD 3
| #define TIMEOUT 5
| #define PASSWORD_TIMEOUT 5
| #define CLASSIC_INSULTS 1
| #define CSOPS_INSULTS 1
| #define _PATH_LDAP_CONF "/etc/ldap.conf"
| #define _PATH_LDAP_SECRET "/etc/ldap.secret"
| #define _PATH_SUDO_ASKPASS NULL
| #define ENV_RESET 1
| #define _PATH_SUDO_DEVSEARCH _PATH_DEV "pts:" _PATH_DEV "vt:" _PATH_DEV "term:" _PATH_DEV "zcons:" _PATH_DEV "pty:" _PATH_DEV "" 
| #define TIMESTAMP_TYPE tty
| #define SUDOERS_LOG_CLIENT 1
| #define HAVE_DLFCN_H 1
| #define LT_OBJDIR ".libs/"
| #define _PATH_SUDOERS_PLUGIN "sudoers.so"
| #define CONFIGURE_ARGS "--without-pam --with-vardir=/var/db/sudo --with-logpath=/var/log/sudo.log"
| #define HAVE_DECL_SECCOMP_MODE_FILTER 1
| #define HAVE_LINUX_RANDOM_H 1
| #define HAVE_SYS_SYSCALL_H 1
| #define HAVE_PROCESS_VM_READV 1
| #define restrict __restrict__
| #define _PATH_MV "/usr/bin/mv"
| #define _PATH_BSHELL "/usr/bin/sh"
| #define _PATH_VI "/usr/bin/vi"
| #define LOGFAC "authpriv"
| #define HAVE_DIRENT_H 1
| #define HAVE__BOOL 1
| #define HAVE_STDBOOL_H 1
| #define MAJOR_IN_SYSMACROS 1
| #define HAVE_UTMPX_H 1
| #define HAVE_ENDIAN_H 1
| #define HAVE_SYS_PROCFS_H 1
| #define HAVE_UNSIGNED_LONG_LONG_INT 1
| #define HAVE_LONG_LONG_INT 1
| #define HAVE_SIG_ATOMIC_T 1
| #define HAVE_STRUCT_IN6_ADDR 1
| #define HAVE_SOCKLEN_T 1
| #define SIZEOF_LONG 8
| #define SIZEOF_LONG_LONG 8
| #define SIZEOF_ID_T 4
| #define SIZEOF_OFF_T 8
| #define SIZEOF_TIME_T 8
| #define SIZEOF_UID_T 4
| #define HAVE_STRUCT_UTMP_UT_ID 1
| #define HAVE_STRUCT_UTMP_UT_PID 1
| #define HAVE_STRUCT_UTMP_UT_TV 1
| #define HAVE_STRUCT_UTMP_UT_TYPE 1
| /* end confdefs.h.  */
| 
| #	include <sys/types.h>
| #	include <utmpx.h>
| 
| 
| int
| main (void)
| {
| static struct utmpx ac_aggr;
| if (sizeof ac_aggr.ut_exit.__e_termination)
| return 0;
|   ;
|   return 0;
| }
configure:21609: result: no
configure:21626: checking for struct utmpx.ut_exit.e_termination
configure:21626: gcc -c -g -O2 -DZLIB_CONST conftest.c >&5
configure:21626: $? = 0
configure:21626: result: yes
configure:22276: checking for uid_t
configure:22276: gcc -c -g -O2 -DZLIB_CONST conftest.c >&5
configure:22276: $? = 0
configure:22276: gcc -c -g -O2 -DZLIB_CONST conftest.c >&5
conftest.c: In function 'main':
conftest.c:141:20: error: expected expression before ')' token
  141 | if (sizeof ((uid_t)))
      |                    ^
configure:22276: $? = 1
configure: failed program was:
| /* confdefs.h */
| #define PACKAGE_NAME "sudo"
| #define PACKAGE_TARNAME "sudo"
| #define PACKAGE_VERSION "1.9.17p2"
| #define PACKAGE_STRING "sudo 1.9.17p2"
| #define PACKAGE_BUGREPORT "https://bugzilla.sudo.ws/"
| #define PACKAGE_URL ""
| #define HAVE_STDIO_H 1
| #define HAVE_STDLIB_H 1
| #define HAVE_STRING_H 1
| #define HAVE_INTTYPES_H 1
| #define HAVE_STDINT_H 1
| #define HAVE_STRINGS_H 1
| #define HAVE_SYS_STAT_H 1
| #define HAVE_SYS_TYPES_H 1
| #define HAVE_UNISTD_H 1
| #define HAVE_WCHAR_H 1
| #define HAVE_PATHS_H 1
| #define HAVE_SPAWN_H 1
| #define HAVE_WORDEXP_H 1
| #define HAVE_SYS_SELECT_H 1
| #define HAVE_SYS_SYSMACROS_H 1
| #define HAVE_SYS_STATVFS_H 1
| #define STDC_HEADERS 1
| #define _ALL_SOURCE 1
| #define _DARWIN_C_SOURCE 1
| #define _GNU_SOURCE 1
| #define _HPUX_ALT_XOPEN_SOCKET_API 1
| #define _NETBSD_SOURCE 1
| #define _OPENBSD_SOURCE 1
| #define _POSIX_PTHREAD_SEMANTICS 1
| #define __STDC_WANT_IEC_60559_ATTRIBS_EXT__ 1
| #define __STDC_WANT_IEC_60559_BFP_EXT__ 1
| #define __STDC_WANT_IEC_60559_DFP_EXT__ 1
| #define __STDC_WANT_IEC_60559_EXT__ 1
| #define __STDC_WANT_IEC_60559_FUNCS_EXT__ 1
| #define __STDC_WANT_IEC_60559_TYPES_EXT__ 1
| #define __STDC_WANT_LIB_EXT2__ 1
| #define __STDC_WANT_MATH_SPEC_FUNCS__ 1
| #define _TANDEM_SOURCE 1
| #define __EXTENSIONS__ 1
| #define _PATH_SSSD_CONF "/etc/sssd/sssd.conf"
| #define _PATH_SSSD_LIB ""LIBDIR""
| #define LOGGING SLOG_SYSLOG
| #define PRI_SUCCESS "notice"
| #define PRI_FAILURE "alert"
| #define MAXLOGFILELEN 80
| #define SEND_MAIL_WHEN_NO_USER 1
| #define MAILTO "root"
| #define MAILSUBJECT "*** SECURITY information for %h ***"
| #define PASSPROMPT "Password: "
| #define INCORRECT_PASSWORD "Sorry, try again."
| #define SUDO_UMASK 0022
| #define RUNAS_DEFAULT "root"
| #define EDITOR _PATH_VI
| #define ENV_EDITOR 1
| #define TRIES_FOR_PASSWORD 3
| #define TIMEOUT 5
| #define PASSWORD_TIMEOUT 5
| #define CLASSIC_INSULTS 1
| #define CSOPS_INSULTS 1
| #define _PATH_LDAP_CONF "/etc/ldap.conf"
| #define _PATH_LDAP_SECRET "/etc/ldap.secret"
| #define _PATH_SUDO_ASKPASS NULL
| #define ENV_RESET 1
| #define _PATH_SUDO_DEVSEARCH _PATH_DEV "pts:" _PATH_DEV "vt:" _PATH_DEV "term:" _PATH_DEV "zcons:" _PATH_DEV "pty:" _PATH_DEV "" 
| #define TIMESTAMP_TYPE tty
| #define SUDOERS_LOG_CLIENT 1
| #define HAVE_DLFCN_H 1
| #define LT_OBJDIR ".libs/"
| #define _PATH_SUDOERS_PLUGIN "sudoers.so"
| #define CONFIGURE_ARGS "--without-pam --with-vardir=/var/db/sudo --with-logpath=/var/log/sudo.log"
| #define HAVE_DECL_SECCOMP_MODE_FILTER 1
| #define HAVE_LINUX_RANDOM_H 1
| #define HAVE_SYS_SYSCALL_H 1
| #define HAVE_PROCESS_VM_READV 1
| #define restrict __restrict__
| #define _PATH_MV "/usr/bin/mv"
| #define _PATH_BSHELL "/usr/bin/sh"
| #define _PATH_VI "/usr/bin/vi"
| #define LOGFAC "authpriv"
| #define HAVE_DIRENT_H 1
| #define HAVE__BOOL 1
| #define HAVE_STDBOOL_H 1
| #define MAJOR_IN_SYSMACROS 1
| #define HAVE_UTMPX_H 1
| #define HAVE_ENDIAN_H 1
| #define HAVE_SYS_PROCFS_H 1
| #define HAVE_UNSIGNED_LONG_LONG_INT 1
| #define HAVE_LONG_LONG_INT 1
| #define HAVE_SIG_ATOMIC_T 1
| #define HAVE_STRUCT_IN6_ADDR 1
| #define HAVE_SOCKLEN_T 1
| #define SIZEOF_LONG 8
| #define SIZEOF_LONG_LONG 8
| #define SIZEOF_ID_T 4
| #define SIZEOF_OFF_T 8
| #define SIZEOF_TIME_T 8
| #define SIZEOF_UID_T 4
| #define HAVE_STRUCT_UTMP_UT_ID 1
| #define HAVE_STRUCT_UTMP_UT_PID 1
| #define HAVE_STRUCT_UTMP_UT_TV 1
| #define HAVE_STRUCT_UTMP_UT_TYPE 1
| #define HAVE_STRUCT_UTMP_UT_EXIT 1
| #define HAVE_STRUCT_UTMP_UT_EXIT_E_TERMINATION 1
| #define RTLD_PRELOAD_VAR "LD_PRELOAD"
| #define RTLD_PRELOAD_VAR_64 "LD_PRELOAD"
| #define RTLD_PRELOAD_DELIM ':'
| /* end confdefs.h.  */
| #include <stddef.h>
| #ifdef HAVE_STDIO_H
| # include <stdio.h>
| #endif
| #ifdef HAVE_STDLIB_H
| # include <stdlib.h>
| #endif
| #ifdef HAVE_STRING_H
| # include <string.h>
| #endif
| #ifdef HAVE_INTTYPES_H
| # include <inttypes.h>
| #endif
| #ifdef HAVE_STDINT_H
| # include <stdint.h>
| #endif
| #ifdef HAVE_STRINGS_H
| # include <strings.h>
| #endif
| #ifdef HAVE_SYS_TYPES_H
| # include <sys/types.h>
| #endif
| #ifdef HAVE_SYS_STAT_H
| # include <sys/stat.h>
| #endif
| #ifdef HAVE_UNISTD_H
| # include <unistd.h>
| #endif
| int
| main (void)
| {
| if (sizeof ((uid_t)))
| 	    return 0;
|   ;
|   return 0;
| }
configure:22276: result: yes
configure:22287: checking for gid_t
configure:22287: gcc -c -g -O2 -DZLIB_CONST conftest.c >&5
configure:22287: $? = 0
configure:22287: gcc -c -g -O2 -DZLIB_CONST conftest.c >&5
conftest.c: In function 'main':
conftest.c:141:20: error: expected expression before ')' token
  141 | if (sizeof ((gid_t)))
      |                    ^
configure:22287: $? = 1
configure: failed program was:
| /* confdefs.h */
| #define PACKAGE_NAME "sudo"
| #define PACKAGE_TARNAME "sudo"
| #define PACKAGE_VERSION "1.9.17p2"
| #define PACKAGE_STRING "sudo 1.9.17p2"
| #define PACKAGE_BUGREPORT "https://bugzilla.sudo.ws/"
| #define PACKAGE_URL ""
| #define HAVE_STDIO_H 1
| #define HAVE_STDLIB_H 1
| #define HAVE_STRING_H 1
| #define HAVE_INTTYPES_H 1
| #define HAVE_STDINT_H 1
| #define HAVE_STRINGS_H 1
| #define HAVE_SYS_STAT_H 1
| #define HAVE_SYS_TYPES_H 1
| #define HAVE_UNISTD_H 1
| #define HAVE_WCHAR_H 1
| #define HAVE_PATHS_H 1
| #define HAVE_SPAWN_H 1
| #define HAVE_WORDEXP_H 1
| #define HAVE_SYS_SELECT_H 1
| #define HAVE_SYS_SYSMACROS_H 1
| #define HAVE_SYS_STATVFS_H 1
| #define STDC_HEADERS 1
| #define _ALL_SOURCE 1
| #define _DARWIN_C_SOURCE 1
| #define _GNU_SOURCE 1
| #define _HPUX_ALT_XOPEN_SOCKET_API 1
| #define _NETBSD_SOURCE 1
| #define _OPENBSD_SOURCE 1
| #define _POSIX_PTHREAD_SEMANTICS 1
| #define __STDC_WANT_IEC_60559_ATTRIBS_EXT__ 1
| #define __STDC_WANT_IEC_60559_BFP_EXT__ 1
| #define __STDC_WANT_IEC_60559_DFP_EXT__ 1
| #define __STDC_WANT_IEC_60559_EXT__ 1
| #define __STDC_WANT_IEC_60559_FUNCS_EXT__ 1
| #define __STDC_WANT_IEC_60559_TYPES_EXT__ 1
| #define __STDC_WANT_LIB_EXT2__ 1
| #define __STDC_WANT_MATH_SPEC_FUNCS__ 1
| #define _TANDEM_SOURCE 1
| #define __EXTENSIONS__ 1
| #define _PATH_SSSD_CONF "/etc/sssd/sssd.conf"
| #define _PATH_SSSD_LIB ""LIBDIR""
| #define LOGGING SLOG_SYSLOG
| #define PRI_SUCCESS "notice"
| #define PRI_FAILURE "alert"
| #define MAXLOGFILELEN 80
| #define SEND_MAIL_WHEN_NO_USER 1
| #define MAILTO "root"
| #define MAILSUBJECT "*** SECURITY information for %h ***"
| #define PASSPROMPT "Password: "
| #define INCORRECT_PASSWORD "Sorry, try again."
| #define SUDO_UMASK 0022
| #define RUNAS_DEFAULT "root"
| #define EDITOR _PATH_VI
| #define ENV_EDITOR 1
| #define TRIES_FOR_PASSWORD 3
| #define TIMEOUT 5
| #define PASSWORD_TIMEOUT 5
| #define CLASSIC_INSULTS 1
| #define CSOPS_INSULTS 1
| #define _PATH_LDAP_CONF "/etc/ldap.conf"
| #define _PATH_LDAP_SECRET "/etc/ldap.secret"
| #define _PATH_SUDO_ASKPASS NULL
| #define ENV_RESET 1
| #define _PATH_SUDO_DEVSEARCH _PATH_DEV "pts:" _PATH_DEV "vt:" _PATH_DEV "term:" _PATH_DEV "zcons:" _PATH_DEV "pty:" _PATH_DEV "" 
| #define TIMESTAMP_TYPE tty
| #define SUDOERS_LOG_CLIENT 1
| #define HAVE_DLFCN_H 1
| #define LT_OBJDIR ".libs/"
| #define _PATH_SUDOERS_PLUGIN "sudoers.so"
| #define CONFIGURE_ARGS "--without-pam --with-vardir=/var/db/sudo --with-logpath=/var/log/sudo.log"
| #define HAVE_DECL_SECCOMP_MODE_FILTER 1
| #define HAVE_LINUX_RANDOM_H 1
| #define HAVE_SYS_SYSCALL_H 1
| #define HAVE_PROCESS_VM_READV 1
| #define restrict __restrict__
| #define _PATH_MV "/usr/bin/mv"
| #define _PATH_BSHELL "/usr/bin/sh"
| #define _PATH_VI "/usr/bin/vi"
| #define LOGFAC "authpriv"
| #define HAVE_DIRENT_H 1
| #define HAVE__BOOL 1
| #define HAVE_STDBOOL_H 1
| #define MAJOR_IN_SYSMACROS 1
| #define HAVE_UTMPX_H 1
| #define HAVE_ENDIAN_H 1
| #define HAVE_SYS_PROCFS_H 1
| #define HAVE_UNSIGNED_LONG_LONG_INT 1
| #define HAVE_LONG_LONG_INT 1
| #define HAVE_SIG_ATOMIC_T 1
| #define HAVE_STRUCT_IN6_ADDR 1
| #define HAVE_SOCKLEN_T 1
| #define SIZEOF_LONG 8
| #define SIZEOF_LONG_LONG 8
| #define SIZEOF_ID_T 4
| #define SIZEOF_OFF_T 8
| #define SIZEOF_TIME_T 8
| #define SIZEOF_UID_T 4
| #define HAVE_STRUCT_UTMP_UT_ID 1
| #define HAVE_STRUCT_UTMP_UT_PID 1
| #define HAVE_STRUCT_UTMP_UT_TV 1
| #define HAVE_STRUCT_UTMP_UT_TYPE 1
| #define HAVE_STRUCT_UTMP_UT_EXIT 1
| #define HAVE_STRUCT_UTMP_UT_EXIT_E_TERMINATION 1
| #define RTLD_PRELOAD_VAR "LD_PRELOAD"
| #define RTLD_PRELOAD_VAR_64 "LD_PRELOAD"
| #define RTLD_PRELOAD_DELIM ':'
| /* end confdefs.h.  */
| #include <stddef.h>
| #ifdef HAVE_STDIO_H
| # include <stdio.h>
| #endif
| #ifdef HAVE_STDLIB_H
| # include <stdlib.h>
| #endif
| #ifdef HAVE_STRING_H
| # include <string.h>
| #endif
| #ifdef HAVE_INTTYPES_H
| # include <inttypes.h>
| #endif
| #ifdef HAVE_STDINT_H
| # include <stdint.h>
| #endif
| #ifdef HAVE_STRINGS_H
| # include <strings.h>
| #endif
| #ifdef HAVE_SYS_TYPES_H
| # include <sys/types.h>
| #endif
| #ifdef HAVE_SYS_STAT_H
| # include <sys/stat.h>
| #endif
| #ifdef HAVE_UNISTD_H
| # include <unistd.h>
| #endif
| int
| main (void)
| {
| if (sizeof ((gid_t)))
| 	    return 0;
|   ;
|   return 0;
| }
configure:22287: result: yes
configure:22298: checking type of array argument to getgroups
configure:22328: gcc -c -g -O2 -DZLIB_CONST conftest.c >&5
configure:22328: $? = 0
configure:22348: gcc -c -g -O2 -DZLIB_CONST conftest.c >&5
conftest.c:138:12: error: conflicting types for 'getgroups'; have 'int(int,  int *)'
  138 | extern int getgroups(int, int *);
      |            ^~~~~~~~~
In file included from /usr/include/features.h:486,
                 from /usr/include/x86_64-linux-gnu/bits/libc-header-start.h:33,
                 from /usr/include/stdio.h:27,
                 from conftest.c:112:
/usr/include/x86_64-linux-gnu/bits/unistd.h:219:1: note: previous definition of 'getgroups' with type 'int(int,  __gid_t *)' {aka 'int(int,  unsigned int *)'}
  219 | __NTH (getgroups (int __size, __gid_t __list[]))
      | ^~~~~
configure:22348: $? = 1
configure: failed program was:
| /* confdefs.h */
| #define PACKAGE_NAME "sudo"
| #define PACKAGE_TARNAME "sudo"
| #define PACKAGE_VERSION "1.9.17p2"
| #define PACKAGE_STRING "sudo 1.9.17p2"
| #define PACKAGE_BUGREPORT "https://bugzilla.sudo.ws/"
| #define PACKAGE_URL ""
| #define HAVE_STDIO_H 1
| #define HAVE_STDLIB_H 1
| #define HAVE_STRING_H 1
| #define HAVE_INTTYPES_H 1
| #define HAVE_STDINT_H 1
| #define HAVE_STRINGS_H 1
| #define HAVE_SYS_STAT_H 1
| #define HAVE_SYS_TYPES_H 1
| #define HAVE_UNISTD_H 1
| #define HAVE_WCHAR_H 1
| #define HAVE_PATHS_H 1
| #define HAVE_SPAWN_H 1
| #define HAVE_WORDEXP_H 1
| #define HAVE_SYS_SELECT_H 1
| #define HAVE_SYS_SYSMACROS_H 1
| #define HAVE_SYS_STATVFS_H 1
| #define STDC_HEADERS 1
| #define _ALL_SOURCE 1
| #define _DARWIN_C_SOURCE 1
| #define _GNU_SOURCE 1
| #define _HPUX_ALT_XOPEN_SOCKET_API 1
| #define _NETBSD_SOURCE 1
| #define _OPENBSD_SOURCE 1
| #define _POSIX_PTHREAD_SEMANTICS 1
| #define __STDC_WANT_IEC_60559_ATTRIBS_EXT__ 1
| #define __STDC_WANT_IEC_60559_BFP_EXT__ 1
| #define __STDC_WANT_IEC_60559_DFP_EXT__ 1
| #define __STDC_WANT_IEC_60559_EXT__ 1
| #define __STDC_WANT_IEC_60559_FUNCS_EXT__ 1
| #define __STDC_WANT_IEC_60559_TYPES_EXT__ 1
| #define __STDC_WANT_LIB_EXT2__ 1
| #define __STDC_WANT_MATH_SPEC_FUNCS__ 1
| #define _TANDEM_SOURCE 1
| #define __EXTENSIONS__ 1
| #define _PATH_SSSD_CONF "/etc/sssd/sssd.conf"
| #define _PATH_SSSD_LIB ""LIBDIR""
| #define LOGGING SLOG_SYSLOG
| #define PRI_SUCCESS "notice"
| #define PRI_FAILURE "alert"
| #define MAXLOGFILELEN 80
| #define SEND_MAIL_WHEN_NO_USER 1
| #define MAILTO "root"
| #define MAILSUBJECT "*** SECURITY information for %h ***"
| #define PASSPROMPT "Password: "
| #define INCORRECT_PASSWORD "Sorry, try again."
| #define SUDO_UMASK 0022
| #define RUNAS_DEFAULT "root"
| #define EDITOR _PATH_VI
| #define ENV_EDITOR 1
| #define TRIES_FOR_PASSWORD 3
| #define TIMEOUT 5
| #define PASSWORD_TIMEOUT 5
| #define CLASSIC_INSULTS 1
| #define CSOPS_INSULTS 1
| #define _PATH_LDAP_CONF "/etc/ldap.conf"
| #define _PATH_LDAP_SECRET "/etc/ldap.secret"
| #define _PATH_SUDO_ASKPASS NULL
| #define ENV_RESET 1
| #define _PATH_SUDO_DEVSEARCH _PATH_DEV "pts:" _PATH_DEV "vt:" _PATH_DEV "term:" _PATH_DEV "zcons:" _PATH_DEV "pty:" _PATH_DEV "" 
| #define TIMESTAMP_TYPE tty
| #define SUDOERS_LOG_CLIENT 1
| #define HAVE_DLFCN_H 1
| #define LT_OBJDIR ".libs/"
| #define _PATH_SUDOERS_PLUGIN "sudoers.so"
| #define CONFIGURE_ARGS "--without-pam --with-vardir=/var/db/sudo --with-logpath=/var/log/sudo.log"
| #define HAVE_DECL_SECCOMP_MODE_FILTER 1
| #define HAVE_LINUX_RANDOM_H 1
| #define HAVE_SYS_SYSCALL_H 1
| #define HAVE_PROCESS_VM_READV 1
| #define restrict __restrict__
| #define _PATH_MV "/usr/bin/mv"
| #define _PATH_BSHELL "/usr/bin/sh"
| #define _PATH_VI "/usr/bin/vi"
| #define LOGFAC "authpriv"
| #define HAVE_DIRENT_H 1
| #define HAVE__BOOL 1
| #define HAVE_STDBOOL_H 1
| #define MAJOR_IN_SYSMACROS 1
| #define HAVE_UTMPX_H 1
| #define HAVE_ENDIAN_H 1
| #define HAVE_SYS_PROCFS_H 1
| #define HAVE_UNSIGNED_LONG_LONG_INT 1
| #define HAVE_LONG_LONG_INT 1
| #define HAVE_SIG_ATOMIC_T 1
| #define HAVE_STRUCT_IN6_ADDR 1
| #define HAVE_SOCKLEN_T 1
| #define SIZEOF_LONG 8
| #define SIZEOF_LONG_LONG 8
| #define SIZEOF_ID_T 4
| #define SIZEOF_OFF_T 8
| #define SIZEOF_TIME_T 8
| #define SIZEOF_UID_T 4
| #define HAVE_STRUCT_UTMP_UT_ID 1
| #define HAVE_STRUCT_UTMP_UT_PID 1
| #define HAVE_STRUCT_UTMP_UT_TV 1
| #define HAVE_STRUCT_UTMP_UT_TYPE 1
| #define HAVE_STRUCT_UTMP_UT_EXIT 1
| #define HAVE_STRUCT_UTMP_UT_EXIT_E_TERMINATION 1
| #define RTLD_PRELOAD_VAR "LD_PRELOAD"
| #define RTLD_PRELOAD_VAR_64 "LD_PRELOAD"
| #define RTLD_PRELOAD_DELIM ':'
| /* end confdefs.h.  */
| #include <stddef.h>
| #ifdef HAVE_STDIO_H
| # include <stdio.h>
| #endif
| #ifdef HAVE_STDLIB_H
| # include <stdlib.h>
| #endif
| #ifdef HAVE_STRING_H
| # include <string.h>
| #endif
| #ifdef HAVE_INTTYPES_H
| # include <inttypes.h>
| #endif
| #ifdef HAVE_STDINT_H
| # include <stdint.h>
| #endif
| #ifdef HAVE_STRINGS_H
| # include <strings.h>
| #endif
| #ifdef HAVE_SYS_TYPES_H
| # include <sys/types.h>
| #endif
| #ifdef HAVE_SYS_STAT_H
| # include <sys/stat.h>
| #endif
| #ifdef HAVE_UNISTD_H
| # include <unistd.h>
| #endif
| extern int getgroups(int, int *);
| int
| main (void)
| {
| return !(getgroups(0, 0) >= 0);
|   ;
|   return 0;
| }
configure:22413: result: gid_t
configure:22424: checking for library containing getgroups
configure:22460: gcc -o conftest -g -O2 -DZLIB_CONST  -Wl,--no-undefined conftest.c  >&5
configure:22460: $? = 0
configure:22482: result: none required
configure:22508: checking for working getgroups
configure:22523: result: yes
configure:22534: checking for declarations of fseeko and ftello
configure:22567: gcc -c -g -O2 -DZLIB_CONST conftest.c >&5
configure:22567: $? = 0
configure:22613: result: yes
configure:22632: checking for faccessat
configure:22632: gcc -o conftest -g -O2 -DZLIB_CONST  -Wl,--no-undefined conftest.c  >&5
configure:22632: $? = 0
configure:22632: result: yes
configure:22632: checking for fexecve
configure:22632: gcc -o conftest -g -O2 -DZLIB_CONST  -Wl,--no-undefined conftest.c  >&5
configure:22632: $? = 0
configure:22632: result: yes
configure:22632: checking for fmemopen
configure:22632: gcc -o conftest -g -O2 -DZLIB_CONST  -Wl,--no-undefined conftest.c  >&5
configure:22632: $? = 0
configure:22632: result: yes
configure:22632: checking for killpg
configure:22632: gcc -o conftest -g -O2 -DZLIB_CONST  -Wl,--no-undefined conftest.c  >&5
configure:22632: $? = 0
configure:22632: result: yes
configure:22632: checking for nl_langinfo
configure:22632: gcc -o conftest -g -O2 -DZLIB_CONST  -Wl,--no-undefined conftest.c  >&5
configure:22632: $? = 0
configure:22632: result: yes
configure:22632: checking for renameat
configure:22632: gcc -o conftest -g -O2 -DZLIB_CONST  -Wl,--no-undefined conftest.c  >&5
configure:22632: $? = 0
configure:22632: result: yes
configure:22632: checking for strtoull
configure:22632: gcc -o conftest -g -O2 -DZLIB_CONST  -Wl,--no-undefined conftest.c  >&5
configure:22632: $? = 0
configure:22632: result: yes
configure:22632: checking for wordexp
configure:22632: gcc -o conftest -g -O2 -DZLIB_CONST  -Wl,--no-undefined conftest.c  >&5
configure:22632: $? = 0
configure:22632: result: yes
configure:22632: checking for seteuid
configure:22632: gcc -o conftest -g -O2 -DZLIB_CONST  -Wl,--no-undefined conftest.c  >&5
configure:22632: $? = 0
configure:22632: result: yes
configure:22652: checking for execvpe
configure:22652: gcc -o conftest -g -O2 -DZLIB_CONST  -Wl,--no-undefined conftest.c  >&5
configure:22652: $? = 0
configure:22652: result: yes
configure:22668: checking for pread
configure:22668: gcc -o conftest -g -O2 -DZLIB_CONST  -Wl,--no-undefined conftest.c  >&5
configure:22668: $? = 0
configure:22668: result: yes
configure:22735: checking for pwrite
configure:22735: gcc -o conftest -g -O2 -DZLIB_CONST  -Wl,--no-undefined conftest.c  >&5
configure:22735: $? = 0
configure:22735: result: yes
configure:22762: checking for cfmakeraw
configure:22762: gcc -o conftest -g -O2 -DZLIB_CONST  -Wl,--no-undefined conftest.c  >&5
configure:22762: $? = 0
configure:22762: result: yes
configure:22789: checking for localtime_r
configure:22789: gcc -o conftest -g -O2 -DZLIB_CONST  -Wl,--no-undefined conftest.c  >&5
configure:22789: $? = 0
configure:22789: result: yes
configure:22816: checking for gmtime_r
configure:22816: gcc -o conftest -g -O2 -DZLIB_CONST  -Wl,--no-undefined conftest.c  >&5
configure:22816: $? = 0
configure:22816: result: yes
configure:22843: checking for timegm
configure:22843: gcc -o conftest -g -O2 -DZLIB_CONST  -Wl,--no-undefined conftest.c  >&5
configure:22843: $? = 0
configure:22843: result: yes
configure:22870: checking for getgrouplist
configure:22870: gcc -o conftest -g -O2 -DZLIB_CONST  -Wl,--no-undefined conftest.c  >&5
configure:22870: $? = 0
configure:22870: result: yes
configure:22965: checking for getdelim
configure:22965: gcc -o conftest -g -O2 -DZLIB_CONST  -Wl,--no-undefined conftest.c  >&5
configure:22965: $? = 0
configure:22965: result: yes
configure:22971: checking whether getdelim is declared
configure:22971: gcc -c -g -O2  -DZLIB_CONST conftest.c >&5
configure:22971: $? = 0
configure:22971: result: yes
configure:23005: checking for getusershell
configure:23005: gcc -o conftest -g -O2 -DZLIB_CONST  -Wl,--no-undefined conftest.c  >&5
configure:23005: $? = 0
configure:23005: result: yes
configure:23011: checking whether getusershell is declared
configure:23011: gcc -c -g -O2  -DZLIB_CONST conftest.c >&5
configure:23011: $? = 0
configure:23011: result: yes
configure:23044: checking for reallocarray
configure:23044: gcc -o conftest -g -O2 -DZLIB_CONST  -Wl,--no-undefined conftest.c  >&5
configure:23044: $? = 0
configure:23044: result: yes
configure:23071: checking for arc4random
configure:23071: result: no
configure:23167: checking for getentropy
configure:23167: result: no
configure:23194: checking for getauxval
configure:23194: gcc -o conftest -g -O2 -DZLIB_CONST  -Wl,--no-undefined conftest.c  >&5
configure:23194: $? = 0
configure:23194: result: yes
configure:23209: checking for pthread.h
configure:23209: gcc -c -g -O2 -DZLIB_CONST conftest.c >&5
configure:23209: $? = 0
configure:23209: result: yes
configure:23214: checking for main in -lpthread
configure:23234: gcc -o conftest -g -O2 -DZLIB_CONST  -Wl,--no-undefined conftest.c -lpthread   >&5
configure:23234: $? = 0
configure:23246: result: yes
configure:23253: checking for pthread_atfork
configure:23253: gcc -o conftest -g -O2 -DZLIB_CONST  -Wl,--no-undefined conftest.c  >&5
configure:23253: $? = 0
configure:23253: result: yes
configure:23272: checking for __builtin_clz
configure:23292: gcc -o conftest -g -O2 -DZLIB_CONST  -Wl,--no-undefined conftest.c  >&5
configure:23292: $? = 0
configure:23304: result: yes
configure:23319: checking for __builtin_clzl
configure:23339: gcc -o conftest -g -O2 -DZLIB_CONST  -Wl,--no-undefined conftest.c  >&5
configure:23339: $? = 0
configure:23351: result: yes
configure:23369: checking for getutsid
configure:23369: gcc -o conftest -g -O2 -DZLIB_CONST  -Wl,--no-undefined conftest.c  >&5
/usr/bin/ld: /tmp/cc1g2fXW.o: in function `main':
/root/xuanix/xuanix_X86_64/sudo-1.9.17p2/conftest.c:167: undefined reference to `getutsid'
collect2: error: ld returned 1 exit status
configure:23369: $? = 1
configure: failed program was:
| /* confdefs.h */
| #define PACKAGE_NAME "sudo"
| #define PACKAGE_TARNAME "sudo"
| #define PACKAGE_VERSION "1.9.17p2"
| #define PACKAGE_STRING "sudo 1.9.17p2"
| #define PACKAGE_BUGREPORT "https://bugzilla.sudo.ws/"
| #define PACKAGE_URL ""
| #define HAVE_STDIO_H 1
| #define HAVE_STDLIB_H 1
| #define HAVE_STRING_H 1
| #define HAVE_INTTYPES_H 1
| #define HAVE_STDINT_H 1
| #define HAVE_STRINGS_H 1
| #define HAVE_SYS_STAT_H 1
| #define HAVE_SYS_TYPES_H 1
| #define HAVE_UNISTD_H 1
| #define HAVE_WCHAR_H 1
| #define HAVE_PATHS_H 1
| #define HAVE_SPAWN_H 1
| #define HAVE_WORDEXP_H 1
| #define HAVE_SYS_SELECT_H 1
| #define HAVE_SYS_SYSMACROS_H 1
| #define HAVE_SYS_STATVFS_H 1
| #define STDC_HEADERS 1
| #define _ALL_SOURCE 1
| #define _DARWIN_C_SOURCE 1
| #define _GNU_SOURCE 1
| #define _HPUX_ALT_XOPEN_SOCKET_API 1
| #define _NETBSD_SOURCE 1
| #define _OPENBSD_SOURCE 1
| #define _POSIX_PTHREAD_SEMANTICS 1
| #define __STDC_WANT_IEC_60559_ATTRIBS_EXT__ 1
| #define __STDC_WANT_IEC_60559_BFP_EXT__ 1
| #define __STDC_WANT_IEC_60559_DFP_EXT__ 1
| #define __STDC_WANT_IEC_60559_EXT__ 1
| #define __STDC_WANT_IEC_60559_FUNCS_EXT__ 1
| #define __STDC_WANT_IEC_60559_TYPES_EXT__ 1
| #define __STDC_WANT_LIB_EXT2__ 1
| #define __STDC_WANT_MATH_SPEC_FUNCS__ 1
| #define _TANDEM_SOURCE 1
| #define __EXTENSIONS__ 1
| #define _PATH_SSSD_CONF "/etc/sssd/sssd.conf"
| #define _PATH_SSSD_LIB ""LIBDIR""
| #define LOGGING SLOG_SYSLOG
| #define PRI_SUCCESS "notice"
| #define PRI_FAILURE "alert"
| #define MAXLOGFILELEN 80
| #define SEND_MAIL_WHEN_NO_USER 1
| #define MAILTO "root"
| #define MAILSUBJECT "*** SECURITY information for %h ***"
| #define PASSPROMPT "Password: "
| #define INCORRECT_PASSWORD "Sorry, try again."
| #define SUDO_UMASK 0022
| #define RUNAS_DEFAULT "root"
| #define EDITOR _PATH_VI
| #define ENV_EDITOR 1
| #define TRIES_FOR_PASSWORD 3
| #define TIMEOUT 5
| #define PASSWORD_TIMEOUT 5
| #define CLASSIC_INSULTS 1
| #define CSOPS_INSULTS 1
| #define _PATH_LDAP_CONF "/etc/ldap.conf"
| #define _PATH_LDAP_SECRET "/etc/ldap.secret"
| #define _PATH_SUDO_ASKPASS NULL
| #define ENV_RESET 1
| #define _PATH_SUDO_DEVSEARCH _PATH_DEV "pts:" _PATH_DEV "vt:" _PATH_DEV "term:" _PATH_DEV "zcons:" _PATH_DEV "pty:" _PATH_DEV "" 
| #define TIMESTAMP_TYPE tty
| #define SUDOERS_LOG_CLIENT 1
| #define HAVE_DLFCN_H 1
| #define LT_OBJDIR ".libs/"
| #define _PATH_SUDOERS_PLUGIN "sudoers.so"
| #define CONFIGURE_ARGS "--without-pam --with-vardir=/var/db/sudo --with-logpath=/var/log/sudo.log"
| #define HAVE_DECL_SECCOMP_MODE_FILTER 1
| #define HAVE_LINUX_RANDOM_H 1
| #define HAVE_SYS_SYSCALL_H 1
| #define HAVE_PROCESS_VM_READV 1
| #define restrict __restrict__
| #define _PATH_MV "/usr/bin/mv"
| #define _PATH_BSHELL "/usr/bin/sh"
| #define _PATH_VI "/usr/bin/vi"
| #define LOGFAC "authpriv"
| #define HAVE_DIRENT_H 1
| #define HAVE__BOOL 1
| #define HAVE_STDBOOL_H 1
| #define MAJOR_IN_SYSMACROS 1
| #define HAVE_UTMPX_H 1
| #define HAVE_ENDIAN_H 1
| #define HAVE_SYS_PROCFS_H 1
| #define HAVE_UNSIGNED_LONG_LONG_INT 1
| #define HAVE_LONG_LONG_INT 1
| #define HAVE_SIG_ATOMIC_T 1
| #define HAVE_STRUCT_IN6_ADDR 1
| #define HAVE_SOCKLEN_T 1
| #define SIZEOF_LONG 8
| #define SIZEOF_LONG_LONG 8
| #define SIZEOF_ID_T 4
| #define SIZEOF_OFF_T 8
| #define SIZEOF_TIME_T 8
| #define SIZEOF_UID_T 4
| #define HAVE_STRUCT_UTMP_UT_ID 1
| #define HAVE_STRUCT_UTMP_UT_PID 1
| #define HAVE_STRUCT_UTMP_UT_TV 1
| #define HAVE_STRUCT_UTMP_UT_TYPE 1
| #define HAVE_STRUCT_UTMP_UT_EXIT 1
| #define HAVE_STRUCT_UTMP_UT_EXIT_E_TERMINATION 1
| #define RTLD_PRELOAD_VAR "LD_PRELOAD"
| #define RTLD_PRELOAD_VAR_64 "LD_PRELOAD"
| #define RTLD_PRELOAD_DELIM ':'
| #define GETGROUPS_T gid_t
| #define HAVE_GETGROUPS 1
| #define HAVE_FSEEKO 1
| #define HAVE_FACCESSAT 1
| #define HAVE_FEXECVE 1
| #define HAVE_FMEMOPEN 1
| #define HAVE_KILLPG 1
| #define HAVE_NL_LANGINFO 1
| #define HAVE_RENAMEAT 1
| #define HAVE_STRTOULL 1
| #define HAVE_WORDEXP 1
| #define HAVE_SETEUID 1
| #define HAVE_EXECVPE 1
| #define HAVE_PREAD 1
| #define HAVE_PWRITE 1
| #define HAVE_CFMAKERAW 1
| #define HAVE_LOCALTIME_R 1
| #define HAVE_GMTIME_R 1
| #define HAVE_TIMEGM 1
| #define HAVE_GETGROUPLIST 1
| #define HAVE_GETDELIM 1
| #define HAVE_DECL_GETDELIM 1
| #define HAVE_GETUSERSHELL 1
| #define HAVE_DECL_GETUSERSHELL 1
| #define HAVE_REALLOCARRAY 1
| #define HAVE_GETAUXVAL 1
| #define HAVE_PTHREAD_H 1
| #define HAVE_PTHREAD_ATFORK 1
| #define HAVE___BUILTIN_CLZ 1
| #define HAVE___BUILTIN_CLZL 1
| /* end confdefs.h.  */
| /* Define getutsid to an innocuous variant, in case <limits.h> declares getutsid.
|    For example, HP-UX 11i <limits.h> declares gettimeofday.  */
| #define getutsid innocuous_getutsid
| 
| /* System header to define __stub macros and hopefully few prototypes,
|    which can conflict with char getutsid (void); below.  */
| 
| #include <limits.h>
| #undef getutsid
| 
| /* Override any GCC internal prototype to avoid an error.
|    Use char because int might match the return type of a GCC
|    builtin and then its argument prototype would still apply.  */
| #ifdef __cplusplus
| extern "C"
| #endif
| char getutsid (void);
| /* The GNU C library defines this for functions which it implements
|     to always fail with ENOSYS.  Some functions are actually named
|     something starting with __ and the normal name is an alias.  */
| #if defined __stub_getutsid || defined __stub___getutsid
| choke me
| #endif
| 
| int
| main (void)
| {
| return getutsid ();
|   ;
|   return 0;
| }
configure:23369: result: no
configure:23369: checking for getutxid
configure:23369: gcc -o conftest -g -O2 -DZLIB_CONST  -Wl,--no-undefined conftest.c  >&5
configure:23369: $? = 0
configure:23369: result: yes
configure:23402: checking for sysctl
configure:23402: gcc -o conftest -g -O2 -DZLIB_CONST  -Wl,--no-undefined conftest.c  >&5
/usr/bin/ld: /tmp/ccOAteTU.o: in function `main':
/root/xuanix/xuanix_X86_64/sudo-1.9.17p2/conftest.c:168: undefined reference to `sysctl'
collect2: error: ld returned 1 exit status
configure:23402: $? = 1
configure: failed program was:
| /* confdefs.h */
| #define PACKAGE_NAME "sudo"
| #define PACKAGE_TARNAME "sudo"
| #define PACKAGE_VERSION "1.9.17p2"
| #define PACKAGE_STRING "sudo 1.9.17p2"
| #define PACKAGE_BUGREPORT "https://bugzilla.sudo.ws/"
| #define PACKAGE_URL ""
| #define HAVE_STDIO_H 1
| #define HAVE_STDLIB_H 1
| #define HAVE_STRING_H 1
| #define HAVE_INTTYPES_H 1
| #define HAVE_STDINT_H 1
| #define HAVE_STRINGS_H 1
| #define HAVE_SYS_STAT_H 1
| #define HAVE_SYS_TYPES_H 1
| #define HAVE_UNISTD_H 1
| #define HAVE_WCHAR_H 1
| #define HAVE_PATHS_H 1
| #define HAVE_SPAWN_H 1
| #define HAVE_WORDEXP_H 1
| #define HAVE_SYS_SELECT_H 1
| #define HAVE_SYS_SYSMACROS_H 1
| #define HAVE_SYS_STATVFS_H 1
| #define STDC_HEADERS 1
| #define _ALL_SOURCE 1
| #define _DARWIN_C_SOURCE 1
| #define _GNU_SOURCE 1
| #define _HPUX_ALT_XOPEN_SOCKET_API 1
| #define _NETBSD_SOURCE 1
| #define _OPENBSD_SOURCE 1
| #define _POSIX_PTHREAD_SEMANTICS 1
| #define __STDC_WANT_IEC_60559_ATTRIBS_EXT__ 1
| #define __STDC_WANT_IEC_60559_BFP_EXT__ 1
| #define __STDC_WANT_IEC_60559_DFP_EXT__ 1
| #define __STDC_WANT_IEC_60559_EXT__ 1
| #define __STDC_WANT_IEC_60559_FUNCS_EXT__ 1
| #define __STDC_WANT_IEC_60559_TYPES_EXT__ 1
| #define __STDC_WANT_LIB_EXT2__ 1
| #define __STDC_WANT_MATH_SPEC_FUNCS__ 1
| #define _TANDEM_SOURCE 1
| #define __EXTENSIONS__ 1
| #define _PATH_SSSD_CONF "/etc/sssd/sssd.conf"
| #define _PATH_SSSD_LIB ""LIBDIR""
| #define LOGGING SLOG_SYSLOG
| #define PRI_SUCCESS "notice"
| #define PRI_FAILURE "alert"
| #define MAXLOGFILELEN 80
| #define SEND_MAIL_WHEN_NO_USER 1
| #define MAILTO "root"
| #define MAILSUBJECT "*** SECURITY information for %h ***"
| #define PASSPROMPT "Password: "
| #define INCORRECT_PASSWORD "Sorry, try again."
| #define SUDO_UMASK 0022
| #define RUNAS_DEFAULT "root"
| #define EDITOR _PATH_VI
| #define ENV_EDITOR 1
| #define TRIES_FOR_PASSWORD 3
| #define TIMEOUT 5
| #define PASSWORD_TIMEOUT 5
| #define CLASSIC_INSULTS 1
| #define CSOPS_INSULTS 1
| #define _PATH_LDAP_CONF "/etc/ldap.conf"
| #define _PATH_LDAP_SECRET "/etc/ldap.secret"
| #define _PATH_SUDO_ASKPASS NULL
| #define ENV_RESET 1
| #define _PATH_SUDO_DEVSEARCH _PATH_DEV "pts:" _PATH_DEV "vt:" _PATH_DEV "term:" _PATH_DEV "zcons:" _PATH_DEV "pty:" _PATH_DEV "" 
| #define TIMESTAMP_TYPE tty
| #define SUDOERS_LOG_CLIENT 1
| #define HAVE_DLFCN_H 1
| #define LT_OBJDIR ".libs/"
| #define _PATH_SUDOERS_PLUGIN "sudoers.so"
| #define CONFIGURE_ARGS "--without-pam --with-vardir=/var/db/sudo --with-logpath=/var/log/sudo.log"
| #define HAVE_DECL_SECCOMP_MODE_FILTER 1
| #define HAVE_LINUX_RANDOM_H 1
| #define HAVE_SYS_SYSCALL_H 1
| #define HAVE_PROCESS_VM_READV 1
| #define restrict __restrict__
| #define _PATH_MV "/usr/bin/mv"
| #define _PATH_BSHELL "/usr/bin/sh"
| #define _PATH_VI "/usr/bin/vi"
| #define LOGFAC "authpriv"
| #define HAVE_DIRENT_H 1
| #define HAVE__BOOL 1
| #define HAVE_STDBOOL_H 1
| #define MAJOR_IN_SYSMACROS 1
| #define HAVE_UTMPX_H 1
| #define HAVE_ENDIAN_H 1
| #define HAVE_SYS_PROCFS_H 1
| #define HAVE_UNSIGNED_LONG_LONG_INT 1
| #define HAVE_LONG_LONG_INT 1
| #define HAVE_SIG_ATOMIC_T 1
| #define HAVE_STRUCT_IN6_ADDR 1
| #define HAVE_SOCKLEN_T 1
| #define SIZEOF_LONG 8
| #define SIZEOF_LONG_LONG 8
| #define SIZEOF_ID_T 4
| #define SIZEOF_OFF_T 8
| #define SIZEOF_TIME_T 8
| #define SIZEOF_UID_T 4
| #define HAVE_STRUCT_UTMP_UT_ID 1
| #define HAVE_STRUCT_UTMP_UT_PID 1
| #define HAVE_STRUCT_UTMP_UT_TV 1
| #define HAVE_STRUCT_UTMP_UT_TYPE 1
| #define HAVE_STRUCT_UTMP_UT_EXIT 1
| #define HAVE_STRUCT_UTMP_UT_EXIT_E_TERMINATION 1
| #define RTLD_PRELOAD_VAR "LD_PRELOAD"
| #define RTLD_PRELOAD_VAR_64 "LD_PRELOAD"
| #define RTLD_PRELOAD_DELIM ':'
| #define GETGROUPS_T gid_t
| #define HAVE_GETGROUPS 1
| #define HAVE_FSEEKO 1
| #define HAVE_FACCESSAT 1
| #define HAVE_FEXECVE 1
| #define HAVE_FMEMOPEN 1
| #define HAVE_KILLPG 1
| #define HAVE_NL_LANGINFO 1
| #define HAVE_RENAMEAT 1
| #define HAVE_STRTOULL 1
| #define HAVE_WORDEXP 1
| #define HAVE_SETEUID 1
| #define HAVE_EXECVPE 1
| #define HAVE_PREAD 1
| #define HAVE_PWRITE 1
| #define HAVE_CFMAKERAW 1
| #define HAVE_LOCALTIME_R 1
| #define HAVE_GMTIME_R 1
| #define HAVE_TIMEGM 1
| #define HAVE_GETGROUPLIST 1
| #define HAVE_GETDELIM 1
| #define HAVE_DECL_GETDELIM 1
| #define HAVE_GETUSERSHELL 1
| #define HAVE_DECL_GETUSERSHELL 1
| #define HAVE_REALLOCARRAY 1
| #define HAVE_GETAUXVAL 1
| #define HAVE_PTHREAD_H 1
| #define HAVE_PTHREAD_ATFORK 1
| #define HAVE___BUILTIN_CLZ 1
| #define HAVE___BUILTIN_CLZL 1
| #define HAVE_GETUTXID 1
| /* end confdefs.h.  */
| /* Define sysctl to an innocuous variant, in case <limits.h> declares sysctl.
|    For example, HP-UX 11i <limits.h> declares gettimeofday.  */
| #define sysctl innocuous_sysctl
| 
| /* System header to define __stub macros and hopefully few prototypes,
|    which can conflict with char sysctl (void); below.  */
| 
| #include <limits.h>
| #undef sysctl
| 
| /* Override any GCC internal prototype to avoid an error.
|    Use char because int might match the return type of a GCC
|    builtin and then its argument prototype would still apply.  */
| #ifdef __cplusplus
| extern "C"
| #endif
| char sysctl (void);
| /* The GNU C library defines this for functions which it implements
|     to always fail with ENOSYS.  Some functions are actually named
|     something starting with __ and the normal name is an alias.  */
| #if defined __stub_sysctl || defined __stub___sysctl
| choke me
| #endif
| 
| int
| main (void)
| {
| return sysctl ();
|   ;
|   return 0;
| }
configure:23402: result: no
configure:23516: checking for openpty
configure:23516: gcc -o conftest -g -O2 -DZLIB_CONST  -Wl,--no-undefined conftest.c  >&5
configure:23516: $? = 0
configure:23516: result: yes
configure:23523: checking for libutil.h
configure:23523: gcc -c -g -O2 -DZLIB_CONST conftest.c >&5
conftest.c:170:10: fatal error: libutil.h: No such file or directory
  170 | #include <libutil.h>
      |          ^~~~~~~~~~~
compilation terminated.
configure:23523: $? = 1
configure: failed program was:
| /* confdefs.h */
| #define PACKAGE_NAME "sudo"
| #define PACKAGE_TARNAME "sudo"
| #define PACKAGE_VERSION "1.9.17p2"
| #define PACKAGE_STRING "sudo 1.9.17p2"
| #define PACKAGE_BUGREPORT "https://bugzilla.sudo.ws/"
| #define PACKAGE_URL ""
| #define HAVE_STDIO_H 1
| #define HAVE_STDLIB_H 1
| #define HAVE_STRING_H 1
| #define HAVE_INTTYPES_H 1
| #define HAVE_STDINT_H 1
| #define HAVE_STRINGS_H 1
| #define HAVE_SYS_STAT_H 1
| #define HAVE_SYS_TYPES_H 1
| #define HAVE_UNISTD_H 1
| #define HAVE_WCHAR_H 1
| #define HAVE_PATHS_H 1
| #define HAVE_SPAWN_H 1
| #define HAVE_WORDEXP_H 1
| #define HAVE_SYS_SELECT_H 1
| #define HAVE_SYS_SYSMACROS_H 1
| #define HAVE_SYS_STATVFS_H 1
| #define STDC_HEADERS 1
| #define _ALL_SOURCE 1
| #define _DARWIN_C_SOURCE 1
| #define _GNU_SOURCE 1
| #define _HPUX_ALT_XOPEN_SOCKET_API 1
| #define _NETBSD_SOURCE 1
| #define _OPENBSD_SOURCE 1
| #define _POSIX_PTHREAD_SEMANTICS 1
| #define __STDC_WANT_IEC_60559_ATTRIBS_EXT__ 1
| #define __STDC_WANT_IEC_60559_BFP_EXT__ 1
| #define __STDC_WANT_IEC_60559_DFP_EXT__ 1
| #define __STDC_WANT_IEC_60559_EXT__ 1
| #define __STDC_WANT_IEC_60559_FUNCS_EXT__ 1
| #define __STDC_WANT_IEC_60559_TYPES_EXT__ 1
| #define __STDC_WANT_LIB_EXT2__ 1
| #define __STDC_WANT_MATH_SPEC_FUNCS__ 1
| #define _TANDEM_SOURCE 1
| #define __EXTENSIONS__ 1
| #define _PATH_SSSD_CONF "/etc/sssd/sssd.conf"
| #define _PATH_SSSD_LIB ""LIBDIR""
| #define LOGGING SLOG_SYSLOG
| #define PRI_SUCCESS "notice"
| #define PRI_FAILURE "alert"
| #define MAXLOGFILELEN 80
| #define SEND_MAIL_WHEN_NO_USER 1
| #define MAILTO "root"
| #define MAILSUBJECT "*** SECURITY information for %h ***"
| #define PASSPROMPT "Password: "
| #define INCORRECT_PASSWORD "Sorry, try again."
| #define SUDO_UMASK 0022
| #define RUNAS_DEFAULT "root"
| #define EDITOR _PATH_VI
| #define ENV_EDITOR 1
| #define TRIES_FOR_PASSWORD 3
| #define TIMEOUT 5
| #define PASSWORD_TIMEOUT 5
| #define CLASSIC_INSULTS 1
| #define CSOPS_INSULTS 1
| #define _PATH_LDAP_CONF "/etc/ldap.conf"
| #define _PATH_LDAP_SECRET "/etc/ldap.secret"
| #define _PATH_SUDO_ASKPASS NULL
| #define ENV_RESET 1
| #define _PATH_SUDO_DEVSEARCH _PATH_DEV "pts:" _PATH_DEV "vt:" _PATH_DEV "term:" _PATH_DEV "zcons:" _PATH_DEV "pty:" _PATH_DEV "" 
| #define TIMESTAMP_TYPE tty
| #define SUDOERS_LOG_CLIENT 1
| #define HAVE_DLFCN_H 1
| #define LT_OBJDIR ".libs/"
| #define _PATH_SUDOERS_PLUGIN "sudoers.so"
| #define CONFIGURE_ARGS "--without-pam --with-vardir=/var/db/sudo --with-logpath=/var/log/sudo.log"
| #define HAVE_DECL_SECCOMP_MODE_FILTER 1
| #define HAVE_LINUX_RANDOM_H 1
| #define HAVE_SYS_SYSCALL_H 1
| #define HAVE_PROCESS_VM_READV 1
| #define restrict __restrict__
| #define _PATH_MV "/usr/bin/mv"
| #define _PATH_BSHELL "/usr/bin/sh"
| #define _PATH_VI "/usr/bin/vi"
| #define LOGFAC "authpriv"
| #define HAVE_DIRENT_H 1
| #define HAVE__BOOL 1
| #define HAVE_STDBOOL_H 1
| #define MAJOR_IN_SYSMACROS 1
| #define HAVE_UTMPX_H 1
| #define HAVE_ENDIAN_H 1
| #define HAVE_SYS_PROCFS_H 1
| #define HAVE_UNSIGNED_LONG_LONG_INT 1
| #define HAVE_LONG_LONG_INT 1
| #define HAVE_SIG_ATOMIC_T 1
| #define HAVE_STRUCT_IN6_ADDR 1
| #define HAVE_SOCKLEN_T 1
| #define SIZEOF_LONG 8
| #define SIZEOF_LONG_LONG 8
| #define SIZEOF_ID_T 4
| #define SIZEOF_OFF_T 8
| #define SIZEOF_TIME_T 8
| #define SIZEOF_UID_T 4
| #define HAVE_STRUCT_UTMP_UT_ID 1
| #define HAVE_STRUCT_UTMP_UT_PID 1
| #define HAVE_STRUCT_UTMP_UT_TV 1
| #define HAVE_STRUCT_UTMP_UT_TYPE 1
| #define HAVE_STRUCT_UTMP_UT_EXIT 1
| #define HAVE_STRUCT_UTMP_UT_EXIT_E_TERMINATION 1
| #define RTLD_PRELOAD_VAR "LD_PRELOAD"
| #define RTLD_PRELOAD_VAR_64 "LD_PRELOAD"
| #define RTLD_PRELOAD_DELIM ':'
| #define GETGROUPS_T gid_t
| #define HAVE_GETGROUPS 1
| #define HAVE_FSEEKO 1
| #define HAVE_FACCESSAT 1
| #define HAVE_FEXECVE 1
| #define HAVE_FMEMOPEN 1
| #define HAVE_KILLPG 1
| #define HAVE_NL_LANGINFO 1
| #define HAVE_RENAMEAT 1
| #define HAVE_STRTOULL 1
| #define HAVE_WORDEXP 1
| #define HAVE_SETEUID 1
| #define HAVE_EXECVPE 1
| #define HAVE_PREAD 1
| #define HAVE_PWRITE 1
| #define HAVE_CFMAKERAW 1
| #define HAVE_LOCALTIME_R 1
| #define HAVE_GMTIME_R 1
| #define HAVE_TIMEGM 1
| #define HAVE_GETGROUPLIST 1
| #define HAVE_GETDELIM 1
| #define HAVE_DECL_GETDELIM 1
| #define HAVE_GETUSERSHELL 1
| #define HAVE_DECL_GETUSERSHELL 1
| #define HAVE_REALLOCARRAY 1
| #define HAVE_GETAUXVAL 1
| #define HAVE_PTHREAD_H 1
| #define HAVE_PTHREAD_ATFORK 1
| #define HAVE___BUILTIN_CLZ 1
| #define HAVE___BUILTIN_CLZL 1
| #define HAVE_GETUTXID 1
| #define HAVE_OPENPTY 1
| /* end confdefs.h.  */
| #include <stddef.h>
| #ifdef HAVE_STDIO_H
| # include <stdio.h>
| #endif
| #ifdef HAVE_STDLIB_H
| # include <stdlib.h>
| #endif
| #ifdef HAVE_STRING_H
| # include <string.h>
| #endif
| #ifdef HAVE_INTTYPES_H
| # include <inttypes.h>
| #endif
| #ifdef HAVE_STDINT_H
| # include <stdint.h>
| #endif
| #ifdef HAVE_STRINGS_H
| # include <strings.h>
| #endif
| #ifdef HAVE_SYS_TYPES_H
| # include <sys/types.h>
| #endif
| #ifdef HAVE_SYS_STAT_H
| # include <sys/stat.h>
| #endif
| #ifdef HAVE_UNISTD_H
| # include <unistd.h>
| #endif
| #include <libutil.h>
configure:23523: result: no
configure:23523: checking for util.h
configure:23523: gcc -c -g -O2 -DZLIB_CONST conftest.c >&5
conftest.c:170:10: fatal error: util.h: No such file or directory
  170 | #include <util.h>
      |          ^~~~~~~~
compilation terminated.
configure:23523: $? = 1
configure: failed program was:
| /* confdefs.h */
| #define PACKAGE_NAME "sudo"
| #define PACKAGE_TARNAME "sudo"
| #define PACKAGE_VERSION "1.9.17p2"
| #define PACKAGE_STRING "sudo 1.9.17p2"
| #define PACKAGE_BUGREPORT "https://bugzilla.sudo.ws/"
| #define PACKAGE_URL ""
| #define HAVE_STDIO_H 1
| #define HAVE_STDLIB_H 1
| #define HAVE_STRING_H 1
| #define HAVE_INTTYPES_H 1
| #define HAVE_STDINT_H 1
| #define HAVE_STRINGS_H 1
| #define HAVE_SYS_STAT_H 1
| #define HAVE_SYS_TYPES_H 1
| #define HAVE_UNISTD_H 1
| #define HAVE_WCHAR_H 1
| #define HAVE_PATHS_H 1
| #define HAVE_SPAWN_H 1
| #define HAVE_WORDEXP_H 1
| #define HAVE_SYS_SELECT_H 1
| #define HAVE_SYS_SYSMACROS_H 1
| #define HAVE_SYS_STATVFS_H 1
| #define STDC_HEADERS 1
| #define _ALL_SOURCE 1
| #define _DARWIN_C_SOURCE 1
| #define _GNU_SOURCE 1
| #define _HPUX_ALT_XOPEN_SOCKET_API 1
| #define _NETBSD_SOURCE 1
| #define _OPENBSD_SOURCE 1
| #define _POSIX_PTHREAD_SEMANTICS 1
| #define __STDC_WANT_IEC_60559_ATTRIBS_EXT__ 1
| #define __STDC_WANT_IEC_60559_BFP_EXT__ 1
| #define __STDC_WANT_IEC_60559_DFP_EXT__ 1
| #define __STDC_WANT_IEC_60559_EXT__ 1
| #define __STDC_WANT_IEC_60559_FUNCS_EXT__ 1
| #define __STDC_WANT_IEC_60559_TYPES_EXT__ 1
| #define __STDC_WANT_LIB_EXT2__ 1
| #define __STDC_WANT_MATH_SPEC_FUNCS__ 1
| #define _TANDEM_SOURCE 1
| #define __EXTENSIONS__ 1
| #define _PATH_SSSD_CONF "/etc/sssd/sssd.conf"
| #define _PATH_SSSD_LIB ""LIBDIR""
| #define LOGGING SLOG_SYSLOG
| #define PRI_SUCCESS "notice"
| #define PRI_FAILURE "alert"
| #define MAXLOGFILELEN 80
| #define SEND_MAIL_WHEN_NO_USER 1
| #define MAILTO "root"
| #define MAILSUBJECT "*** SECURITY information for %h ***"
| #define PASSPROMPT "Password: "
| #define INCORRECT_PASSWORD "Sorry, try again."
| #define SUDO_UMASK 0022
| #define RUNAS_DEFAULT "root"
| #define EDITOR _PATH_VI
| #define ENV_EDITOR 1
| #define TRIES_FOR_PASSWORD 3
| #define TIMEOUT 5
| #define PASSWORD_TIMEOUT 5
| #define CLASSIC_INSULTS 1
| #define CSOPS_INSULTS 1
| #define _PATH_LDAP_CONF "/etc/ldap.conf"
| #define _PATH_LDAP_SECRET "/etc/ldap.secret"
| #define _PATH_SUDO_ASKPASS NULL
| #define ENV_RESET 1
| #define _PATH_SUDO_DEVSEARCH _PATH_DEV "pts:" _PATH_DEV "vt:" _PATH_DEV "term:" _PATH_DEV "zcons:" _PATH_DEV "pty:" _PATH_DEV "" 
| #define TIMESTAMP_TYPE tty
| #define SUDOERS_LOG_CLIENT 1
| #define HAVE_DLFCN_H 1
| #define LT_OBJDIR ".libs/"
| #define _PATH_SUDOERS_PLUGIN "sudoers.so"
| #define CONFIGURE_ARGS "--without-pam --with-vardir=/var/db/sudo --with-logpath=/var/log/sudo.log"
| #define HAVE_DECL_SECCOMP_MODE_FILTER 1
| #define HAVE_LINUX_RANDOM_H 1
| #define HAVE_SYS_SYSCALL_H 1
| #define HAVE_PROCESS_VM_READV 1
| #define restrict __restrict__
| #define _PATH_MV "/usr/bin/mv"
| #define _PATH_BSHELL "/usr/bin/sh"
| #define _PATH_VI "/usr/bin/vi"
| #define LOGFAC "authpriv"
| #define HAVE_DIRENT_H 1
| #define HAVE__BOOL 1
| #define HAVE_STDBOOL_H 1
| #define MAJOR_IN_SYSMACROS 1
| #define HAVE_UTMPX_H 1
| #define HAVE_ENDIAN_H 1
| #define HAVE_SYS_PROCFS_H 1
| #define HAVE_UNSIGNED_LONG_LONG_INT 1
| #define HAVE_LONG_LONG_INT 1
| #define HAVE_SIG_ATOMIC_T 1
| #define HAVE_STRUCT_IN6_ADDR 1
| #define HAVE_SOCKLEN_T 1
| #define SIZEOF_LONG 8
| #define SIZEOF_LONG_LONG 8
| #define SIZEOF_ID_T 4
| #define SIZEOF_OFF_T 8
| #define SIZEOF_TIME_T 8
| #define SIZEOF_UID_T 4
| #define HAVE_STRUCT_UTMP_UT_ID 1
| #define HAVE_STRUCT_UTMP_UT_PID 1
| #define HAVE_STRUCT_UTMP_UT_TV 1
| #define HAVE_STRUCT_UTMP_UT_TYPE 1
| #define HAVE_STRUCT_UTMP_UT_EXIT 1
| #define HAVE_STRUCT_UTMP_UT_EXIT_E_TERMINATION 1
| #define RTLD_PRELOAD_VAR "LD_PRELOAD"
| #define RTLD_PRELOAD_VAR_64 "LD_PRELOAD"
| #define RTLD_PRELOAD_DELIM ':'
| #define GETGROUPS_T gid_t
| #define HAVE_GETGROUPS 1
| #define HAVE_FSEEKO 1
| #define HAVE_FACCESSAT 1
| #define HAVE_FEXECVE 1
| #define HAVE_FMEMOPEN 1
| #define HAVE_KILLPG 1
| #define HAVE_NL_LANGINFO 1
| #define HAVE_RENAMEAT 1
| #define HAVE_STRTOULL 1
| #define HAVE_WORDEXP 1
| #define HAVE_SETEUID 1
| #define HAVE_EXECVPE 1
| #define HAVE_PREAD 1
| #define HAVE_PWRITE 1
| #define HAVE_CFMAKERAW 1
| #define HAVE_LOCALTIME_R 1
| #define HAVE_GMTIME_R 1
| #define HAVE_TIMEGM 1
| #define HAVE_GETGROUPLIST 1
| #define HAVE_GETDELIM 1
| #define HAVE_DECL_GETDELIM 1
| #define HAVE_GETUSERSHELL 1
| #define HAVE_DECL_GETUSERSHELL 1
| #define HAVE_REALLOCARRAY 1
| #define HAVE_GETAUXVAL 1
| #define HAVE_PTHREAD_H 1
| #define HAVE_PTHREAD_ATFORK 1
| #define HAVE___BUILTIN_CLZ 1
| #define HAVE___BUILTIN_CLZL 1
| #define HAVE_GETUTXID 1
| #define HAVE_OPENPTY 1
| /* end confdefs.h.  */
| #include <stddef.h>
| #ifdef HAVE_STDIO_H
| # include <stdio.h>
| #endif
| #ifdef HAVE_STDLIB_H
| # include <stdlib.h>
| #endif
| #ifdef HAVE_STRING_H
| # include <string.h>
| #endif
| #ifdef HAVE_INTTYPES_H
| # include <inttypes.h>
| #endif
| #ifdef HAVE_STDINT_H
| # include <stdint.h>
| #endif
| #ifdef HAVE_STRINGS_H
| # include <strings.h>
| #endif
| #ifdef HAVE_SYS_TYPES_H
| # include <sys/types.h>
| #endif
| #ifdef HAVE_SYS_STAT_H
| # include <sys/stat.h>
| #endif
| #ifdef HAVE_UNISTD_H
| # include <unistd.h>
| #endif
| #include <util.h>
configure:23523: result: no
configure:23523: checking for pty.h
configure:23523: gcc -c -g -O2 -DZLIB_CONST conftest.c >&5
configure:23523: $? = 0
configure:23523: result: yes
configure:23660: checking for unsetenv
configure:23660: gcc -o conftest -g -O2 -DZLIB_CONST  -Wl,--no-undefined conftest.c  >&5
configure:23660: $? = 0
configure:23660: result: yes
configure:23664: checking whether unsetenv returns void
configure:23684: gcc -c -g -O2 -DZLIB_CONST conftest.c >&5
configure:23684: $? = 0
configure:23694: result: no
configure:23705: checking whether putenv takes a const argument
configure:23724: gcc -c -g -O2 -DZLIB_CONST conftest.c >&5
conftest.c:172:11: error: conflicting types for 'putenv'; have 'int(const char *)'
  172 |       int putenv(const char *string) {return 0;}
      |           ^~~~~~
In file included from conftest.c:149:
/usr/include/stdlib.h:654:12: note: previous declaration of 'putenv' with type 'int(char *)'
  654 | extern int putenv (char *__string) __THROW __nonnull ((1));
      |            ^~~~~~
configure:23724: $? = 1
configure: failed program was:
| /* confdefs.h */
| #define PACKAGE_NAME "sudo"
| #define PACKAGE_TARNAME "sudo"
| #define PACKAGE_VERSION "1.9.17p2"
| #define PACKAGE_STRING "sudo 1.9.17p2"
| #define PACKAGE_BUGREPORT "https://bugzilla.sudo.ws/"
| #define PACKAGE_URL ""
| #define HAVE_STDIO_H 1
| #define HAVE_STDLIB_H 1
| #define HAVE_STRING_H 1
| #define HAVE_INTTYPES_H 1
| #define HAVE_STDINT_H 1
| #define HAVE_STRINGS_H 1
| #define HAVE_SYS_STAT_H 1
| #define HAVE_SYS_TYPES_H 1
| #define HAVE_UNISTD_H 1
| #define HAVE_WCHAR_H 1
| #define HAVE_PATHS_H 1
| #define HAVE_SPAWN_H 1
| #define HAVE_WORDEXP_H 1
| #define HAVE_SYS_SELECT_H 1
| #define HAVE_SYS_SYSMACROS_H 1
| #define HAVE_SYS_STATVFS_H 1
| #define STDC_HEADERS 1
| #define _ALL_SOURCE 1
| #define _DARWIN_C_SOURCE 1
| #define _GNU_SOURCE 1
| #define _HPUX_ALT_XOPEN_SOCKET_API 1
| #define _NETBSD_SOURCE 1
| #define _OPENBSD_SOURCE 1
| #define _POSIX_PTHREAD_SEMANTICS 1
| #define __STDC_WANT_IEC_60559_ATTRIBS_EXT__ 1
| #define __STDC_WANT_IEC_60559_BFP_EXT__ 1
| #define __STDC_WANT_IEC_60559_DFP_EXT__ 1
| #define __STDC_WANT_IEC_60559_EXT__ 1
| #define __STDC_WANT_IEC_60559_FUNCS_EXT__ 1
| #define __STDC_WANT_IEC_60559_TYPES_EXT__ 1
| #define __STDC_WANT_LIB_EXT2__ 1
| #define __STDC_WANT_MATH_SPEC_FUNCS__ 1
| #define _TANDEM_SOURCE 1
| #define __EXTENSIONS__ 1
| #define _PATH_SSSD_CONF "/etc/sssd/sssd.conf"
| #define _PATH_SSSD_LIB ""LIBDIR""
| #define LOGGING SLOG_SYSLOG
| #define PRI_SUCCESS "notice"
| #define PRI_FAILURE "alert"
| #define MAXLOGFILELEN 80
| #define SEND_MAIL_WHEN_NO_USER 1
| #define MAILTO "root"
| #define MAILSUBJECT "*** SECURITY information for %h ***"
| #define PASSPROMPT "Password: "
| #define INCORRECT_PASSWORD "Sorry, try again."
| #define SUDO_UMASK 0022
| #define RUNAS_DEFAULT "root"
| #define EDITOR _PATH_VI
| #define ENV_EDITOR 1
| #define TRIES_FOR_PASSWORD 3
| #define TIMEOUT 5
| #define PASSWORD_TIMEOUT 5
| #define CLASSIC_INSULTS 1
| #define CSOPS_INSULTS 1
| #define _PATH_LDAP_CONF "/etc/ldap.conf"
| #define _PATH_LDAP_SECRET "/etc/ldap.secret"
| #define _PATH_SUDO_ASKPASS NULL
| #define ENV_RESET 1
| #define _PATH_SUDO_DEVSEARCH _PATH_DEV "pts:" _PATH_DEV "vt:" _PATH_DEV "term:" _PATH_DEV "zcons:" _PATH_DEV "pty:" _PATH_DEV "" 
| #define TIMESTAMP_TYPE tty
| #define SUDOERS_LOG_CLIENT 1
| #define HAVE_DLFCN_H 1
| #define LT_OBJDIR ".libs/"
| #define _PATH_SUDOERS_PLUGIN "sudoers.so"
| #define CONFIGURE_ARGS "--without-pam --with-vardir=/var/db/sudo --with-logpath=/var/log/sudo.log"
| #define HAVE_DECL_SECCOMP_MODE_FILTER 1
| #define HAVE_LINUX_RANDOM_H 1
| #define HAVE_SYS_SYSCALL_H 1
| #define HAVE_PROCESS_VM_READV 1
| #define restrict __restrict__
| #define _PATH_MV "/usr/bin/mv"
| #define _PATH_BSHELL "/usr/bin/sh"
| #define _PATH_VI "/usr/bin/vi"
| #define LOGFAC "authpriv"
| #define HAVE_DIRENT_H 1
| #define HAVE__BOOL 1
| #define HAVE_STDBOOL_H 1
| #define MAJOR_IN_SYSMACROS 1
| #define HAVE_UTMPX_H 1
| #define HAVE_ENDIAN_H 1
| #define HAVE_SYS_PROCFS_H 1
| #define HAVE_UNSIGNED_LONG_LONG_INT 1
| #define HAVE_LONG_LONG_INT 1
| #define HAVE_SIG_ATOMIC_T 1
| #define HAVE_STRUCT_IN6_ADDR 1
| #define HAVE_SOCKLEN_T 1
| #define SIZEOF_LONG 8
| #define SIZEOF_LONG_LONG 8
| #define SIZEOF_ID_T 4
| #define SIZEOF_OFF_T 8
| #define SIZEOF_TIME_T 8
| #define SIZEOF_UID_T 4
| #define HAVE_STRUCT_UTMP_UT_ID 1
| #define HAVE_STRUCT_UTMP_UT_PID 1
| #define HAVE_STRUCT_UTMP_UT_TV 1
| #define HAVE_STRUCT_UTMP_UT_TYPE 1
| #define HAVE_STRUCT_UTMP_UT_EXIT 1
| #define HAVE_STRUCT_UTMP_UT_EXIT_E_TERMINATION 1
| #define RTLD_PRELOAD_VAR "LD_PRELOAD"
| #define RTLD_PRELOAD_VAR_64 "LD_PRELOAD"
| #define RTLD_PRELOAD_DELIM ':'
| #define GETGROUPS_T gid_t
| #define HAVE_GETGROUPS 1
| #define HAVE_FSEEKO 1
| #define HAVE_FACCESSAT 1
| #define HAVE_FEXECVE 1
| #define HAVE_FMEMOPEN 1
| #define HAVE_KILLPG 1
| #define HAVE_NL_LANGINFO 1
| #define HAVE_RENAMEAT 1
| #define HAVE_STRTOULL 1
| #define HAVE_WORDEXP 1
| #define HAVE_SETEUID 1
| #define HAVE_EXECVPE 1
| #define HAVE_PREAD 1
| #define HAVE_PWRITE 1
| #define HAVE_CFMAKERAW 1
| #define HAVE_LOCALTIME_R 1
| #define HAVE_GMTIME_R 1
| #define HAVE_TIMEGM 1
| #define HAVE_GETGROUPLIST 1
| #define HAVE_GETDELIM 1
| #define HAVE_DECL_GETDELIM 1
| #define HAVE_GETUSERSHELL 1
| #define HAVE_DECL_GETUSERSHELL 1
| #define HAVE_REALLOCARRAY 1
| #define HAVE_GETAUXVAL 1
| #define HAVE_PTHREAD_H 1
| #define HAVE_PTHREAD_ATFORK 1
| #define HAVE___BUILTIN_CLZ 1
| #define HAVE___BUILTIN_CLZL 1
| #define HAVE_GETUTXID 1
| #define HAVE_OPENPTY 1
| #define HAVE_PTY_H 1
| #define HAVE_UNSETENV 1
| /* end confdefs.h.  */
| #include <stddef.h>
| #ifdef HAVE_STDIO_H
| # include <stdio.h>
| #endif
| #ifdef HAVE_STDLIB_H
| # include <stdlib.h>
| #endif
| #ifdef HAVE_STRING_H
| # include <string.h>
| #endif
| #ifdef HAVE_INTTYPES_H
| # include <inttypes.h>
| #endif
| #ifdef HAVE_STDINT_H
| # include <stdint.h>
| #endif
| #ifdef HAVE_STRINGS_H
| # include <strings.h>
| #endif
| #ifdef HAVE_SYS_TYPES_H
| # include <sys/types.h>
| #endif
| #ifdef HAVE_SYS_STAT_H
| # include <sys/stat.h>
| #endif
| #ifdef HAVE_UNISTD_H
| # include <unistd.h>
| #endif
|       int putenv(const char *string) {return 0;}
| 
| int
| main (void)
| {
| 
|   ;
|   return 0;
| }
configure:23735: result: no
configure:23746: checking whether ioctl() takes an int request argument
configure:23767: gcc -c -g -O2 -DZLIB_CONST conftest.c >&5
conftest.c:148:11: error: conflicting types for 'ioctl'; have 'int(int,  int, ...)'
  148 |       int ioctl(int fd, int req, ...) {return 0;}
      |           ^~~~~
In file included from conftest.c:146:
/usr/include/x86_64-linux-gnu/sys/ioctl.h:42:12: note: previous declaration of 'ioctl' with type 'int(int,  long unsigned int, ...)'
   42 | extern int ioctl (int __fd, unsigned long int __request, ...) __THROW;
      |            ^~~~~
configure:23767: $? = 1
configure: failed program was:
| /* confdefs.h */
| #define PACKAGE_NAME "sudo"
| #define PACKAGE_TARNAME "sudo"
| #define PACKAGE_VERSION "1.9.17p2"
| #define PACKAGE_STRING "sudo 1.9.17p2"
| #define PACKAGE_BUGREPORT "https://bugzilla.sudo.ws/"
| #define PACKAGE_URL ""
| #define HAVE_STDIO_H 1
| #define HAVE_STDLIB_H 1
| #define HAVE_STRING_H 1
| #define HAVE_INTTYPES_H 1
| #define HAVE_STDINT_H 1
| #define HAVE_STRINGS_H 1
| #define HAVE_SYS_STAT_H 1
| #define HAVE_SYS_TYPES_H 1
| #define HAVE_UNISTD_H 1
| #define HAVE_WCHAR_H 1
| #define HAVE_PATHS_H 1
| #define HAVE_SPAWN_H 1
| #define HAVE_WORDEXP_H 1
| #define HAVE_SYS_SELECT_H 1
| #define HAVE_SYS_SYSMACROS_H 1
| #define HAVE_SYS_STATVFS_H 1
| #define STDC_HEADERS 1
| #define _ALL_SOURCE 1
| #define _DARWIN_C_SOURCE 1
| #define _GNU_SOURCE 1
| #define _HPUX_ALT_XOPEN_SOCKET_API 1
| #define _NETBSD_SOURCE 1
| #define _OPENBSD_SOURCE 1
| #define _POSIX_PTHREAD_SEMANTICS 1
| #define __STDC_WANT_IEC_60559_ATTRIBS_EXT__ 1
| #define __STDC_WANT_IEC_60559_BFP_EXT__ 1
| #define __STDC_WANT_IEC_60559_DFP_EXT__ 1
| #define __STDC_WANT_IEC_60559_EXT__ 1
| #define __STDC_WANT_IEC_60559_FUNCS_EXT__ 1
| #define __STDC_WANT_IEC_60559_TYPES_EXT__ 1
| #define __STDC_WANT_LIB_EXT2__ 1
| #define __STDC_WANT_MATH_SPEC_FUNCS__ 1
| #define _TANDEM_SOURCE 1
| #define __EXTENSIONS__ 1
| #define _PATH_SSSD_CONF "/etc/sssd/sssd.conf"
| #define _PATH_SSSD_LIB ""LIBDIR""
| #define LOGGING SLOG_SYSLOG
| #define PRI_SUCCESS "notice"
| #define PRI_FAILURE "alert"
| #define MAXLOGFILELEN 80
| #define SEND_MAIL_WHEN_NO_USER 1
| #define MAILTO "root"
| #define MAILSUBJECT "*** SECURITY information for %h ***"
| #define PASSPROMPT "Password: "
| #define INCORRECT_PASSWORD "Sorry, try again."
| #define SUDO_UMASK 0022
| #define RUNAS_DEFAULT "root"
| #define EDITOR _PATH_VI
| #define ENV_EDITOR 1
| #define TRIES_FOR_PASSWORD 3
| #define TIMEOUT 5
| #define PASSWORD_TIMEOUT 5
| #define CLASSIC_INSULTS 1
| #define CSOPS_INSULTS 1
| #define _PATH_LDAP_CONF "/etc/ldap.conf"
| #define _PATH_LDAP_SECRET "/etc/ldap.secret"
| #define _PATH_SUDO_ASKPASS NULL
| #define ENV_RESET 1
| #define _PATH_SUDO_DEVSEARCH _PATH_DEV "pts:" _PATH_DEV "vt:" _PATH_DEV "term:" _PATH_DEV "zcons:" _PATH_DEV "pty:" _PATH_DEV "" 
| #define TIMESTAMP_TYPE tty
| #define SUDOERS_LOG_CLIENT 1
| #define HAVE_DLFCN_H 1
| #define LT_OBJDIR ".libs/"
| #define _PATH_SUDOERS_PLUGIN "sudoers.so"
| #define CONFIGURE_ARGS "--without-pam --with-vardir=/var/db/sudo --with-logpath=/var/log/sudo.log"
| #define HAVE_DECL_SECCOMP_MODE_FILTER 1
| #define HAVE_LINUX_RANDOM_H 1
| #define HAVE_SYS_SYSCALL_H 1
| #define HAVE_PROCESS_VM_READV 1
| #define restrict __restrict__
| #define _PATH_MV "/usr/bin/mv"
| #define _PATH_BSHELL "/usr/bin/sh"
| #define _PATH_VI "/usr/bin/vi"
| #define LOGFAC "authpriv"
| #define HAVE_DIRENT_H 1
| #define HAVE__BOOL 1
| #define HAVE_STDBOOL_H 1
| #define MAJOR_IN_SYSMACROS 1
| #define HAVE_UTMPX_H 1
| #define HAVE_ENDIAN_H 1
| #define HAVE_SYS_PROCFS_H 1
| #define HAVE_UNSIGNED_LONG_LONG_INT 1
| #define HAVE_LONG_LONG_INT 1
| #define HAVE_SIG_ATOMIC_T 1
| #define HAVE_STRUCT_IN6_ADDR 1
| #define HAVE_SOCKLEN_T 1
| #define SIZEOF_LONG 8
| #define SIZEOF_LONG_LONG 8
| #define SIZEOF_ID_T 4
| #define SIZEOF_OFF_T 8
| #define SIZEOF_TIME_T 8
| #define SIZEOF_UID_T 4
| #define HAVE_STRUCT_UTMP_UT_ID 1
| #define HAVE_STRUCT_UTMP_UT_PID 1
| #define HAVE_STRUCT_UTMP_UT_TV 1
| #define HAVE_STRUCT_UTMP_UT_TYPE 1
| #define HAVE_STRUCT_UTMP_UT_EXIT 1
| #define HAVE_STRUCT_UTMP_UT_EXIT_E_TERMINATION 1
| #define RTLD_PRELOAD_VAR "LD_PRELOAD"
| #define RTLD_PRELOAD_VAR_64 "LD_PRELOAD"
| #define RTLD_PRELOAD_DELIM ':'
| #define GETGROUPS_T gid_t
| #define HAVE_GETGROUPS 1
| #define HAVE_FSEEKO 1
| #define HAVE_FACCESSAT 1
| #define HAVE_FEXECVE 1
| #define HAVE_FMEMOPEN 1
| #define HAVE_KILLPG 1
| #define HAVE_NL_LANGINFO 1
| #define HAVE_RENAMEAT 1
| #define HAVE_STRTOULL 1
| #define HAVE_WORDEXP 1
| #define HAVE_SETEUID 1
| #define HAVE_EXECVPE 1
| #define HAVE_PREAD 1
| #define HAVE_PWRITE 1
| #define HAVE_CFMAKERAW 1
| #define HAVE_LOCALTIME_R 1
| #define HAVE_GMTIME_R 1
| #define HAVE_TIMEGM 1
| #define HAVE_GETGROUPLIST 1
| #define HAVE_GETDELIM 1
| #define HAVE_DECL_GETDELIM 1
| #define HAVE_GETUSERSHELL 1
| #define HAVE_DECL_GETUSERSHELL 1
| #define HAVE_REALLOCARRAY 1
| #define HAVE_GETAUXVAL 1
| #define HAVE_PTHREAD_H 1
| #define HAVE_PTHREAD_ATFORK 1
| #define HAVE___BUILTIN_CLZ 1
| #define HAVE___BUILTIN_CLZL 1
| #define HAVE_GETUTXID 1
| #define HAVE_OPENPTY 1
| #define HAVE_PTY_H 1
| #define HAVE_UNSETENV 1
| #define PUTENV_CONST /**/
| /* end confdefs.h.  */
| #include <sys/types.h>
| #include <sys/ioctl.h>
| #include <unistd.h>
|       int ioctl(int fd, int req, ...) {return 0;}
| 
| int
| main (void)
| {
| 
|   ;
|   return 0;
| }
configure:23778: result: no
configure:23795: checking for setresuid
configure:23795: gcc -o conftest -g -O2 -DZLIB_CONST  -Wl,--no-undefined conftest.c  >&5
configure:23795: $? = 0
configure:23795: result: yes
configure:23801: checking whether setresuid is declared
configure:23801: gcc -c -g -O2  -DZLIB_CONST conftest.c >&5
configure:23801: $? = 0
configure:23801: result: yes
configure:23814: checking for getresuid
configure:23814: gcc -o conftest -g -O2 -DZLIB_CONST  -Wl,--no-undefined conftest.c  >&5
configure:23814: $? = 0
configure:23814: result: yes
configure:23818: checking whether getresuid is declared
configure:23818: gcc -c -g -O2  -DZLIB_CONST conftest.c >&5
configure:23818: $? = 0
configure:23818: result: yes
configure:23840: checking for setreuid
configure:23840: gcc -o conftest -g -O2 -DZLIB_CONST  -Wl,--no-undefined conftest.c  >&5
configure:23840: $? = 0
configure:23840: result: yes
configure:23857: checking for getifaddrs
configure:23857: gcc -o conftest -g -O2 -DZLIB_CONST  -Wl,--no-undefined conftest.c  >&5
configure:23857: $? = 0
configure:23857: result: yes
configure:23861: checking for freeifaddrs
configure:23861: gcc -o conftest -g -O2 -DZLIB_CONST  -Wl,--no-undefined conftest.c  >&5
configure:23861: $? = 0
configure:23861: result: yes
configure:23876: checking for lockf
configure:23876: gcc -o conftest -g -O2 -DZLIB_CONST  -Wl,--no-undefined conftest.c  >&5
configure:23876: $? = 0
configure:23876: result: yes
configure:23887: checking for innetgr
configure:23887: gcc -o conftest -g -O2 -DZLIB_CONST  -Wl,--no-undefined conftest.c  >&5
configure:23887: $? = 0
configure:23887: result: yes
configure:23892: checking whether innetgr is declared
configure:23892: gcc -c -g -O2  -DZLIB_CONST conftest.c >&5
configure:23892: $? = 0
configure:23892: result: yes
configure:23950: checking for getdomainname
configure:23950: gcc -o conftest -g -O2 -DZLIB_CONST  -Wl,--no-undefined conftest.c  >&5
configure:23950: $? = 0
configure:23950: result: yes
configure:23955: checking whether getdomainname is declared
configure:23955: gcc -c -g -O2  -DZLIB_CONST conftest.c >&5
configure:23955: $? = 0
configure:23955: result: yes
configure:23997: checking for utimensat
configure:23997: gcc -o conftest -g -O2 -DZLIB_CONST  -Wl,--no-undefined conftest.c  >&5
configure:23997: $? = 0
configure:23997: result: yes
configure:24031: checking for futimens
configure:24031: gcc -o conftest -g -O2 -DZLIB_CONST  -Wl,--no-undefined conftest.c  >&5
configure:24031: $? = 0
configure:24031: result: yes
configure:24072: checking for explicit_bzero
configure:24072: gcc -o conftest -g -O2 -DZLIB_CONST  -Wl,--no-undefined conftest.c  >&5
configure:24072: $? = 0
configure:24072: result: yes
configure:24111: checking for working fnmatch with FNM_CASEFOLD
configure:24127: gcc -o conftest -g -O2 -DZLIB_CONST  -Wl,--no-undefined conftest.c  >&5
configure:24127: $? = 0
configure:24127: ./conftest
configure:24127: $? = 0
configure:24142: result: yes
configure:24167: checking for isblank
configure:24184: gcc -o conftest -g -O2 -DZLIB_CONST  -Wl,--no-undefined conftest.c  >&5
configure:24184: $? = 0
configure:24195: result: yes
configure:24220: checking for glob
configure:24220: gcc -o conftest -g -O2 -DZLIB_CONST  -Wl,--no-undefined conftest.c  >&5
configure:24220: $? = 0
configure:24220: result: yes
configure:24247: checking for memrchr
configure:24247: gcc -o conftest -g -O2 -DZLIB_CONST  -Wl,--no-undefined conftest.c  >&5
configure:24247: $? = 0
configure:24247: result: yes
configure:24274: checking for freezero
configure:24274: gcc -o conftest -g -O2 -DZLIB_CONST  -Wl,--no-undefined conftest.c  >&5
/usr/bin/ld: /tmp/ccXQ9cO9.o: in function `main':
/root/xuanix/xuanix_X86_64/sudo-1.9.17p2/conftest.c:192: undefined reference to `freezero'
collect2: error: ld returned 1 exit status
configure:24274: $? = 1
configure: failed program was:
| /* confdefs.h */
| #define PACKAGE_NAME "sudo"
| #define PACKAGE_TARNAME "sudo"
| #define PACKAGE_VERSION "1.9.17p2"
| #define PACKAGE_STRING "sudo 1.9.17p2"
| #define PACKAGE_BUGREPORT "https://bugzilla.sudo.ws/"
| #define PACKAGE_URL ""
| #define HAVE_STDIO_H 1
| #define HAVE_STDLIB_H 1
| #define HAVE_STRING_H 1
| #define HAVE_INTTYPES_H 1
| #define HAVE_STDINT_H 1
| #define HAVE_STRINGS_H 1
| #define HAVE_SYS_STAT_H 1
| #define HAVE_SYS_TYPES_H 1
| #define HAVE_UNISTD_H 1
| #define HAVE_WCHAR_H 1
| #define HAVE_PATHS_H 1
| #define HAVE_SPAWN_H 1
| #define HAVE_WORDEXP_H 1
| #define HAVE_SYS_SELECT_H 1
| #define HAVE_SYS_SYSMACROS_H 1
| #define HAVE_SYS_STATVFS_H 1
| #define STDC_HEADERS 1
| #define _ALL_SOURCE 1
| #define _DARWIN_C_SOURCE 1
| #define _GNU_SOURCE 1
| #define _HPUX_ALT_XOPEN_SOCKET_API 1
| #define _NETBSD_SOURCE 1
| #define _OPENBSD_SOURCE 1
| #define _POSIX_PTHREAD_SEMANTICS 1
| #define __STDC_WANT_IEC_60559_ATTRIBS_EXT__ 1
| #define __STDC_WANT_IEC_60559_BFP_EXT__ 1
| #define __STDC_WANT_IEC_60559_DFP_EXT__ 1
| #define __STDC_WANT_IEC_60559_EXT__ 1
| #define __STDC_WANT_IEC_60559_FUNCS_EXT__ 1
| #define __STDC_WANT_IEC_60559_TYPES_EXT__ 1
| #define __STDC_WANT_LIB_EXT2__ 1
| #define __STDC_WANT_MATH_SPEC_FUNCS__ 1
| #define _TANDEM_SOURCE 1
| #define __EXTENSIONS__ 1
| #define _PATH_SSSD_CONF "/etc/sssd/sssd.conf"
| #define _PATH_SSSD_LIB ""LIBDIR""
| #define LOGGING SLOG_SYSLOG
| #define PRI_SUCCESS "notice"
| #define PRI_FAILURE "alert"
| #define MAXLOGFILELEN 80
| #define SEND_MAIL_WHEN_NO_USER 1
| #define MAILTO "root"
| #define MAILSUBJECT "*** SECURITY information for %h ***"
| #define PASSPROMPT "Password: "
| #define INCORRECT_PASSWORD "Sorry, try again."
| #define SUDO_UMASK 0022
| #define RUNAS_DEFAULT "root"
| #define EDITOR _PATH_VI
| #define ENV_EDITOR 1
| #define TRIES_FOR_PASSWORD 3
| #define TIMEOUT 5
| #define PASSWORD_TIMEOUT 5
| #define CLASSIC_INSULTS 1
| #define CSOPS_INSULTS 1
| #define _PATH_LDAP_CONF "/etc/ldap.conf"
| #define _PATH_LDAP_SECRET "/etc/ldap.secret"
| #define _PATH_SUDO_ASKPASS NULL
| #define ENV_RESET 1
| #define _PATH_SUDO_DEVSEARCH _PATH_DEV "pts:" _PATH_DEV "vt:" _PATH_DEV "term:" _PATH_DEV "zcons:" _PATH_DEV "pty:" _PATH_DEV "" 
| #define TIMESTAMP_TYPE tty
| #define SUDOERS_LOG_CLIENT 1
| #define HAVE_DLFCN_H 1
| #define LT_OBJDIR ".libs/"
| #define _PATH_SUDOERS_PLUGIN "sudoers.so"
| #define CONFIGURE_ARGS "--without-pam --with-vardir=/var/db/sudo --with-logpath=/var/log/sudo.log"
| #define HAVE_DECL_SECCOMP_MODE_FILTER 1
| #define HAVE_LINUX_RANDOM_H 1
| #define HAVE_SYS_SYSCALL_H 1
| #define HAVE_PROCESS_VM_READV 1
| #define restrict __restrict__
| #define _PATH_MV "/usr/bin/mv"
| #define _PATH_BSHELL "/usr/bin/sh"
| #define _PATH_VI "/usr/bin/vi"
| #define LOGFAC "authpriv"
| #define HAVE_DIRENT_H 1
| #define HAVE__BOOL 1
| #define HAVE_STDBOOL_H 1
| #define MAJOR_IN_SYSMACROS 1
| #define HAVE_UTMPX_H 1
| #define HAVE_ENDIAN_H 1
| #define HAVE_SYS_PROCFS_H 1
| #define HAVE_UNSIGNED_LONG_LONG_INT 1
| #define HAVE_LONG_LONG_INT 1
| #define HAVE_SIG_ATOMIC_T 1
| #define HAVE_STRUCT_IN6_ADDR 1
| #define HAVE_SOCKLEN_T 1
| #define SIZEOF_LONG 8
| #define SIZEOF_LONG_LONG 8
| #define SIZEOF_ID_T 4
| #define SIZEOF_OFF_T 8
| #define SIZEOF_TIME_T 8
| #define SIZEOF_UID_T 4
| #define HAVE_STRUCT_UTMP_UT_ID 1
| #define HAVE_STRUCT_UTMP_UT_PID 1
| #define HAVE_STRUCT_UTMP_UT_TV 1
| #define HAVE_STRUCT_UTMP_UT_TYPE 1
| #define HAVE_STRUCT_UTMP_UT_EXIT 1
| #define HAVE_STRUCT_UTMP_UT_EXIT_E_TERMINATION 1
| #define RTLD_PRELOAD_VAR "LD_PRELOAD"
| #define RTLD_PRELOAD_VAR_64 "LD_PRELOAD"
| #define RTLD_PRELOAD_DELIM ':'
| #define GETGROUPS_T gid_t
| #define HAVE_GETGROUPS 1
| #define HAVE_FSEEKO 1
| #define HAVE_FACCESSAT 1
| #define HAVE_FEXECVE 1
| #define HAVE_FMEMOPEN 1
| #define HAVE_KILLPG 1
| #define HAVE_NL_LANGINFO 1
| #define HAVE_RENAMEAT 1
| #define HAVE_STRTOULL 1
| #define HAVE_WORDEXP 1
| #define HAVE_SETEUID 1
| #define HAVE_EXECVPE 1
| #define HAVE_PREAD 1
| #define HAVE_PWRITE 1
| #define HAVE_CFMAKERAW 1
| #define HAVE_LOCALTIME_R 1
| #define HAVE_GMTIME_R 1
| #define HAVE_TIMEGM 1
| #define HAVE_GETGROUPLIST 1
| #define HAVE_GETDELIM 1
| #define HAVE_DECL_GETDELIM 1
| #define HAVE_GETUSERSHELL 1
| #define HAVE_DECL_GETUSERSHELL 1
| #define HAVE_REALLOCARRAY 1
| #define HAVE_GETAUXVAL 1
| #define HAVE_PTHREAD_H 1
| #define HAVE_PTHREAD_ATFORK 1
| #define HAVE___BUILTIN_CLZ 1
| #define HAVE___BUILTIN_CLZL 1
| #define HAVE_GETUTXID 1
| #define HAVE_OPENPTY 1
| #define HAVE_PTY_H 1
| #define HAVE_UNSETENV 1
| #define PUTENV_CONST /**/
| #define IOCTL_REQ_CAST /**/
| #define HAVE_SETRESUID 1
| #define HAVE_DECL_SETRESUID 1
| #define HAVE_GETRESUID 1
| #define HAVE_DECL_GETRESUID 1
| #define HAVE_SETREUID 1
| #define HAVE_GETIFADDRS 1
| #define HAVE_FREEIFADDRS 1
| #define HAVE_LOCKF 1
| #define HAVE_INNETGR 1
| #define HAVE_DECL_INNETGR 1
| #define HAVE_GETDOMAINNAME 1
| #define HAVE_DECL_GETDOMAINNAME 1
| #define HAVE_UTIMENSAT 1
| #define HAVE_FUTIMENS 1
| #define HAVE_EXPLICIT_BZERO 1
| #define HAVE_FNMATCH 1
| #define HAVE_ISBLANK 1
| #define HAVE_GLOB 1
| #define HAVE_MEMRCHR 1
| /* end confdefs.h.  */
| /* Define freezero to an innocuous variant, in case <limits.h> declares freezero.
|    For example, HP-UX 11i <limits.h> declares gettimeofday.  */
| #define freezero innocuous_freezero
| 
| /* System header to define __stub macros and hopefully few prototypes,
|    which can conflict with char freezero (void); below.  */
| 
| #include <limits.h>
| #undef freezero
| 
| /* Override any GCC internal prototype to avoid an error.
|    Use char because int might match the return type of a GCC
|    builtin and then its argument prototype would still apply.  */
| #ifdef __cplusplus
| extern "C"
| #endif
| char freezero (void);
| /* The GNU C library defines this for functions which it implements
|     to always fail with ENOSYS.  Some functions are actually named
|     something starting with __ and the normal name is an alias.  */
| #if defined __stub_freezero || defined __stub___freezero
| choke me
| #endif
| 
| int
| main (void)
| {
| return freezero ();
|   ;
|   return 0;
| }
configure:24274: result: no
configure:24301: checking for nanosleep
configure:24301: gcc -o conftest -g -O2 -DZLIB_CONST  -Wl,--no-undefined conftest.c  >&5
configure:24301: $? = 0
configure:24301: result: yes
configure:24385: checking for fchownat
configure:24385: gcc -o conftest -g -O2 -DZLIB_CONST  -Wl,--no-undefined conftest.c  >&5
configure:24385: $? = 0
configure:24385: result: yes
configure:24412: checking for mkdirat
configure:24412: gcc -o conftest -g -O2 -DZLIB_CONST  -Wl,--no-undefined conftest.c  >&5
configure:24412: $? = 0
configure:24412: result: yes
configure:24439: checking for openat
configure:24439: gcc -o conftest -g -O2 -DZLIB_CONST  -Wl,--no-undefined conftest.c  >&5
configure:24439: $? = 0
configure:24439: result: yes
configure:24466: checking for unlinkat
configure:24466: gcc -o conftest -g -O2 -DZLIB_CONST  -Wl,--no-undefined conftest.c  >&5
configure:24466: $? = 0
configure:24466: result: yes
configure:24493: checking for fchmodat
configure:24493: gcc -o conftest -g -O2 -DZLIB_CONST  -Wl,--no-undefined conftest.c  >&5
configure:24493: $? = 0
configure:24493: result: yes
configure:24520: checking for fstatat
configure:24520: gcc -o conftest -g -O2 -DZLIB_CONST  -Wl,--no-undefined conftest.c  >&5
configure:24520: $? = 0
configure:24520: result: yes
configure:24547: checking for dup3
configure:24547: gcc -o conftest -g -O2 -DZLIB_CONST  -Wl,--no-undefined conftest.c  >&5
configure:24547: $? = 0
configure:24547: result: yes
configure:24574: checking for pipe2
configure:24574: gcc -o conftest -g -O2 -DZLIB_CONST  -Wl,--no-undefined conftest.c  >&5
configure:24574: $? = 0
configure:24574: result: yes
configure:24601: checking for pw_dup
configure:24601: gcc -o conftest -g -O2 -DZLIB_CONST  -Wl,--no-undefined conftest.c  >&5
/usr/bin/ld: /tmp/ccFOMRsT.o: in function `main':
/root/xuanix/xuanix_X86_64/sudo-1.9.17p2/conftest.c:201: undefined reference to `pw_dup'
collect2: error: ld returned 1 exit status
configure:24601: $? = 1
configure: failed program was:
| /* confdefs.h */
| #define PACKAGE_NAME "sudo"
| #define PACKAGE_TARNAME "sudo"
| #define PACKAGE_VERSION "1.9.17p2"
| #define PACKAGE_STRING "sudo 1.9.17p2"
| #define PACKAGE_BUGREPORT "https://bugzilla.sudo.ws/"
| #define PACKAGE_URL ""
| #define HAVE_STDIO_H 1
| #define HAVE_STDLIB_H 1
| #define HAVE_STRING_H 1
| #define HAVE_INTTYPES_H 1
| #define HAVE_STDINT_H 1
| #define HAVE_STRINGS_H 1
| #define HAVE_SYS_STAT_H 1
| #define HAVE_SYS_TYPES_H 1
| #define HAVE_UNISTD_H 1
| #define HAVE_WCHAR_H 1
| #define HAVE_PATHS_H 1
| #define HAVE_SPAWN_H 1
| #define HAVE_WORDEXP_H 1
| #define HAVE_SYS_SELECT_H 1
| #define HAVE_SYS_SYSMACROS_H 1
| #define HAVE_SYS_STATVFS_H 1
| #define STDC_HEADERS 1
| #define _ALL_SOURCE 1
| #define _DARWIN_C_SOURCE 1
| #define _GNU_SOURCE 1
| #define _HPUX_ALT_XOPEN_SOCKET_API 1
| #define _NETBSD_SOURCE 1
| #define _OPENBSD_SOURCE 1
| #define _POSIX_PTHREAD_SEMANTICS 1
| #define __STDC_WANT_IEC_60559_ATTRIBS_EXT__ 1
| #define __STDC_WANT_IEC_60559_BFP_EXT__ 1
| #define __STDC_WANT_IEC_60559_DFP_EXT__ 1
| #define __STDC_WANT_IEC_60559_EXT__ 1
| #define __STDC_WANT_IEC_60559_FUNCS_EXT__ 1
| #define __STDC_WANT_IEC_60559_TYPES_EXT__ 1
| #define __STDC_WANT_LIB_EXT2__ 1
| #define __STDC_WANT_MATH_SPEC_FUNCS__ 1
| #define _TANDEM_SOURCE 1
| #define __EXTENSIONS__ 1
| #define _PATH_SSSD_CONF "/etc/sssd/sssd.conf"
| #define _PATH_SSSD_LIB ""LIBDIR""
| #define LOGGING SLOG_SYSLOG
| #define PRI_SUCCESS "notice"
| #define PRI_FAILURE "alert"
| #define MAXLOGFILELEN 80
| #define SEND_MAIL_WHEN_NO_USER 1
| #define MAILTO "root"
| #define MAILSUBJECT "*** SECURITY information for %h ***"
| #define PASSPROMPT "Password: "
| #define INCORRECT_PASSWORD "Sorry, try again."
| #define SUDO_UMASK 0022
| #define RUNAS_DEFAULT "root"
| #define EDITOR _PATH_VI
| #define ENV_EDITOR 1
| #define TRIES_FOR_PASSWORD 3
| #define TIMEOUT 5
| #define PASSWORD_TIMEOUT 5
| #define CLASSIC_INSULTS 1
| #define CSOPS_INSULTS 1
| #define _PATH_LDAP_CONF "/etc/ldap.conf"
| #define _PATH_LDAP_SECRET "/etc/ldap.secret"
| #define _PATH_SUDO_ASKPASS NULL
| #define ENV_RESET 1
| #define _PATH_SUDO_DEVSEARCH _PATH_DEV "pts:" _PATH_DEV "vt:" _PATH_DEV "term:" _PATH_DEV "zcons:" _PATH_DEV "pty:" _PATH_DEV "" 
| #define TIMESTAMP_TYPE tty
| #define SUDOERS_LOG_CLIENT 1
| #define HAVE_DLFCN_H 1
| #define LT_OBJDIR ".libs/"
| #define _PATH_SUDOERS_PLUGIN "sudoers.so"
| #define CONFIGURE_ARGS "--without-pam --with-vardir=/var/db/sudo --with-logpath=/var/log/sudo.log"
| #define HAVE_DECL_SECCOMP_MODE_FILTER 1
| #define HAVE_LINUX_RANDOM_H 1
| #define HAVE_SYS_SYSCALL_H 1
| #define HAVE_PROCESS_VM_READV 1
| #define restrict __restrict__
| #define _PATH_MV "/usr/bin/mv"
| #define _PATH_BSHELL "/usr/bin/sh"
| #define _PATH_VI "/usr/bin/vi"
| #define LOGFAC "authpriv"
| #define HAVE_DIRENT_H 1
| #define HAVE__BOOL 1
| #define HAVE_STDBOOL_H 1
| #define MAJOR_IN_SYSMACROS 1
| #define HAVE_UTMPX_H 1
| #define HAVE_ENDIAN_H 1
| #define HAVE_SYS_PROCFS_H 1
| #define HAVE_UNSIGNED_LONG_LONG_INT 1
| #define HAVE_LONG_LONG_INT 1
| #define HAVE_SIG_ATOMIC_T 1
| #define HAVE_STRUCT_IN6_ADDR 1
| #define HAVE_SOCKLEN_T 1
| #define SIZEOF_LONG 8
| #define SIZEOF_LONG_LONG 8
| #define SIZEOF_ID_T 4
| #define SIZEOF_OFF_T 8
| #define SIZEOF_TIME_T 8
| #define SIZEOF_UID_T 4
| #define HAVE_STRUCT_UTMP_UT_ID 1
| #define HAVE_STRUCT_UTMP_UT_PID 1
| #define HAVE_STRUCT_UTMP_UT_TV 1
| #define HAVE_STRUCT_UTMP_UT_TYPE 1
| #define HAVE_STRUCT_UTMP_UT_EXIT 1
| #define HAVE_STRUCT_UTMP_UT_EXIT_E_TERMINATION 1
| #define RTLD_PRELOAD_VAR "LD_PRELOAD"
| #define RTLD_PRELOAD_VAR_64 "LD_PRELOAD"
| #define RTLD_PRELOAD_DELIM ':'
| #define GETGROUPS_T gid_t
| #define HAVE_GETGROUPS 1
| #define HAVE_FSEEKO 1
| #define HAVE_FACCESSAT 1
| #define HAVE_FEXECVE 1
| #define HAVE_FMEMOPEN 1
| #define HAVE_KILLPG 1
| #define HAVE_NL_LANGINFO 1
| #define HAVE_RENAMEAT 1
| #define HAVE_STRTOULL 1
| #define HAVE_WORDEXP 1
| #define HAVE_SETEUID 1
| #define HAVE_EXECVPE 1
| #define HAVE_PREAD 1
| #define HAVE_PWRITE 1
| #define HAVE_CFMAKERAW 1
| #define HAVE_LOCALTIME_R 1
| #define HAVE_GMTIME_R 1
| #define HAVE_TIMEGM 1
| #define HAVE_GETGROUPLIST 1
| #define HAVE_GETDELIM 1
| #define HAVE_DECL_GETDELIM 1
| #define HAVE_GETUSERSHELL 1
| #define HAVE_DECL_GETUSERSHELL 1
| #define HAVE_REALLOCARRAY 1
| #define HAVE_GETAUXVAL 1
| #define HAVE_PTHREAD_H 1
| #define HAVE_PTHREAD_ATFORK 1
| #define HAVE___BUILTIN_CLZ 1
| #define HAVE___BUILTIN_CLZL 1
| #define HAVE_GETUTXID 1
| #define HAVE_OPENPTY 1
| #define HAVE_PTY_H 1
| #define HAVE_UNSETENV 1
| #define PUTENV_CONST /**/
| #define IOCTL_REQ_CAST /**/
| #define HAVE_SETRESUID 1
| #define HAVE_DECL_SETRESUID 1
| #define HAVE_GETRESUID 1
| #define HAVE_DECL_GETRESUID 1
| #define HAVE_SETREUID 1
| #define HAVE_GETIFADDRS 1
| #define HAVE_FREEIFADDRS 1
| #define HAVE_LOCKF 1
| #define HAVE_INNETGR 1
| #define HAVE_DECL_INNETGR 1
| #define HAVE_GETDOMAINNAME 1
| #define HAVE_DECL_GETDOMAINNAME 1
| #define HAVE_UTIMENSAT 1
| #define HAVE_FUTIMENS 1
| #define HAVE_EXPLICIT_BZERO 1
| #define HAVE_FNMATCH 1
| #define HAVE_ISBLANK 1
| #define HAVE_GLOB 1
| #define HAVE_MEMRCHR 1
| #define HAVE_NANOSLEEP 1
| #define HAVE_FCHOWNAT 1
| #define HAVE_MKDIRAT 1
| #define HAVE_OPENAT 1
| #define HAVE_UNLINKAT 1
| #define HAVE_FCHMODAT 1
| #define HAVE_FSTATAT 1
| #define HAVE_DUP3 1
| #define HAVE_PIPE2 1
| /* end confdefs.h.  */
| /* Define pw_dup to an innocuous variant, in case <limits.h> declares pw_dup.
|    For example, HP-UX 11i <limits.h> declares gettimeofday.  */
| #define pw_dup innocuous_pw_dup
| 
| /* System header to define __stub macros and hopefully few prototypes,
|    which can conflict with char pw_dup (void); below.  */
| 
| #include <limits.h>
| #undef pw_dup
| 
| /* Override any GCC internal prototype to avoid an error.
|    Use char because int might match the return type of a GCC
|    builtin and then its argument prototype would still apply.  */
| #ifdef __cplusplus
| extern "C"
| #endif
| char pw_dup (void);
| /* The GNU C library defines this for functions which it implements
|     to always fail with ENOSYS.  Some functions are actually named
|     something starting with __ and the normal name is an alias.  */
| #if defined __stub_pw_dup || defined __stub___pw_dup
| choke me
| #endif
| 
| int
| main (void)
| {
| return pw_dup ();
|   ;
|   return 0;
| }
configure:24601: result: no
configure:24628: checking for realpath
configure:24628: gcc -o conftest -g -O2 -DZLIB_CONST  -Wl,--no-undefined conftest.c  >&5
configure:24628: $? = 0
configure:24628: result: yes
configure:24655: checking for strlcpy
configure:24655: gcc -o conftest -g -O2 -DZLIB_CONST  -Wl,--no-undefined conftest.c  >&5
/usr/bin/ld: /tmp/ccNY0FFv.o: in function `main':
/root/xuanix/xuanix_X86_64/sudo-1.9.17p2/conftest.c:202: undefined reference to `strlcpy'
collect2: error: ld returned 1 exit status
configure:24655: $? = 1
configure: failed program was:
| /* confdefs.h */
| #define PACKAGE_NAME "sudo"
| #define PACKAGE_TARNAME "sudo"
| #define PACKAGE_VERSION "1.9.17p2"
| #define PACKAGE_STRING "sudo 1.9.17p2"
| #define PACKAGE_BUGREPORT "https://bugzilla.sudo.ws/"
| #define PACKAGE_URL ""
| #define HAVE_STDIO_H 1
| #define HAVE_STDLIB_H 1
| #define HAVE_STRING_H 1
| #define HAVE_INTTYPES_H 1
| #define HAVE_STDINT_H 1
| #define HAVE_STRINGS_H 1
| #define HAVE_SYS_STAT_H 1
| #define HAVE_SYS_TYPES_H 1
| #define HAVE_UNISTD_H 1
| #define HAVE_WCHAR_H 1
| #define HAVE_PATHS_H 1
| #define HAVE_SPAWN_H 1
| #define HAVE_WORDEXP_H 1
| #define HAVE_SYS_SELECT_H 1
| #define HAVE_SYS_SYSMACROS_H 1
| #define HAVE_SYS_STATVFS_H 1
| #define STDC_HEADERS 1
| #define _ALL_SOURCE 1
| #define _DARWIN_C_SOURCE 1
| #define _GNU_SOURCE 1
| #define _HPUX_ALT_XOPEN_SOCKET_API 1
| #define _NETBSD_SOURCE 1
| #define _OPENBSD_SOURCE 1
| #define _POSIX_PTHREAD_SEMANTICS 1
| #define __STDC_WANT_IEC_60559_ATTRIBS_EXT__ 1
| #define __STDC_WANT_IEC_60559_BFP_EXT__ 1
| #define __STDC_WANT_IEC_60559_DFP_EXT__ 1
| #define __STDC_WANT_IEC_60559_EXT__ 1
| #define __STDC_WANT_IEC_60559_FUNCS_EXT__ 1
| #define __STDC_WANT_IEC_60559_TYPES_EXT__ 1
| #define __STDC_WANT_LIB_EXT2__ 1
| #define __STDC_WANT_MATH_SPEC_FUNCS__ 1
| #define _TANDEM_SOURCE 1
| #define __EXTENSIONS__ 1
| #define _PATH_SSSD_CONF "/etc/sssd/sssd.conf"
| #define _PATH_SSSD_LIB ""LIBDIR""
| #define LOGGING SLOG_SYSLOG
| #define PRI_SUCCESS "notice"
| #define PRI_FAILURE "alert"
| #define MAXLOGFILELEN 80
| #define SEND_MAIL_WHEN_NO_USER 1
| #define MAILTO "root"
| #define MAILSUBJECT "*** SECURITY information for %h ***"
| #define PASSPROMPT "Password: "
| #define INCORRECT_PASSWORD "Sorry, try again."
| #define SUDO_UMASK 0022
| #define RUNAS_DEFAULT "root"
| #define EDITOR _PATH_VI
| #define ENV_EDITOR 1
| #define TRIES_FOR_PASSWORD 3
| #define TIMEOUT 5
| #define PASSWORD_TIMEOUT 5
| #define CLASSIC_INSULTS 1
| #define CSOPS_INSULTS 1
| #define _PATH_LDAP_CONF "/etc/ldap.conf"
| #define _PATH_LDAP_SECRET "/etc/ldap.secret"
| #define _PATH_SUDO_ASKPASS NULL
| #define ENV_RESET 1
| #define _PATH_SUDO_DEVSEARCH _PATH_DEV "pts:" _PATH_DEV "vt:" _PATH_DEV "term:" _PATH_DEV "zcons:" _PATH_DEV "pty:" _PATH_DEV "" 
| #define TIMESTAMP_TYPE tty
| #define SUDOERS_LOG_CLIENT 1
| #define HAVE_DLFCN_H 1
| #define LT_OBJDIR ".libs/"
| #define _PATH_SUDOERS_PLUGIN "sudoers.so"
| #define CONFIGURE_ARGS "--without-pam --with-vardir=/var/db/sudo --with-logpath=/var/log/sudo.log"
| #define HAVE_DECL_SECCOMP_MODE_FILTER 1
| #define HAVE_LINUX_RANDOM_H 1
| #define HAVE_SYS_SYSCALL_H 1
| #define HAVE_PROCESS_VM_READV 1
| #define restrict __restrict__
| #define _PATH_MV "/usr/bin/mv"
| #define _PATH_BSHELL "/usr/bin/sh"
| #define _PATH_VI "/usr/bin/vi"
| #define LOGFAC "authpriv"
| #define HAVE_DIRENT_H 1
| #define HAVE__BOOL 1
| #define HAVE_STDBOOL_H 1
| #define MAJOR_IN_SYSMACROS 1
| #define HAVE_UTMPX_H 1
| #define HAVE_ENDIAN_H 1
| #define HAVE_SYS_PROCFS_H 1
| #define HAVE_UNSIGNED_LONG_LONG_INT 1
| #define HAVE_LONG_LONG_INT 1
| #define HAVE_SIG_ATOMIC_T 1
| #define HAVE_STRUCT_IN6_ADDR 1
| #define HAVE_SOCKLEN_T 1
| #define SIZEOF_LONG 8
| #define SIZEOF_LONG_LONG 8
| #define SIZEOF_ID_T 4
| #define SIZEOF_OFF_T 8
| #define SIZEOF_TIME_T 8
| #define SIZEOF_UID_T 4
| #define HAVE_STRUCT_UTMP_UT_ID 1
| #define HAVE_STRUCT_UTMP_UT_PID 1
| #define HAVE_STRUCT_UTMP_UT_TV 1
| #define HAVE_STRUCT_UTMP_UT_TYPE 1
| #define HAVE_STRUCT_UTMP_UT_EXIT 1
| #define HAVE_STRUCT_UTMP_UT_EXIT_E_TERMINATION 1
| #define RTLD_PRELOAD_VAR "LD_PRELOAD"
| #define RTLD_PRELOAD_VAR_64 "LD_PRELOAD"
| #define RTLD_PRELOAD_DELIM ':'
| #define GETGROUPS_T gid_t
| #define HAVE_GETGROUPS 1
| #define HAVE_FSEEKO 1
| #define HAVE_FACCESSAT 1
| #define HAVE_FEXECVE 1
| #define HAVE_FMEMOPEN 1
| #define HAVE_KILLPG 1
| #define HAVE_NL_LANGINFO 1
| #define HAVE_RENAMEAT 1
| #define HAVE_STRTOULL 1
| #define HAVE_WORDEXP 1
| #define HAVE_SETEUID 1
| #define HAVE_EXECVPE 1
| #define HAVE_PREAD 1
| #define HAVE_PWRITE 1
| #define HAVE_CFMAKERAW 1
| #define HAVE_LOCALTIME_R 1
| #define HAVE_GMTIME_R 1
| #define HAVE_TIMEGM 1
| #define HAVE_GETGROUPLIST 1
| #define HAVE_GETDELIM 1
| #define HAVE_DECL_GETDELIM 1
| #define HAVE_GETUSERSHELL 1
| #define HAVE_DECL_GETUSERSHELL 1
| #define HAVE_REALLOCARRAY 1
| #define HAVE_GETAUXVAL 1
| #define HAVE_PTHREAD_H 1
| #define HAVE_PTHREAD_ATFORK 1
| #define HAVE___BUILTIN_CLZ 1
| #define HAVE___BUILTIN_CLZL 1
| #define HAVE_GETUTXID 1
| #define HAVE_OPENPTY 1
| #define HAVE_PTY_H 1
| #define HAVE_UNSETENV 1
| #define PUTENV_CONST /**/
| #define IOCTL_REQ_CAST /**/
| #define HAVE_SETRESUID 1
| #define HAVE_DECL_SETRESUID 1
| #define HAVE_GETRESUID 1
| #define HAVE_DECL_GETRESUID 1
| #define HAVE_SETREUID 1
| #define HAVE_GETIFADDRS 1
| #define HAVE_FREEIFADDRS 1
| #define HAVE_LOCKF 1
| #define HAVE_INNETGR 1
| #define HAVE_DECL_INNETGR 1
| #define HAVE_GETDOMAINNAME 1
| #define HAVE_DECL_GETDOMAINNAME 1
| #define HAVE_UTIMENSAT 1
| #define HAVE_FUTIMENS 1
| #define HAVE_EXPLICIT_BZERO 1
| #define HAVE_FNMATCH 1
| #define HAVE_ISBLANK 1
| #define HAVE_GLOB 1
| #define HAVE_MEMRCHR 1
| #define HAVE_NANOSLEEP 1
| #define HAVE_FCHOWNAT 1
| #define HAVE_MKDIRAT 1
| #define HAVE_OPENAT 1
| #define HAVE_UNLINKAT 1
| #define HAVE_FCHMODAT 1
| #define HAVE_FSTATAT 1
| #define HAVE_DUP3 1
| #define HAVE_PIPE2 1
| #define HAVE_REALPATH 1
| /* end confdefs.h.  */
| /* Define strlcpy to an innocuous variant, in case <limits.h> declares strlcpy.
|    For example, HP-UX 11i <limits.h> declares gettimeofday.  */
| #define strlcpy innocuous_strlcpy
| 
| /* System header to define __stub macros and hopefully few prototypes,
|    which can conflict with char strlcpy (void); below.  */
| 
| #include <limits.h>
| #undef strlcpy
| 
| /* Override any GCC internal prototype to avoid an error.
|    Use char because int might match the return type of a GCC
|    builtin and then its argument prototype would still apply.  */
| #ifdef __cplusplus
| extern "C"
| #endif
| char strlcpy (void);
| /* The GNU C library defines this for functions which it implements
|     to always fail with ENOSYS.  Some functions are actually named
|     something starting with __ and the normal name is an alias.  */
| #if defined __stub_strlcpy || defined __stub___strlcpy
| choke me
| #endif
| 
| int
| main (void)
| {
| return strlcpy ();
|   ;
|   return 0;
| }
configure:24655: result: no
configure:24682: checking for strlcat
configure:24682: gcc -o conftest -g -O2 -DZLIB_CONST  -Wl,--no-undefined conftest.c  >&5
/usr/bin/ld: /tmp/ccGF67fE.o: in function `main':
/root/xuanix/xuanix_X86_64/sudo-1.9.17p2/conftest.c:202: undefined reference to `strlcat'
collect2: error: ld returned 1 exit status
configure:24682: $? = 1
configure: failed program was:
| /* confdefs.h */
| #define PACKAGE_NAME "sudo"
| #define PACKAGE_TARNAME "sudo"
| #define PACKAGE_VERSION "1.9.17p2"
| #define PACKAGE_STRING "sudo 1.9.17p2"
| #define PACKAGE_BUGREPORT "https://bugzilla.sudo.ws/"
| #define PACKAGE_URL ""
| #define HAVE_STDIO_H 1
| #define HAVE_STDLIB_H 1
| #define HAVE_STRING_H 1
| #define HAVE_INTTYPES_H 1
| #define HAVE_STDINT_H 1
| #define HAVE_STRINGS_H 1
| #define HAVE_SYS_STAT_H 1
| #define HAVE_SYS_TYPES_H 1
| #define HAVE_UNISTD_H 1
| #define HAVE_WCHAR_H 1
| #define HAVE_PATHS_H 1
| #define HAVE_SPAWN_H 1
| #define HAVE_WORDEXP_H 1
| #define HAVE_SYS_SELECT_H 1
| #define HAVE_SYS_SYSMACROS_H 1
| #define HAVE_SYS_STATVFS_H 1
| #define STDC_HEADERS 1
| #define _ALL_SOURCE 1
| #define _DARWIN_C_SOURCE 1
| #define _GNU_SOURCE 1
| #define _HPUX_ALT_XOPEN_SOCKET_API 1
| #define _NETBSD_SOURCE 1
| #define _OPENBSD_SOURCE 1
| #define _POSIX_PTHREAD_SEMANTICS 1
| #define __STDC_WANT_IEC_60559_ATTRIBS_EXT__ 1
| #define __STDC_WANT_IEC_60559_BFP_EXT__ 1
| #define __STDC_WANT_IEC_60559_DFP_EXT__ 1
| #define __STDC_WANT_IEC_60559_EXT__ 1
| #define __STDC_WANT_IEC_60559_FUNCS_EXT__ 1
| #define __STDC_WANT_IEC_60559_TYPES_EXT__ 1
| #define __STDC_WANT_LIB_EXT2__ 1
| #define __STDC_WANT_MATH_SPEC_FUNCS__ 1
| #define _TANDEM_SOURCE 1
| #define __EXTENSIONS__ 1
| #define _PATH_SSSD_CONF "/etc/sssd/sssd.conf"
| #define _PATH_SSSD_LIB ""LIBDIR""
| #define LOGGING SLOG_SYSLOG
| #define PRI_SUCCESS "notice"
| #define PRI_FAILURE "alert"
| #define MAXLOGFILELEN 80
| #define SEND_MAIL_WHEN_NO_USER 1
| #define MAILTO "root"
| #define MAILSUBJECT "*** SECURITY information for %h ***"
| #define PASSPROMPT "Password: "
| #define INCORRECT_PASSWORD "Sorry, try again."
| #define SUDO_UMASK 0022
| #define RUNAS_DEFAULT "root"
| #define EDITOR _PATH_VI
| #define ENV_EDITOR 1
| #define TRIES_FOR_PASSWORD 3
| #define TIMEOUT 5
| #define PASSWORD_TIMEOUT 5
| #define CLASSIC_INSULTS 1
| #define CSOPS_INSULTS 1
| #define _PATH_LDAP_CONF "/etc/ldap.conf"
| #define _PATH_LDAP_SECRET "/etc/ldap.secret"
| #define _PATH_SUDO_ASKPASS NULL
| #define ENV_RESET 1
| #define _PATH_SUDO_DEVSEARCH _PATH_DEV "pts:" _PATH_DEV "vt:" _PATH_DEV "term:" _PATH_DEV "zcons:" _PATH_DEV "pty:" _PATH_DEV "" 
| #define TIMESTAMP_TYPE tty
| #define SUDOERS_LOG_CLIENT 1
| #define HAVE_DLFCN_H 1
| #define LT_OBJDIR ".libs/"
| #define _PATH_SUDOERS_PLUGIN "sudoers.so"
| #define CONFIGURE_ARGS "--without-pam --with-vardir=/var/db/sudo --with-logpath=/var/log/sudo.log"
| #define HAVE_DECL_SECCOMP_MODE_FILTER 1
| #define HAVE_LINUX_RANDOM_H 1
| #define HAVE_SYS_SYSCALL_H 1
| #define HAVE_PROCESS_VM_READV 1
| #define restrict __restrict__
| #define _PATH_MV "/usr/bin/mv"
| #define _PATH_BSHELL "/usr/bin/sh"
| #define _PATH_VI "/usr/bin/vi"
| #define LOGFAC "authpriv"
| #define HAVE_DIRENT_H 1
| #define HAVE__BOOL 1
| #define HAVE_STDBOOL_H 1
| #define MAJOR_IN_SYSMACROS 1
| #define HAVE_UTMPX_H 1
| #define HAVE_ENDIAN_H 1
| #define HAVE_SYS_PROCFS_H 1
| #define HAVE_UNSIGNED_LONG_LONG_INT 1
| #define HAVE_LONG_LONG_INT 1
| #define HAVE_SIG_ATOMIC_T 1
| #define HAVE_STRUCT_IN6_ADDR 1
| #define HAVE_SOCKLEN_T 1
| #define SIZEOF_LONG 8
| #define SIZEOF_LONG_LONG 8
| #define SIZEOF_ID_T 4
| #define SIZEOF_OFF_T 8
| #define SIZEOF_TIME_T 8
| #define SIZEOF_UID_T 4
| #define HAVE_STRUCT_UTMP_UT_ID 1
| #define HAVE_STRUCT_UTMP_UT_PID 1
| #define HAVE_STRUCT_UTMP_UT_TV 1
| #define HAVE_STRUCT_UTMP_UT_TYPE 1
| #define HAVE_STRUCT_UTMP_UT_EXIT 1
| #define HAVE_STRUCT_UTMP_UT_EXIT_E_TERMINATION 1
| #define RTLD_PRELOAD_VAR "LD_PRELOAD"
| #define RTLD_PRELOAD_VAR_64 "LD_PRELOAD"
| #define RTLD_PRELOAD_DELIM ':'
| #define GETGROUPS_T gid_t
| #define HAVE_GETGROUPS 1
| #define HAVE_FSEEKO 1
| #define HAVE_FACCESSAT 1
| #define HAVE_FEXECVE 1
| #define HAVE_FMEMOPEN 1
| #define HAVE_KILLPG 1
| #define HAVE_NL_LANGINFO 1
| #define HAVE_RENAMEAT 1
| #define HAVE_STRTOULL 1
| #define HAVE_WORDEXP 1
| #define HAVE_SETEUID 1
| #define HAVE_EXECVPE 1
| #define HAVE_PREAD 1
| #define HAVE_PWRITE 1
| #define HAVE_CFMAKERAW 1
| #define HAVE_LOCALTIME_R 1
| #define HAVE_GMTIME_R 1
| #define HAVE_TIMEGM 1
| #define HAVE_GETGROUPLIST 1
| #define HAVE_GETDELIM 1
| #define HAVE_DECL_GETDELIM 1
| #define HAVE_GETUSERSHELL 1
| #define HAVE_DECL_GETUSERSHELL 1
| #define HAVE_REALLOCARRAY 1
| #define HAVE_GETAUXVAL 1
| #define HAVE_PTHREAD_H 1
| #define HAVE_PTHREAD_ATFORK 1
| #define HAVE___BUILTIN_CLZ 1
| #define HAVE___BUILTIN_CLZL 1
| #define HAVE_GETUTXID 1
| #define HAVE_OPENPTY 1
| #define HAVE_PTY_H 1
| #define HAVE_UNSETENV 1
| #define PUTENV_CONST /**/
| #define IOCTL_REQ_CAST /**/
| #define HAVE_SETRESUID 1
| #define HAVE_DECL_SETRESUID 1
| #define HAVE_GETRESUID 1
| #define HAVE_DECL_GETRESUID 1
| #define HAVE_SETREUID 1
| #define HAVE_GETIFADDRS 1
| #define HAVE_FREEIFADDRS 1
| #define HAVE_LOCKF 1
| #define HAVE_INNETGR 1
| #define HAVE_DECL_INNETGR 1
| #define HAVE_GETDOMAINNAME 1
| #define HAVE_DECL_GETDOMAINNAME 1
| #define HAVE_UTIMENSAT 1
| #define HAVE_FUTIMENS 1
| #define HAVE_EXPLICIT_BZERO 1
| #define HAVE_FNMATCH 1
| #define HAVE_ISBLANK 1
| #define HAVE_GLOB 1
| #define HAVE_MEMRCHR 1
| #define HAVE_NANOSLEEP 1
| #define HAVE_FCHOWNAT 1
| #define HAVE_MKDIRAT 1
| #define HAVE_OPENAT 1
| #define HAVE_UNLINKAT 1
| #define HAVE_FCHMODAT 1
| #define HAVE_FSTATAT 1
| #define HAVE_DUP3 1
| #define HAVE_PIPE2 1
| #define HAVE_REALPATH 1
| /* end confdefs.h.  */
| /* Define strlcat to an innocuous variant, in case <limits.h> declares strlcat.
|    For example, HP-UX 11i <limits.h> declares gettimeofday.  */
| #define strlcat innocuous_strlcat
| 
| /* System header to define __stub macros and hopefully few prototypes,
|    which can conflict with char strlcat (void); below.  */
| 
| #include <limits.h>
| #undef strlcat
| 
| /* Override any GCC internal prototype to avoid an error.
|    Use char because int might match the return type of a GCC
|    builtin and then its argument prototype would still apply.  */
| #ifdef __cplusplus
| extern "C"
| #endif
| char strlcat (void);
| /* The GNU C library defines this for functions which it implements
|     to always fail with ENOSYS.  Some functions are actually named
|     something starting with __ and the normal name is an alias.  */
| #if defined __stub_strlcat || defined __stub___strlcat
| choke me
| #endif
| 
| int
| main (void)
| {
| return strlcat ();
|   ;
|   return 0;
| }
configure:24682: result: no
configure:24706: checking for strnlen
configure:24706: gcc -o conftest -g -O2 -DZLIB_CONST  -Wl,--no-undefined conftest.c  >&5
conftest.c:191:6: warning: conflicting types for built-in function 'strnlen'; expected 'long unsigned int(const char *, long unsigned int)' [-Wbuiltin-declaration-mismatch]
  191 | char strnlen (void);
      |      ^~~~~~~
configure:24706: $? = 0
configure:24706: result: yes
configure:24709: checking for working strnlen
configure:24749: gcc -o conftest -g -O2 -DZLIB_CONST  -Wl,--no-undefined conftest.c  >&5
configure:24749: $? = 0
configure:24749: ./conftest
configure:24749: $? = 0
configure:24763: result: yes
configure:24790: checking for strndup
configure:24790: gcc -o conftest -g -O2 -DZLIB_CONST  -Wl,--no-undefined conftest.c  >&5
conftest.c:192:6: warning: conflicting types for built-in function 'strndup'; expected 'char *(const char *, long unsigned int)' [-Wbuiltin-declaration-mismatch]
  192 | char strndup (void);
      |      ^~~~~~~
configure:24790: $? = 0
configure:24790: result: yes
configure:24843: checking for clock_gettime
configure:24843: gcc -o conftest -g -O2 -DZLIB_CONST  -Wl,--no-undefined conftest.c  >&5
configure:24843: $? = 0
configure:24843: result: yes
configure:24911: checking for getopt_long
configure:24911: gcc -o conftest -g -O2 -DZLIB_CONST  -Wl,--no-undefined conftest.c  >&5
configure:24911: $? = 0
configure:24911: result: yes
configure:24976: checking for closefrom
configure:24976: result: no
configure:24994: checking whether F_CLOSEM is declared
configure:24994: gcc -c -g -O2  -DZLIB_CONST conftest.c >&5
conftest.c: In function 'main':
conftest.c:190:10: error: 'F_CLOSEM' undeclared (first use in this function)
  190 |   (void) F_CLOSEM;
      |          ^~~~~~~~
conftest.c:190:10: note: each undeclared identifier is reported only once for each function it appears in
configure:24994: $? = 1
configure: failed program was:
| /* confdefs.h */
| #define PACKAGE_NAME "sudo"
| #define PACKAGE_TARNAME "sudo"
| #define PACKAGE_VERSION "1.9.17p2"
| #define PACKAGE_STRING "sudo 1.9.17p2"
| #define PACKAGE_BUGREPORT "https://bugzilla.sudo.ws/"
| #define PACKAGE_URL ""
| #define HAVE_STDIO_H 1
| #define HAVE_STDLIB_H 1
| #define HAVE_STRING_H 1
| #define HAVE_INTTYPES_H 1
| #define HAVE_STDINT_H 1
| #define HAVE_STRINGS_H 1
| #define HAVE_SYS_STAT_H 1
| #define HAVE_SYS_TYPES_H 1
| #define HAVE_UNISTD_H 1
| #define HAVE_WCHAR_H 1
| #define HAVE_PATHS_H 1
| #define HAVE_SPAWN_H 1
| #define HAVE_WORDEXP_H 1
| #define HAVE_SYS_SELECT_H 1
| #define HAVE_SYS_SYSMACROS_H 1
| #define HAVE_SYS_STATVFS_H 1
| #define STDC_HEADERS 1
| #define _ALL_SOURCE 1
| #define _DARWIN_C_SOURCE 1
| #define _GNU_SOURCE 1
| #define _HPUX_ALT_XOPEN_SOCKET_API 1
| #define _NETBSD_SOURCE 1
| #define _OPENBSD_SOURCE 1
| #define _POSIX_PTHREAD_SEMANTICS 1
| #define __STDC_WANT_IEC_60559_ATTRIBS_EXT__ 1
| #define __STDC_WANT_IEC_60559_BFP_EXT__ 1
| #define __STDC_WANT_IEC_60559_DFP_EXT__ 1
| #define __STDC_WANT_IEC_60559_EXT__ 1
| #define __STDC_WANT_IEC_60559_FUNCS_EXT__ 1
| #define __STDC_WANT_IEC_60559_TYPES_EXT__ 1
| #define __STDC_WANT_LIB_EXT2__ 1
| #define __STDC_WANT_MATH_SPEC_FUNCS__ 1
| #define _TANDEM_SOURCE 1
| #define __EXTENSIONS__ 1
| #define _PATH_SSSD_CONF "/etc/sssd/sssd.conf"
| #define _PATH_SSSD_LIB ""LIBDIR""
| #define LOGGING SLOG_SYSLOG
| #define PRI_SUCCESS "notice"
| #define PRI_FAILURE "alert"
| #define MAXLOGFILELEN 80
| #define SEND_MAIL_WHEN_NO_USER 1
| #define MAILTO "root"
| #define MAILSUBJECT "*** SECURITY information for %h ***"
| #define PASSPROMPT "Password: "
| #define INCORRECT_PASSWORD "Sorry, try again."
| #define SUDO_UMASK 0022
| #define RUNAS_DEFAULT "root"
| #define EDITOR _PATH_VI
| #define ENV_EDITOR 1
| #define TRIES_FOR_PASSWORD 3
| #define TIMEOUT 5
| #define PASSWORD_TIMEOUT 5
| #define CLASSIC_INSULTS 1
| #define CSOPS_INSULTS 1
| #define _PATH_LDAP_CONF "/etc/ldap.conf"
| #define _PATH_LDAP_SECRET "/etc/ldap.secret"
| #define _PATH_SUDO_ASKPASS NULL
| #define ENV_RESET 1
| #define _PATH_SUDO_DEVSEARCH _PATH_DEV "pts:" _PATH_DEV "vt:" _PATH_DEV "term:" _PATH_DEV "zcons:" _PATH_DEV "pty:" _PATH_DEV "" 
| #define TIMESTAMP_TYPE tty
| #define SUDOERS_LOG_CLIENT 1
| #define HAVE_DLFCN_H 1
| #define LT_OBJDIR ".libs/"
| #define _PATH_SUDOERS_PLUGIN "sudoers.so"
| #define CONFIGURE_ARGS "--without-pam --with-vardir=/var/db/sudo --with-logpath=/var/log/sudo.log"
| #define HAVE_DECL_SECCOMP_MODE_FILTER 1
| #define HAVE_LINUX_RANDOM_H 1
| #define HAVE_SYS_SYSCALL_H 1
| #define HAVE_PROCESS_VM_READV 1
| #define restrict __restrict__
| #define _PATH_MV "/usr/bin/mv"
| #define _PATH_BSHELL "/usr/bin/sh"
| #define _PATH_VI "/usr/bin/vi"
| #define LOGFAC "authpriv"
| #define HAVE_DIRENT_H 1
| #define HAVE__BOOL 1
| #define HAVE_STDBOOL_H 1
| #define MAJOR_IN_SYSMACROS 1
| #define HAVE_UTMPX_H 1
| #define HAVE_ENDIAN_H 1
| #define HAVE_SYS_PROCFS_H 1
| #define HAVE_UNSIGNED_LONG_LONG_INT 1
| #define HAVE_LONG_LONG_INT 1
| #define HAVE_SIG_ATOMIC_T 1
| #define HAVE_STRUCT_IN6_ADDR 1
| #define HAVE_SOCKLEN_T 1
| #define SIZEOF_LONG 8
| #define SIZEOF_LONG_LONG 8
| #define SIZEOF_ID_T 4
| #define SIZEOF_OFF_T 8
| #define SIZEOF_TIME_T 8
| #define SIZEOF_UID_T 4
| #define HAVE_STRUCT_UTMP_UT_ID 1
| #define HAVE_STRUCT_UTMP_UT_PID 1
| #define HAVE_STRUCT_UTMP_UT_TV 1
| #define HAVE_STRUCT_UTMP_UT_TYPE 1
| #define HAVE_STRUCT_UTMP_UT_EXIT 1
| #define HAVE_STRUCT_UTMP_UT_EXIT_E_TERMINATION 1
| #define RTLD_PRELOAD_VAR "LD_PRELOAD"
| #define RTLD_PRELOAD_VAR_64 "LD_PRELOAD"
| #define RTLD_PRELOAD_DELIM ':'
| #define GETGROUPS_T gid_t
| #define HAVE_GETGROUPS 1
| #define HAVE_FSEEKO 1
| #define HAVE_FACCESSAT 1
| #define HAVE_FEXECVE 1
| #define HAVE_FMEMOPEN 1
| #define HAVE_KILLPG 1
| #define HAVE_NL_LANGINFO 1
| #define HAVE_RENAMEAT 1
| #define HAVE_STRTOULL 1
| #define HAVE_WORDEXP 1
| #define HAVE_SETEUID 1
| #define HAVE_EXECVPE 1
| #define HAVE_PREAD 1
| #define HAVE_PWRITE 1
| #define HAVE_CFMAKERAW 1
| #define HAVE_LOCALTIME_R 1
| #define HAVE_GMTIME_R 1
| #define HAVE_TIMEGM 1
| #define HAVE_GETGROUPLIST 1
| #define HAVE_GETDELIM 1
| #define HAVE_DECL_GETDELIM 1
| #define HAVE_GETUSERSHELL 1
| #define HAVE_DECL_GETUSERSHELL 1
| #define HAVE_REALLOCARRAY 1
| #define HAVE_GETAUXVAL 1
| #define HAVE_PTHREAD_H 1
| #define HAVE_PTHREAD_ATFORK 1
| #define HAVE___BUILTIN_CLZ 1
| #define HAVE___BUILTIN_CLZL 1
| #define HAVE_GETUTXID 1
| #define HAVE_OPENPTY 1
| #define HAVE_PTY_H 1
| #define HAVE_UNSETENV 1
| #define PUTENV_CONST /**/
| #define IOCTL_REQ_CAST /**/
| #define HAVE_SETRESUID 1
| #define HAVE_DECL_SETRESUID 1
| #define HAVE_GETRESUID 1
| #define HAVE_DECL_GETRESUID 1
| #define HAVE_SETREUID 1
| #define HAVE_GETIFADDRS 1
| #define HAVE_FREEIFADDRS 1
| #define HAVE_LOCKF 1
| #define HAVE_INNETGR 1
| #define HAVE_DECL_INNETGR 1
| #define HAVE_GETDOMAINNAME 1
| #define HAVE_DECL_GETDOMAINNAME 1
| #define HAVE_UTIMENSAT 1
| #define HAVE_FUTIMENS 1
| #define HAVE_EXPLICIT_BZERO 1
| #define HAVE_FNMATCH 1
| #define HAVE_ISBLANK 1
| #define HAVE_GLOB 1
| #define HAVE_MEMRCHR 1
| #define HAVE_NANOSLEEP 1
| #define HAVE_FCHOWNAT 1
| #define HAVE_MKDIRAT 1
| #define HAVE_OPENAT 1
| #define HAVE_UNLINKAT 1
| #define HAVE_FCHMODAT 1
| #define HAVE_FSTATAT 1
| #define HAVE_DUP3 1
| #define HAVE_PIPE2 1
| #define HAVE_REALPATH 1
| #define HAVE_STRNLEN 1
| #define HAVE_STRNDUP 1
| #define HAVE_CLOCK_GETTIME 1
| #define HAVE_GETOPT_LONG 1
| /* end confdefs.h.  */
| 
| #	include <limits.h>
| #	include <fcntl.h>
| 
| int
| main (void)
| {
| #ifndef F_CLOSEM
| #ifdef __cplusplus
|   (void) F_CLOSEM;
| #else
|   (void) F_CLOSEM;
| #endif
| #endif
| 
|   ;
|   return 0;
| }
configure:24994: result: no
configure:25008: checking for close_range
configure:25008: gcc -o conftest -g -O2 -DZLIB_CONST  -Wl,--no-undefined conftest.c  >&5
configure:25008: $? = 0
configure:25008: result: yes
configure:25014: checking for linux/close_range.h
configure:25014: gcc -c -g -O2 -DZLIB_CONST conftest.c >&5
configure:25014: $? = 0
configure:25014: result: yes
configure:25062: checking for mkdtempat
configure:25062: gcc -o conftest -g -O2 -DZLIB_CONST  -Wl,--no-undefined conftest.c  >&5
/usr/bin/ld: /tmp/ccgBZ8oF.o: in function `main':
/root/xuanix/xuanix_X86_64/sudo-1.9.17p2/conftest.c:208: undefined reference to `mkdtempat'
collect2: error: ld returned 1 exit status
configure:25062: $? = 1
configure: failed program was:
| /* confdefs.h */
| #define PACKAGE_NAME "sudo"
| #define PACKAGE_TARNAME "sudo"
| #define PACKAGE_VERSION "1.9.17p2"
| #define PACKAGE_STRING "sudo 1.9.17p2"
| #define PACKAGE_BUGREPORT "https://bugzilla.sudo.ws/"
| #define PACKAGE_URL ""
| #define HAVE_STDIO_H 1
| #define HAVE_STDLIB_H 1
| #define HAVE_STRING_H 1
| #define HAVE_INTTYPES_H 1
| #define HAVE_STDINT_H 1
| #define HAVE_STRINGS_H 1
| #define HAVE_SYS_STAT_H 1
| #define HAVE_SYS_TYPES_H 1
| #define HAVE_UNISTD_H 1
| #define HAVE_WCHAR_H 1
| #define HAVE_PATHS_H 1
| #define HAVE_SPAWN_H 1
| #define HAVE_WORDEXP_H 1
| #define HAVE_SYS_SELECT_H 1
| #define HAVE_SYS_SYSMACROS_H 1
| #define HAVE_SYS_STATVFS_H 1
| #define STDC_HEADERS 1
| #define _ALL_SOURCE 1
| #define _DARWIN_C_SOURCE 1
| #define _GNU_SOURCE 1
| #define _HPUX_ALT_XOPEN_SOCKET_API 1
| #define _NETBSD_SOURCE 1
| #define _OPENBSD_SOURCE 1
| #define _POSIX_PTHREAD_SEMANTICS 1
| #define __STDC_WANT_IEC_60559_ATTRIBS_EXT__ 1
| #define __STDC_WANT_IEC_60559_BFP_EXT__ 1
| #define __STDC_WANT_IEC_60559_DFP_EXT__ 1
| #define __STDC_WANT_IEC_60559_EXT__ 1
| #define __STDC_WANT_IEC_60559_FUNCS_EXT__ 1
| #define __STDC_WANT_IEC_60559_TYPES_EXT__ 1
| #define __STDC_WANT_LIB_EXT2__ 1
| #define __STDC_WANT_MATH_SPEC_FUNCS__ 1
| #define _TANDEM_SOURCE 1
| #define __EXTENSIONS__ 1
| #define _PATH_SSSD_CONF "/etc/sssd/sssd.conf"
| #define _PATH_SSSD_LIB ""LIBDIR""
| #define LOGGING SLOG_SYSLOG
| #define PRI_SUCCESS "notice"
| #define PRI_FAILURE "alert"
| #define MAXLOGFILELEN 80
| #define SEND_MAIL_WHEN_NO_USER 1
| #define MAILTO "root"
| #define MAILSUBJECT "*** SECURITY information for %h ***"
| #define PASSPROMPT "Password: "
| #define INCORRECT_PASSWORD "Sorry, try again."
| #define SUDO_UMASK 0022
| #define RUNAS_DEFAULT "root"
| #define EDITOR _PATH_VI
| #define ENV_EDITOR 1
| #define TRIES_FOR_PASSWORD 3
| #define TIMEOUT 5
| #define PASSWORD_TIMEOUT 5
| #define CLASSIC_INSULTS 1
| #define CSOPS_INSULTS 1
| #define _PATH_LDAP_CONF "/etc/ldap.conf"
| #define _PATH_LDAP_SECRET "/etc/ldap.secret"
| #define _PATH_SUDO_ASKPASS NULL
| #define ENV_RESET 1
| #define _PATH_SUDO_DEVSEARCH _PATH_DEV "pts:" _PATH_DEV "vt:" _PATH_DEV "term:" _PATH_DEV "zcons:" _PATH_DEV "pty:" _PATH_DEV "" 
| #define TIMESTAMP_TYPE tty
| #define SUDOERS_LOG_CLIENT 1
| #define HAVE_DLFCN_H 1
| #define LT_OBJDIR ".libs/"
| #define _PATH_SUDOERS_PLUGIN "sudoers.so"
| #define CONFIGURE_ARGS "--without-pam --with-vardir=/var/db/sudo --with-logpath=/var/log/sudo.log"
| #define HAVE_DECL_SECCOMP_MODE_FILTER 1
| #define HAVE_LINUX_RANDOM_H 1
| #define HAVE_SYS_SYSCALL_H 1
| #define HAVE_PROCESS_VM_READV 1
| #define restrict __restrict__
| #define _PATH_MV "/usr/bin/mv"
| #define _PATH_BSHELL "/usr/bin/sh"
| #define _PATH_VI "/usr/bin/vi"
| #define LOGFAC "authpriv"
| #define HAVE_DIRENT_H 1
| #define HAVE__BOOL 1
| #define HAVE_STDBOOL_H 1
| #define MAJOR_IN_SYSMACROS 1
| #define HAVE_UTMPX_H 1
| #define HAVE_ENDIAN_H 1
| #define HAVE_SYS_PROCFS_H 1
| #define HAVE_UNSIGNED_LONG_LONG_INT 1
| #define HAVE_LONG_LONG_INT 1
| #define HAVE_SIG_ATOMIC_T 1
| #define HAVE_STRUCT_IN6_ADDR 1
| #define HAVE_SOCKLEN_T 1
| #define SIZEOF_LONG 8
| #define SIZEOF_LONG_LONG 8
| #define SIZEOF_ID_T 4
| #define SIZEOF_OFF_T 8
| #define SIZEOF_TIME_T 8
| #define SIZEOF_UID_T 4
| #define HAVE_STRUCT_UTMP_UT_ID 1
| #define HAVE_STRUCT_UTMP_UT_PID 1
| #define HAVE_STRUCT_UTMP_UT_TV 1
| #define HAVE_STRUCT_UTMP_UT_TYPE 1
| #define HAVE_STRUCT_UTMP_UT_EXIT 1
| #define HAVE_STRUCT_UTMP_UT_EXIT_E_TERMINATION 1
| #define RTLD_PRELOAD_VAR "LD_PRELOAD"
| #define RTLD_PRELOAD_VAR_64 "LD_PRELOAD"
| #define RTLD_PRELOAD_DELIM ':'
| #define GETGROUPS_T gid_t
| #define HAVE_GETGROUPS 1
| #define HAVE_FSEEKO 1
| #define HAVE_FACCESSAT 1
| #define HAVE_FEXECVE 1
| #define HAVE_FMEMOPEN 1
| #define HAVE_KILLPG 1
| #define HAVE_NL_LANGINFO 1
| #define HAVE_RENAMEAT 1
| #define HAVE_STRTOULL 1
| #define HAVE_WORDEXP 1
| #define HAVE_SETEUID 1
| #define HAVE_EXECVPE 1
| #define HAVE_PREAD 1
| #define HAVE_PWRITE 1
| #define HAVE_CFMAKERAW 1
| #define HAVE_LOCALTIME_R 1
| #define HAVE_GMTIME_R 1
| #define HAVE_TIMEGM 1
| #define HAVE_GETGROUPLIST 1
| #define HAVE_GETDELIM 1
| #define HAVE_DECL_GETDELIM 1
| #define HAVE_GETUSERSHELL 1
| #define HAVE_DECL_GETUSERSHELL 1
| #define HAVE_REALLOCARRAY 1
| #define HAVE_GETAUXVAL 1
| #define HAVE_PTHREAD_H 1
| #define HAVE_PTHREAD_ATFORK 1
| #define HAVE___BUILTIN_CLZ 1
| #define HAVE___BUILTIN_CLZL 1
| #define HAVE_GETUTXID 1
| #define HAVE_OPENPTY 1
| #define HAVE_PTY_H 1
| #define HAVE_UNSETENV 1
| #define PUTENV_CONST /**/
| #define IOCTL_REQ_CAST /**/
| #define HAVE_SETRESUID 1
| #define HAVE_DECL_SETRESUID 1
| #define HAVE_GETRESUID 1
| #define HAVE_DECL_GETRESUID 1
| #define HAVE_SETREUID 1
| #define HAVE_GETIFADDRS 1
| #define HAVE_FREEIFADDRS 1
| #define HAVE_LOCKF 1
| #define HAVE_INNETGR 1
| #define HAVE_DECL_INNETGR 1
| #define HAVE_GETDOMAINNAME 1
| #define HAVE_DECL_GETDOMAINNAME 1
| #define HAVE_UTIMENSAT 1
| #define HAVE_FUTIMENS 1
| #define HAVE_EXPLICIT_BZERO 1
| #define HAVE_FNMATCH 1
| #define HAVE_ISBLANK 1
| #define HAVE_GLOB 1
| #define HAVE_MEMRCHR 1
| #define HAVE_NANOSLEEP 1
| #define HAVE_FCHOWNAT 1
| #define HAVE_MKDIRAT 1
| #define HAVE_OPENAT 1
| #define HAVE_UNLINKAT 1
| #define HAVE_FCHMODAT 1
| #define HAVE_FSTATAT 1
| #define HAVE_DUP3 1
| #define HAVE_PIPE2 1
| #define HAVE_REALPATH 1
| #define HAVE_STRNLEN 1
| #define HAVE_STRNDUP 1
| #define HAVE_CLOCK_GETTIME 1
| #define HAVE_GETOPT_LONG 1
| #define HAVE_CLOSE_RANGE 1
| #define HAVE_LINUX_CLOSE_RANGE_H 1
| /* end confdefs.h.  */
| /* Define mkdtempat to an innocuous variant, in case <limits.h> declares mkdtempat.
|    For example, HP-UX 11i <limits.h> declares gettimeofday.  */
| #define mkdtempat innocuous_mkdtempat
| 
| /* System header to define __stub macros and hopefully few prototypes,
|    which can conflict with char mkdtempat (void); below.  */
| 
| #include <limits.h>
| #undef mkdtempat
| 
| /* Override any GCC internal prototype to avoid an error.
|    Use char because int might match the return type of a GCC
|    builtin and then its argument prototype would still apply.  */
| #ifdef __cplusplus
| extern "C"
| #endif
| char mkdtempat (void);
| /* The GNU C library defines this for functions which it implements
|     to always fail with ENOSYS.  Some functions are actually named
|     something starting with __ and the normal name is an alias.  */
| #if defined __stub_mkdtempat || defined __stub___mkdtempat
| choke me
| #endif
| 
| int
| main (void)
| {
| return mkdtempat ();
|   ;
|   return 0;
| }
configure:25062: result: no
configure:25120: checking for snprintf
configure:25120: gcc -o conftest -g -O2 -DZLIB_CONST  -Wl,--no-undefined conftest.c  >&5
conftest.c:197:6: warning: conflicting types for built-in function 'snprintf'; expected 'int(char *, long unsigned int,  const char *, ...)' [-Wbuiltin-declaration-mismatch]
  197 | char snprintf (void);
      |      ^~~~~~~~
conftest.c:189:1: note: 'snprintf' is declared in header '<stdio.h>'
  188 | #include <limits.h>
  189 | #undef snprintf
configure:25120: $? = 0
configure:25120: result: yes
configure:25126: checking for vsnprintf
configure:25126: gcc -o conftest -g -O2 -DZLIB_CONST  -Wl,--no-undefined conftest.c  >&5
conftest.c:198:6: warning: conflicting types for built-in function 'vsnprintf'; expected 'int(char *, long unsigned int,  const char *, __va_list_tag *)' [-Wbuiltin-declaration-mismatch]
  198 | char vsnprintf (void);
      |      ^~~~~~~~~
conftest.c:190:1: note: 'vsnprintf' is declared in header '<stdio.h>'
  189 | #include <limits.h>
  190 | #undef vsnprintf
configure:25126: $? = 0
configure:25126: result: yes
configure:25133: checking for working snprintf
configure:25162: gcc -o conftest -g -O2 -DZLIB_CONST  -Wl,--no-undefined conftest.c  >&5
conftest.c: In function 'main':
conftest.c:191:29: warning: '%s' directive output truncated writing 3 bytes into a region of size 2 [-Wformat-truncation=]
  191 |     i = snprintf (bufs, 2, "%s", "111");
      |                             ^~   ~~~~~
In file included from /usr/include/stdio.h:894,
                 from conftest.c:183:
/usr/include/x86_64-linux-gnu/bits/stdio2.h:71:10: note: '__builtin_snprintf' output 4 bytes into a destination of size 2
   71 |   return __builtin___snprintf_chk (__s, __n, __USE_FORTIFY_LEVEL - 1,
      |          ^~~~~~~~~~~~~~~~~~~~~~~~~~~~~~~~~~~~~~~~~~~~~~~~~~~~~~~~~~~~
   72 |                                    __glibc_objsize (__s), __fmt,
      |                                    ~~~~~~~~~~~~~~~~~~~~~~~~~~~~~
   73 |                                    __va_arg_pack ());
      |                                    ~~~~~~~~~~~~~~~~~
conftest.c:194:29: warning: '%d' directive output truncated writing 3 bytes into a region of size 2 [-Wformat-truncation=]
  194 |     i = snprintf (bufd, 2, "%d", 111);
      |                             ^~
In file included from /usr/include/stdio.h:894,
                 from conftest.c:183:
/usr/include/x86_64-linux-gnu/bits/stdio2.h:71:10: note: '__builtin___snprintf_chk' output 4 bytes into a destination of size 2
   71 |   return __builtin___snprintf_chk (__s, __n, __USE_FORTIFY_LEVEL - 1,
      |          ^~~~~~~~~~~~~~~~~~~~~~~~~~~~~~~~~~~~~~~~~~~~~~~~~~~~~~~~~~~~
   72 |                                    __glibc_objsize (__s), __fmt,
      |                                    ~~~~~~~~~~~~~~~~~~~~~~~~~~~~~
   73 |                                    __va_arg_pack ());
      |                                    ~~~~~~~~~~~~~~~~~
configure:25162: $? = 0
configure:25162: ./conftest
configure:25162: $? = 0
configure:25177: result: yes
configure:25179: checking for working vsnprintf
configure:25219: gcc -o conftest -g -O2 -DZLIB_CONST  -Wl,--no-undefined conftest.c  >&5
configure:25219: $? = 0
configure:25219: ./conftest
configure:25219: $? = 0
configure:25234: result: yes
configure:25259: checking for asprintf
configure:25259: gcc -o conftest -g -O2 -DZLIB_CONST  -Wl,--no-undefined conftest.c  >&5
configure:25259: $? = 0
configure:25259: result: yes
configure:25286: checking for vasprintf
configure:25286: gcc -o conftest -g -O2 -DZLIB_CONST  -Wl,--no-undefined conftest.c  >&5
configure:25286: $? = 0
configure:25286: result: yes
configure:25323: checking for struct tm.tm_gmtoff
configure:25323: gcc -c -g -O2 -DZLIB_CONST conftest.c >&5
conftest.c: In function 'main':
conftest.c:220:18: error: storage size of 'ac_aggr' isn't known
  220 | static struct tm ac_aggr;
      |                  ^~~~~~~
configure:25323: $? = 1
configure: failed program was:
| /* confdefs.h */
| #define PACKAGE_NAME "sudo"
| #define PACKAGE_TARNAME "sudo"
| #define PACKAGE_VERSION "1.9.17p2"
| #define PACKAGE_STRING "sudo 1.9.17p2"
| #define PACKAGE_BUGREPORT "https://bugzilla.sudo.ws/"
| #define PACKAGE_URL ""
| #define HAVE_STDIO_H 1
| #define HAVE_STDLIB_H 1
| #define HAVE_STRING_H 1
| #define HAVE_INTTYPES_H 1
| #define HAVE_STDINT_H 1
| #define HAVE_STRINGS_H 1
| #define HAVE_SYS_STAT_H 1
| #define HAVE_SYS_TYPES_H 1
| #define HAVE_UNISTD_H 1
| #define HAVE_WCHAR_H 1
| #define HAVE_PATHS_H 1
| #define HAVE_SPAWN_H 1
| #define HAVE_WORDEXP_H 1
| #define HAVE_SYS_SELECT_H 1
| #define HAVE_SYS_SYSMACROS_H 1
| #define HAVE_SYS_STATVFS_H 1
| #define STDC_HEADERS 1
| #define _ALL_SOURCE 1
| #define _DARWIN_C_SOURCE 1
| #define _GNU_SOURCE 1
| #define _HPUX_ALT_XOPEN_SOCKET_API 1
| #define _NETBSD_SOURCE 1
| #define _OPENBSD_SOURCE 1
| #define _POSIX_PTHREAD_SEMANTICS 1
| #define __STDC_WANT_IEC_60559_ATTRIBS_EXT__ 1
| #define __STDC_WANT_IEC_60559_BFP_EXT__ 1
| #define __STDC_WANT_IEC_60559_DFP_EXT__ 1
| #define __STDC_WANT_IEC_60559_EXT__ 1
| #define __STDC_WANT_IEC_60559_FUNCS_EXT__ 1
| #define __STDC_WANT_IEC_60559_TYPES_EXT__ 1
| #define __STDC_WANT_LIB_EXT2__ 1
| #define __STDC_WANT_MATH_SPEC_FUNCS__ 1
| #define _TANDEM_SOURCE 1
| #define __EXTENSIONS__ 1
| #define _PATH_SSSD_CONF "/etc/sssd/sssd.conf"
| #define _PATH_SSSD_LIB ""LIBDIR""
| #define LOGGING SLOG_SYSLOG
| #define PRI_SUCCESS "notice"
| #define PRI_FAILURE "alert"
| #define MAXLOGFILELEN 80
| #define SEND_MAIL_WHEN_NO_USER 1
| #define MAILTO "root"
| #define MAILSUBJECT "*** SECURITY information for %h ***"
| #define PASSPROMPT "Password: "
| #define INCORRECT_PASSWORD "Sorry, try again."
| #define SUDO_UMASK 0022
| #define RUNAS_DEFAULT "root"
| #define EDITOR _PATH_VI
| #define ENV_EDITOR 1
| #define TRIES_FOR_PASSWORD 3
| #define TIMEOUT 5
| #define PASSWORD_TIMEOUT 5
| #define CLASSIC_INSULTS 1
| #define CSOPS_INSULTS 1
| #define _PATH_LDAP_CONF "/etc/ldap.conf"
| #define _PATH_LDAP_SECRET "/etc/ldap.secret"
| #define _PATH_SUDO_ASKPASS NULL
| #define ENV_RESET 1
| #define _PATH_SUDO_DEVSEARCH _PATH_DEV "pts:" _PATH_DEV "vt:" _PATH_DEV "term:" _PATH_DEV "zcons:" _PATH_DEV "pty:" _PATH_DEV "" 
| #define TIMESTAMP_TYPE tty
| #define SUDOERS_LOG_CLIENT 1
| #define HAVE_DLFCN_H 1
| #define LT_OBJDIR ".libs/"
| #define _PATH_SUDOERS_PLUGIN "sudoers.so"
| #define CONFIGURE_ARGS "--without-pam --with-vardir=/var/db/sudo --with-logpath=/var/log/sudo.log"
| #define HAVE_DECL_SECCOMP_MODE_FILTER 1
| #define HAVE_LINUX_RANDOM_H 1
| #define HAVE_SYS_SYSCALL_H 1
| #define HAVE_PROCESS_VM_READV 1
| #define restrict __restrict__
| #define _PATH_MV "/usr/bin/mv"
| #define _PATH_BSHELL "/usr/bin/sh"
| #define _PATH_VI "/usr/bin/vi"
| #define LOGFAC "authpriv"
| #define HAVE_DIRENT_H 1
| #define HAVE__BOOL 1
| #define HAVE_STDBOOL_H 1
| #define MAJOR_IN_SYSMACROS 1
| #define HAVE_UTMPX_H 1
| #define HAVE_ENDIAN_H 1
| #define HAVE_SYS_PROCFS_H 1
| #define HAVE_UNSIGNED_LONG_LONG_INT 1
| #define HAVE_LONG_LONG_INT 1
| #define HAVE_SIG_ATOMIC_T 1
| #define HAVE_STRUCT_IN6_ADDR 1
| #define HAVE_SOCKLEN_T 1
| #define SIZEOF_LONG 8
| #define SIZEOF_LONG_LONG 8
| #define SIZEOF_ID_T 4
| #define SIZEOF_OFF_T 8
| #define SIZEOF_TIME_T 8
| #define SIZEOF_UID_T 4
| #define HAVE_STRUCT_UTMP_UT_ID 1
| #define HAVE_STRUCT_UTMP_UT_PID 1
| #define HAVE_STRUCT_UTMP_UT_TV 1
| #define HAVE_STRUCT_UTMP_UT_TYPE 1
| #define HAVE_STRUCT_UTMP_UT_EXIT 1
| #define HAVE_STRUCT_UTMP_UT_EXIT_E_TERMINATION 1
| #define RTLD_PRELOAD_VAR "LD_PRELOAD"
| #define RTLD_PRELOAD_VAR_64 "LD_PRELOAD"
| #define RTLD_PRELOAD_DELIM ':'
| #define GETGROUPS_T gid_t
| #define HAVE_GETGROUPS 1
| #define HAVE_FSEEKO 1
| #define HAVE_FACCESSAT 1
| #define HAVE_FEXECVE 1
| #define HAVE_FMEMOPEN 1
| #define HAVE_KILLPG 1
| #define HAVE_NL_LANGINFO 1
| #define HAVE_RENAMEAT 1
| #define HAVE_STRTOULL 1
| #define HAVE_WORDEXP 1
| #define HAVE_SETEUID 1
| #define HAVE_EXECVPE 1
| #define HAVE_PREAD 1
| #define HAVE_PWRITE 1
| #define HAVE_CFMAKERAW 1
| #define HAVE_LOCALTIME_R 1
| #define HAVE_GMTIME_R 1
| #define HAVE_TIMEGM 1
| #define HAVE_GETGROUPLIST 1
| #define HAVE_GETDELIM 1
| #define HAVE_DECL_GETDELIM 1
| #define HAVE_GETUSERSHELL 1
| #define HAVE_DECL_GETUSERSHELL 1
| #define HAVE_REALLOCARRAY 1
| #define HAVE_GETAUXVAL 1
| #define HAVE_PTHREAD_H 1
| #define HAVE_PTHREAD_ATFORK 1
| #define HAVE___BUILTIN_CLZ 1
| #define HAVE___BUILTIN_CLZL 1
| #define HAVE_GETUTXID 1
| #define HAVE_OPENPTY 1
| #define HAVE_PTY_H 1
| #define HAVE_UNSETENV 1
| #define PUTENV_CONST /**/
| #define IOCTL_REQ_CAST /**/
| #define HAVE_SETRESUID 1
| #define HAVE_DECL_SETRESUID 1
| #define HAVE_GETRESUID 1
| #define HAVE_DECL_GETRESUID 1
| #define HAVE_SETREUID 1
| #define HAVE_GETIFADDRS 1
| #define HAVE_FREEIFADDRS 1
| #define HAVE_LOCKF 1
| #define HAVE_INNETGR 1
| #define HAVE_DECL_INNETGR 1
| #define HAVE_GETDOMAINNAME 1
| #define HAVE_DECL_GETDOMAINNAME 1
| #define HAVE_UTIMENSAT 1
| #define HAVE_FUTIMENS 1
| #define HAVE_EXPLICIT_BZERO 1
| #define HAVE_FNMATCH 1
| #define HAVE_ISBLANK 1
| #define HAVE_GLOB 1
| #define HAVE_MEMRCHR 1
| #define HAVE_NANOSLEEP 1
| #define HAVE_FCHOWNAT 1
| #define HAVE_MKDIRAT 1
| #define HAVE_OPENAT 1
| #define HAVE_UNLINKAT 1
| #define HAVE_FCHMODAT 1
| #define HAVE_FSTATAT 1
| #define HAVE_DUP3 1
| #define HAVE_PIPE2 1
| #define HAVE_REALPATH 1
| #define HAVE_STRNLEN 1
| #define HAVE_STRNDUP 1
| #define HAVE_CLOCK_GETTIME 1
| #define HAVE_GETOPT_LONG 1
| #define HAVE_CLOSE_RANGE 1
| #define HAVE_LINUX_CLOSE_RANGE_H 1
| #define HAVE_SNPRINTF 1
| #define HAVE_VSNPRINTF 1
| #define HAVE_ASPRINTF 1
| #define HAVE_VASPRINTF 1
| /* end confdefs.h.  */
| 
| #include <stddef.h>
| #ifdef HAVE_STDIO_H
| # include <stdio.h>
| #endif
| #ifdef HAVE_STDLIB_H
| # include <stdlib.h>
| #endif
| #ifdef HAVE_STRING_H
| # include <string.h>
| #endif
| #ifdef HAVE_INTTYPES_H
| # include <inttypes.h>
| #endif
| #ifdef HAVE_STDINT_H
| # include <stdint.h>
| #endif
| #ifdef HAVE_STRINGS_H
| # include <strings.h>
| #endif
| #ifdef HAVE_SYS_TYPES_H
| # include <sys/types.h>
| #endif
| #ifdef HAVE_SYS_STAT_H
| # include <sys/stat.h>
| #endif
| #ifdef HAVE_UNISTD_H
| # include <unistd.h>
| #endif
| #include <errno.h>
| 
| 
| int
| main (void)
| {
| static struct tm ac_aggr;
| if (ac_aggr.tm_gmtoff)
| return 0;
|   ;
|   return 0;
| }
configure:25323: gcc -c -g -O2 -DZLIB_CONST conftest.c >&5
conftest.c: In function 'main':
conftest.c:220:18: error: storage size of 'ac_aggr' isn't known
  220 | static struct tm ac_aggr;
      |                  ^~~~~~~
configure:25323: $? = 1
configure: failed program was:
| /* confdefs.h */
| #define PACKAGE_NAME "sudo"
| #define PACKAGE_TARNAME "sudo"
| #define PACKAGE_VERSION "1.9.17p2"
| #define PACKAGE_STRING "sudo 1.9.17p2"
| #define PACKAGE_BUGREPORT "https://bugzilla.sudo.ws/"
| #define PACKAGE_URL ""
| #define HAVE_STDIO_H 1
| #define HAVE_STDLIB_H 1
| #define HAVE_STRING_H 1
| #define HAVE_INTTYPES_H 1
| #define HAVE_STDINT_H 1
| #define HAVE_STRINGS_H 1
| #define HAVE_SYS_STAT_H 1
| #define HAVE_SYS_TYPES_H 1
| #define HAVE_UNISTD_H 1
| #define HAVE_WCHAR_H 1
| #define HAVE_PATHS_H 1
| #define HAVE_SPAWN_H 1
| #define HAVE_WORDEXP_H 1
| #define HAVE_SYS_SELECT_H 1
| #define HAVE_SYS_SYSMACROS_H 1
| #define HAVE_SYS_STATVFS_H 1
| #define STDC_HEADERS 1
| #define _ALL_SOURCE 1
| #define _DARWIN_C_SOURCE 1
| #define _GNU_SOURCE 1
| #define _HPUX_ALT_XOPEN_SOCKET_API 1
| #define _NETBSD_SOURCE 1
| #define _OPENBSD_SOURCE 1
| #define _POSIX_PTHREAD_SEMANTICS 1
| #define __STDC_WANT_IEC_60559_ATTRIBS_EXT__ 1
| #define __STDC_WANT_IEC_60559_BFP_EXT__ 1
| #define __STDC_WANT_IEC_60559_DFP_EXT__ 1
| #define __STDC_WANT_IEC_60559_EXT__ 1
| #define __STDC_WANT_IEC_60559_FUNCS_EXT__ 1
| #define __STDC_WANT_IEC_60559_TYPES_EXT__ 1
| #define __STDC_WANT_LIB_EXT2__ 1
| #define __STDC_WANT_MATH_SPEC_FUNCS__ 1
| #define _TANDEM_SOURCE 1
| #define __EXTENSIONS__ 1
| #define _PATH_SSSD_CONF "/etc/sssd/sssd.conf"
| #define _PATH_SSSD_LIB ""LIBDIR""
| #define LOGGING SLOG_SYSLOG
| #define PRI_SUCCESS "notice"
| #define PRI_FAILURE "alert"
| #define MAXLOGFILELEN 80
| #define SEND_MAIL_WHEN_NO_USER 1
| #define MAILTO "root"
| #define MAILSUBJECT "*** SECURITY information for %h ***"
| #define PASSPROMPT "Password: "
| #define INCORRECT_PASSWORD "Sorry, try again."
| #define SUDO_UMASK 0022
| #define RUNAS_DEFAULT "root"
| #define EDITOR _PATH_VI
| #define ENV_EDITOR 1
| #define TRIES_FOR_PASSWORD 3
| #define TIMEOUT 5
| #define PASSWORD_TIMEOUT 5
| #define CLASSIC_INSULTS 1
| #define CSOPS_INSULTS 1
| #define _PATH_LDAP_CONF "/etc/ldap.conf"
| #define _PATH_LDAP_SECRET "/etc/ldap.secret"
| #define _PATH_SUDO_ASKPASS NULL
| #define ENV_RESET 1
| #define _PATH_SUDO_DEVSEARCH _PATH_DEV "pts:" _PATH_DEV "vt:" _PATH_DEV "term:" _PATH_DEV "zcons:" _PATH_DEV "pty:" _PATH_DEV "" 
| #define TIMESTAMP_TYPE tty
| #define SUDOERS_LOG_CLIENT 1
| #define HAVE_DLFCN_H 1
| #define LT_OBJDIR ".libs/"
| #define _PATH_SUDOERS_PLUGIN "sudoers.so"
| #define CONFIGURE_ARGS "--without-pam --with-vardir=/var/db/sudo --with-logpath=/var/log/sudo.log"
| #define HAVE_DECL_SECCOMP_MODE_FILTER 1
| #define HAVE_LINUX_RANDOM_H 1
| #define HAVE_SYS_SYSCALL_H 1
| #define HAVE_PROCESS_VM_READV 1
| #define restrict __restrict__
| #define _PATH_MV "/usr/bin/mv"
| #define _PATH_BSHELL "/usr/bin/sh"
| #define _PATH_VI "/usr/bin/vi"
| #define LOGFAC "authpriv"
| #define HAVE_DIRENT_H 1
| #define HAVE__BOOL 1
| #define HAVE_STDBOOL_H 1
| #define MAJOR_IN_SYSMACROS 1
| #define HAVE_UTMPX_H 1
| #define HAVE_ENDIAN_H 1
| #define HAVE_SYS_PROCFS_H 1
| #define HAVE_UNSIGNED_LONG_LONG_INT 1
| #define HAVE_LONG_LONG_INT 1
| #define HAVE_SIG_ATOMIC_T 1
| #define HAVE_STRUCT_IN6_ADDR 1
| #define HAVE_SOCKLEN_T 1
| #define SIZEOF_LONG 8
| #define SIZEOF_LONG_LONG 8
| #define SIZEOF_ID_T 4
| #define SIZEOF_OFF_T 8
| #define SIZEOF_TIME_T 8
| #define SIZEOF_UID_T 4
| #define HAVE_STRUCT_UTMP_UT_ID 1
| #define HAVE_STRUCT_UTMP_UT_PID 1
| #define HAVE_STRUCT_UTMP_UT_TV 1
| #define HAVE_STRUCT_UTMP_UT_TYPE 1
| #define HAVE_STRUCT_UTMP_UT_EXIT 1
| #define HAVE_STRUCT_UTMP_UT_EXIT_E_TERMINATION 1
| #define RTLD_PRELOAD_VAR "LD_PRELOAD"
| #define RTLD_PRELOAD_VAR_64 "LD_PRELOAD"
| #define RTLD_PRELOAD_DELIM ':'
| #define GETGROUPS_T gid_t
| #define HAVE_GETGROUPS 1
| #define HAVE_FSEEKO 1
| #define HAVE_FACCESSAT 1
| #define HAVE_FEXECVE 1
| #define HAVE_FMEMOPEN 1
| #define HAVE_KILLPG 1
| #define HAVE_NL_LANGINFO 1
| #define HAVE_RENAMEAT 1
| #define HAVE_STRTOULL 1
| #define HAVE_WORDEXP 1
| #define HAVE_SETEUID 1
| #define HAVE_EXECVPE 1
| #define HAVE_PREAD 1
| #define HAVE_PWRITE 1
| #define HAVE_CFMAKERAW 1
| #define HAVE_LOCALTIME_R 1
| #define HAVE_GMTIME_R 1
| #define HAVE_TIMEGM 1
| #define HAVE_GETGROUPLIST 1
| #define HAVE_GETDELIM 1
| #define HAVE_DECL_GETDELIM 1
| #define HAVE_GETUSERSHELL 1
| #define HAVE_DECL_GETUSERSHELL 1
| #define HAVE_REALLOCARRAY 1
| #define HAVE_GETAUXVAL 1
| #define HAVE_PTHREAD_H 1
| #define HAVE_PTHREAD_ATFORK 1
| #define HAVE___BUILTIN_CLZ 1
| #define HAVE___BUILTIN_CLZL 1
| #define HAVE_GETUTXID 1
| #define HAVE_OPENPTY 1
| #define HAVE_PTY_H 1
| #define HAVE_UNSETENV 1
| #define PUTENV_CONST /**/
| #define IOCTL_REQ_CAST /**/
| #define HAVE_SETRESUID 1
| #define HAVE_DECL_SETRESUID 1
| #define HAVE_GETRESUID 1
| #define HAVE_DECL_GETRESUID 1
| #define HAVE_SETREUID 1
| #define HAVE_GETIFADDRS 1
| #define HAVE_FREEIFADDRS 1
| #define HAVE_LOCKF 1
| #define HAVE_INNETGR 1
| #define HAVE_DECL_INNETGR 1
| #define HAVE_GETDOMAINNAME 1
| #define HAVE_DECL_GETDOMAINNAME 1
| #define HAVE_UTIMENSAT 1
| #define HAVE_FUTIMENS 1
| #define HAVE_EXPLICIT_BZERO 1
| #define HAVE_FNMATCH 1
| #define HAVE_ISBLANK 1
| #define HAVE_GLOB 1
| #define HAVE_MEMRCHR 1
| #define HAVE_NANOSLEEP 1
| #define HAVE_FCHOWNAT 1
| #define HAVE_MKDIRAT 1
| #define HAVE_OPENAT 1
| #define HAVE_UNLINKAT 1
| #define HAVE_FCHMODAT 1
| #define HAVE_FSTATAT 1
| #define HAVE_DUP3 1
| #define HAVE_PIPE2 1
| #define HAVE_REALPATH 1
| #define HAVE_STRNLEN 1
| #define HAVE_STRNDUP 1
| #define HAVE_CLOCK_GETTIME 1
| #define HAVE_GETOPT_LONG 1
| #define HAVE_CLOSE_RANGE 1
| #define HAVE_LINUX_CLOSE_RANGE_H 1
| #define HAVE_SNPRINTF 1
| #define HAVE_VSNPRINTF 1
| #define HAVE_ASPRINTF 1
| #define HAVE_VASPRINTF 1
| /* end confdefs.h.  */
| 
| #include <stddef.h>
| #ifdef HAVE_STDIO_H
| # include <stdio.h>
| #endif
| #ifdef HAVE_STDLIB_H
| # include <stdlib.h>
| #endif
| #ifdef HAVE_STRING_H
| # include <string.h>
| #endif
| #ifdef HAVE_INTTYPES_H
| # include <inttypes.h>
| #endif
| #ifdef HAVE_STDINT_H
| # include <stdint.h>
| #endif
| #ifdef HAVE_STRINGS_H
| # include <strings.h>
| #endif
| #ifdef HAVE_SYS_TYPES_H
| # include <sys/types.h>
| #endif
| #ifdef HAVE_SYS_STAT_H
| # include <sys/stat.h>
| #endif
| #ifdef HAVE_UNISTD_H
| # include <unistd.h>
| #endif
| #include <errno.h>
| 
| 
| int
| main (void)
| {
| static struct tm ac_aggr;
| if (sizeof ac_aggr.tm_gmtoff)
| return 0;
|   ;
|   return 0;
| }
configure:25323: result: no
configure:25336: checking for struct stat.st_mtim
configure:25336: gcc -c -g -O2 -DZLIB_CONST conftest.c >&5
conftest.c: In function 'main':
conftest.c:217:5: error: used struct type value where scalar is required
  217 | if (ac_aggr.st_mtim)
      |     ^~~~~~~
configure:25336: $? = 1
configure: failed program was:
| /* confdefs.h */
| #define PACKAGE_NAME "sudo"
| #define PACKAGE_TARNAME "sudo"
| #define PACKAGE_VERSION "1.9.17p2"
| #define PACKAGE_STRING "sudo 1.9.17p2"
| #define PACKAGE_BUGREPORT "https://bugzilla.sudo.ws/"
| #define PACKAGE_URL ""
| #define HAVE_STDIO_H 1
| #define HAVE_STDLIB_H 1
| #define HAVE_STRING_H 1
| #define HAVE_INTTYPES_H 1
| #define HAVE_STDINT_H 1
| #define HAVE_STRINGS_H 1
| #define HAVE_SYS_STAT_H 1
| #define HAVE_SYS_TYPES_H 1
| #define HAVE_UNISTD_H 1
| #define HAVE_WCHAR_H 1
| #define HAVE_PATHS_H 1
| #define HAVE_SPAWN_H 1
| #define HAVE_WORDEXP_H 1
| #define HAVE_SYS_SELECT_H 1
| #define HAVE_SYS_SYSMACROS_H 1
| #define HAVE_SYS_STATVFS_H 1
| #define STDC_HEADERS 1
| #define _ALL_SOURCE 1
| #define _DARWIN_C_SOURCE 1
| #define _GNU_SOURCE 1
| #define _HPUX_ALT_XOPEN_SOCKET_API 1
| #define _NETBSD_SOURCE 1
| #define _OPENBSD_SOURCE 1
| #define _POSIX_PTHREAD_SEMANTICS 1
| #define __STDC_WANT_IEC_60559_ATTRIBS_EXT__ 1
| #define __STDC_WANT_IEC_60559_BFP_EXT__ 1
| #define __STDC_WANT_IEC_60559_DFP_EXT__ 1
| #define __STDC_WANT_IEC_60559_EXT__ 1
| #define __STDC_WANT_IEC_60559_FUNCS_EXT__ 1
| #define __STDC_WANT_IEC_60559_TYPES_EXT__ 1
| #define __STDC_WANT_LIB_EXT2__ 1
| #define __STDC_WANT_MATH_SPEC_FUNCS__ 1
| #define _TANDEM_SOURCE 1
| #define __EXTENSIONS__ 1
| #define _PATH_SSSD_CONF "/etc/sssd/sssd.conf"
| #define _PATH_SSSD_LIB ""LIBDIR""
| #define LOGGING SLOG_SYSLOG
| #define PRI_SUCCESS "notice"
| #define PRI_FAILURE "alert"
| #define MAXLOGFILELEN 80
| #define SEND_MAIL_WHEN_NO_USER 1
| #define MAILTO "root"
| #define MAILSUBJECT "*** SECURITY information for %h ***"
| #define PASSPROMPT "Password: "
| #define INCORRECT_PASSWORD "Sorry, try again."
| #define SUDO_UMASK 0022
| #define RUNAS_DEFAULT "root"
| #define EDITOR _PATH_VI
| #define ENV_EDITOR 1
| #define TRIES_FOR_PASSWORD 3
| #define TIMEOUT 5
| #define PASSWORD_TIMEOUT 5
| #define CLASSIC_INSULTS 1
| #define CSOPS_INSULTS 1
| #define _PATH_LDAP_CONF "/etc/ldap.conf"
| #define _PATH_LDAP_SECRET "/etc/ldap.secret"
| #define _PATH_SUDO_ASKPASS NULL
| #define ENV_RESET 1
| #define _PATH_SUDO_DEVSEARCH _PATH_DEV "pts:" _PATH_DEV "vt:" _PATH_DEV "term:" _PATH_DEV "zcons:" _PATH_DEV "pty:" _PATH_DEV "" 
| #define TIMESTAMP_TYPE tty
| #define SUDOERS_LOG_CLIENT 1
| #define HAVE_DLFCN_H 1
| #define LT_OBJDIR ".libs/"
| #define _PATH_SUDOERS_PLUGIN "sudoers.so"
| #define CONFIGURE_ARGS "--without-pam --with-vardir=/var/db/sudo --with-logpath=/var/log/sudo.log"
| #define HAVE_DECL_SECCOMP_MODE_FILTER 1
| #define HAVE_LINUX_RANDOM_H 1
| #define HAVE_SYS_SYSCALL_H 1
| #define HAVE_PROCESS_VM_READV 1
| #define restrict __restrict__
| #define _PATH_MV "/usr/bin/mv"
| #define _PATH_BSHELL "/usr/bin/sh"
| #define _PATH_VI "/usr/bin/vi"
| #define LOGFAC "authpriv"
| #define HAVE_DIRENT_H 1
| #define HAVE__BOOL 1
| #define HAVE_STDBOOL_H 1
| #define MAJOR_IN_SYSMACROS 1
| #define HAVE_UTMPX_H 1
| #define HAVE_ENDIAN_H 1
| #define HAVE_SYS_PROCFS_H 1
| #define HAVE_UNSIGNED_LONG_LONG_INT 1
| #define HAVE_LONG_LONG_INT 1
| #define HAVE_SIG_ATOMIC_T 1
| #define HAVE_STRUCT_IN6_ADDR 1
| #define HAVE_SOCKLEN_T 1
| #define SIZEOF_LONG 8
| #define SIZEOF_LONG_LONG 8
| #define SIZEOF_ID_T 4
| #define SIZEOF_OFF_T 8
| #define SIZEOF_TIME_T 8
| #define SIZEOF_UID_T 4
| #define HAVE_STRUCT_UTMP_UT_ID 1
| #define HAVE_STRUCT_UTMP_UT_PID 1
| #define HAVE_STRUCT_UTMP_UT_TV 1
| #define HAVE_STRUCT_UTMP_UT_TYPE 1
| #define HAVE_STRUCT_UTMP_UT_EXIT 1
| #define HAVE_STRUCT_UTMP_UT_EXIT_E_TERMINATION 1
| #define RTLD_PRELOAD_VAR "LD_PRELOAD"
| #define RTLD_PRELOAD_VAR_64 "LD_PRELOAD"
| #define RTLD_PRELOAD_DELIM ':'
| #define GETGROUPS_T gid_t
| #define HAVE_GETGROUPS 1
| #define HAVE_FSEEKO 1
| #define HAVE_FACCESSAT 1
| #define HAVE_FEXECVE 1
| #define HAVE_FMEMOPEN 1
| #define HAVE_KILLPG 1
| #define HAVE_NL_LANGINFO 1
| #define HAVE_RENAMEAT 1
| #define HAVE_STRTOULL 1
| #define HAVE_WORDEXP 1
| #define HAVE_SETEUID 1
| #define HAVE_EXECVPE 1
| #define HAVE_PREAD 1
| #define HAVE_PWRITE 1
| #define HAVE_CFMAKERAW 1
| #define HAVE_LOCALTIME_R 1
| #define HAVE_GMTIME_R 1
| #define HAVE_TIMEGM 1
| #define HAVE_GETGROUPLIST 1
| #define HAVE_GETDELIM 1
| #define HAVE_DECL_GETDELIM 1
| #define HAVE_GETUSERSHELL 1
| #define HAVE_DECL_GETUSERSHELL 1
| #define HAVE_REALLOCARRAY 1
| #define HAVE_GETAUXVAL 1
| #define HAVE_PTHREAD_H 1
| #define HAVE_PTHREAD_ATFORK 1
| #define HAVE___BUILTIN_CLZ 1
| #define HAVE___BUILTIN_CLZL 1
| #define HAVE_GETUTXID 1
| #define HAVE_OPENPTY 1
| #define HAVE_PTY_H 1
| #define HAVE_UNSETENV 1
| #define PUTENV_CONST /**/
| #define IOCTL_REQ_CAST /**/
| #define HAVE_SETRESUID 1
| #define HAVE_DECL_SETRESUID 1
| #define HAVE_GETRESUID 1
| #define HAVE_DECL_GETRESUID 1
| #define HAVE_SETREUID 1
| #define HAVE_GETIFADDRS 1
| #define HAVE_FREEIFADDRS 1
| #define HAVE_LOCKF 1
| #define HAVE_INNETGR 1
| #define HAVE_DECL_INNETGR 1
| #define HAVE_GETDOMAINNAME 1
| #define HAVE_DECL_GETDOMAINNAME 1
| #define HAVE_UTIMENSAT 1
| #define HAVE_FUTIMENS 1
| #define HAVE_EXPLICIT_BZERO 1
| #define HAVE_FNMATCH 1
| #define HAVE_ISBLANK 1
| #define HAVE_GLOB 1
| #define HAVE_MEMRCHR 1
| #define HAVE_NANOSLEEP 1
| #define HAVE_FCHOWNAT 1
| #define HAVE_MKDIRAT 1
| #define HAVE_OPENAT 1
| #define HAVE_UNLINKAT 1
| #define HAVE_FCHMODAT 1
| #define HAVE_FSTATAT 1
| #define HAVE_DUP3 1
| #define HAVE_PIPE2 1
| #define HAVE_REALPATH 1
| #define HAVE_STRNLEN 1
| #define HAVE_STRNDUP 1
| #define HAVE_CLOCK_GETTIME 1
| #define HAVE_GETOPT_LONG 1
| #define HAVE_CLOSE_RANGE 1
| #define HAVE_LINUX_CLOSE_RANGE_H 1
| #define HAVE_SNPRINTF 1
| #define HAVE_VSNPRINTF 1
| #define HAVE_ASPRINTF 1
| #define HAVE_VASPRINTF 1
| /* end confdefs.h.  */
| #include <stddef.h>
| #ifdef HAVE_STDIO_H
| # include <stdio.h>
| #endif
| #ifdef HAVE_STDLIB_H
| # include <stdlib.h>
| #endif
| #ifdef HAVE_STRING_H
| # include <string.h>
| #endif
| #ifdef HAVE_INTTYPES_H
| # include <inttypes.h>
| #endif
| #ifdef HAVE_STDINT_H
| # include <stdint.h>
| #endif
| #ifdef HAVE_STRINGS_H
| # include <strings.h>
| #endif
| #ifdef HAVE_SYS_TYPES_H
| # include <sys/types.h>
| #endif
| #ifdef HAVE_SYS_STAT_H
| # include <sys/stat.h>
| #endif
| #ifdef HAVE_UNISTD_H
| # include <unistd.h>
| #endif
| int
| main (void)
| {
| static struct stat ac_aggr;
| if (ac_aggr.st_mtim)
| return 0;
|   ;
|   return 0;
| }
configure:25336: gcc -c -g -O2 -DZLIB_CONST conftest.c >&5
configure:25336: $? = 0
configure:25336: result: yes
configure:25341: checking for struct stat.st_mtim.st__tim
configure:25341: gcc -c -g -O2 -DZLIB_CONST conftest.c >&5
conftest.c: In function 'main':
conftest.c:218:20: error: 'struct timespec' has no member named 'st__tim'
  218 | if (ac_aggr.st_mtim.st__tim)
      |                    ^
configure:25341: $? = 1
configure: failed program was:
| /* confdefs.h */
| #define PACKAGE_NAME "sudo"
| #define PACKAGE_TARNAME "sudo"
| #define PACKAGE_VERSION "1.9.17p2"
| #define PACKAGE_STRING "sudo 1.9.17p2"
| #define PACKAGE_BUGREPORT "https://bugzilla.sudo.ws/"
| #define PACKAGE_URL ""
| #define HAVE_STDIO_H 1
| #define HAVE_STDLIB_H 1
| #define HAVE_STRING_H 1
| #define HAVE_INTTYPES_H 1
| #define HAVE_STDINT_H 1
| #define HAVE_STRINGS_H 1
| #define HAVE_SYS_STAT_H 1
| #define HAVE_SYS_TYPES_H 1
| #define HAVE_UNISTD_H 1
| #define HAVE_WCHAR_H 1
| #define HAVE_PATHS_H 1
| #define HAVE_SPAWN_H 1
| #define HAVE_WORDEXP_H 1
| #define HAVE_SYS_SELECT_H 1
| #define HAVE_SYS_SYSMACROS_H 1
| #define HAVE_SYS_STATVFS_H 1
| #define STDC_HEADERS 1
| #define _ALL_SOURCE 1
| #define _DARWIN_C_SOURCE 1
| #define _GNU_SOURCE 1
| #define _HPUX_ALT_XOPEN_SOCKET_API 1
| #define _NETBSD_SOURCE 1
| #define _OPENBSD_SOURCE 1
| #define _POSIX_PTHREAD_SEMANTICS 1
| #define __STDC_WANT_IEC_60559_ATTRIBS_EXT__ 1
| #define __STDC_WANT_IEC_60559_BFP_EXT__ 1
| #define __STDC_WANT_IEC_60559_DFP_EXT__ 1
| #define __STDC_WANT_IEC_60559_EXT__ 1
| #define __STDC_WANT_IEC_60559_FUNCS_EXT__ 1
| #define __STDC_WANT_IEC_60559_TYPES_EXT__ 1
| #define __STDC_WANT_LIB_EXT2__ 1
| #define __STDC_WANT_MATH_SPEC_FUNCS__ 1
| #define _TANDEM_SOURCE 1
| #define __EXTENSIONS__ 1
| #define _PATH_SSSD_CONF "/etc/sssd/sssd.conf"
| #define _PATH_SSSD_LIB ""LIBDIR""
| #define LOGGING SLOG_SYSLOG
| #define PRI_SUCCESS "notice"
| #define PRI_FAILURE "alert"
| #define MAXLOGFILELEN 80
| #define SEND_MAIL_WHEN_NO_USER 1
| #define MAILTO "root"
| #define MAILSUBJECT "*** SECURITY information for %h ***"
| #define PASSPROMPT "Password: "
| #define INCORRECT_PASSWORD "Sorry, try again."
| #define SUDO_UMASK 0022
| #define RUNAS_DEFAULT "root"
| #define EDITOR _PATH_VI
| #define ENV_EDITOR 1
| #define TRIES_FOR_PASSWORD 3
| #define TIMEOUT 5
| #define PASSWORD_TIMEOUT 5
| #define CLASSIC_INSULTS 1
| #define CSOPS_INSULTS 1
| #define _PATH_LDAP_CONF "/etc/ldap.conf"
| #define _PATH_LDAP_SECRET "/etc/ldap.secret"
| #define _PATH_SUDO_ASKPASS NULL
| #define ENV_RESET 1
| #define _PATH_SUDO_DEVSEARCH _PATH_DEV "pts:" _PATH_DEV "vt:" _PATH_DEV "term:" _PATH_DEV "zcons:" _PATH_DEV "pty:" _PATH_DEV "" 
| #define TIMESTAMP_TYPE tty
| #define SUDOERS_LOG_CLIENT 1
| #define HAVE_DLFCN_H 1
| #define LT_OBJDIR ".libs/"
| #define _PATH_SUDOERS_PLUGIN "sudoers.so"
| #define CONFIGURE_ARGS "--without-pam --with-vardir=/var/db/sudo --with-logpath=/var/log/sudo.log"
| #define HAVE_DECL_SECCOMP_MODE_FILTER 1
| #define HAVE_LINUX_RANDOM_H 1
| #define HAVE_SYS_SYSCALL_H 1
| #define HAVE_PROCESS_VM_READV 1
| #define restrict __restrict__
| #define _PATH_MV "/usr/bin/mv"
| #define _PATH_BSHELL "/usr/bin/sh"
| #define _PATH_VI "/usr/bin/vi"
| #define LOGFAC "authpriv"
| #define HAVE_DIRENT_H 1
| #define HAVE__BOOL 1
| #define HAVE_STDBOOL_H 1
| #define MAJOR_IN_SYSMACROS 1
| #define HAVE_UTMPX_H 1
| #define HAVE_ENDIAN_H 1
| #define HAVE_SYS_PROCFS_H 1
| #define HAVE_UNSIGNED_LONG_LONG_INT 1
| #define HAVE_LONG_LONG_INT 1
| #define HAVE_SIG_ATOMIC_T 1
| #define HAVE_STRUCT_IN6_ADDR 1
| #define HAVE_SOCKLEN_T 1
| #define SIZEOF_LONG 8
| #define SIZEOF_LONG_LONG 8
| #define SIZEOF_ID_T 4
| #define SIZEOF_OFF_T 8
| #define SIZEOF_TIME_T 8
| #define SIZEOF_UID_T 4
| #define HAVE_STRUCT_UTMP_UT_ID 1
| #define HAVE_STRUCT_UTMP_UT_PID 1
| #define HAVE_STRUCT_UTMP_UT_TV 1
| #define HAVE_STRUCT_UTMP_UT_TYPE 1
| #define HAVE_STRUCT_UTMP_UT_EXIT 1
| #define HAVE_STRUCT_UTMP_UT_EXIT_E_TERMINATION 1
| #define RTLD_PRELOAD_VAR "LD_PRELOAD"
| #define RTLD_PRELOAD_VAR_64 "LD_PRELOAD"
| #define RTLD_PRELOAD_DELIM ':'
| #define GETGROUPS_T gid_t
| #define HAVE_GETGROUPS 1
| #define HAVE_FSEEKO 1
| #define HAVE_FACCESSAT 1
| #define HAVE_FEXECVE 1
| #define HAVE_FMEMOPEN 1
| #define HAVE_KILLPG 1
| #define HAVE_NL_LANGINFO 1
| #define HAVE_RENAMEAT 1
| #define HAVE_STRTOULL 1
| #define HAVE_WORDEXP 1
| #define HAVE_SETEUID 1
| #define HAVE_EXECVPE 1
| #define HAVE_PREAD 1
| #define HAVE_PWRITE 1
| #define HAVE_CFMAKERAW 1
| #define HAVE_LOCALTIME_R 1
| #define HAVE_GMTIME_R 1
| #define HAVE_TIMEGM 1
| #define HAVE_GETGROUPLIST 1
| #define HAVE_GETDELIM 1
| #define HAVE_DECL_GETDELIM 1
| #define HAVE_GETUSERSHELL 1
| #define HAVE_DECL_GETUSERSHELL 1
| #define HAVE_REALLOCARRAY 1
| #define HAVE_GETAUXVAL 1
| #define HAVE_PTHREAD_H 1
| #define HAVE_PTHREAD_ATFORK 1
| #define HAVE___BUILTIN_CLZ 1
| #define HAVE___BUILTIN_CLZL 1
| #define HAVE_GETUTXID 1
| #define HAVE_OPENPTY 1
| #define HAVE_PTY_H 1
| #define HAVE_UNSETENV 1
| #define PUTENV_CONST /**/
| #define IOCTL_REQ_CAST /**/
| #define HAVE_SETRESUID 1
| #define HAVE_DECL_SETRESUID 1
| #define HAVE_GETRESUID 1
| #define HAVE_DECL_GETRESUID 1
| #define HAVE_SETREUID 1
| #define HAVE_GETIFADDRS 1
| #define HAVE_FREEIFADDRS 1
| #define HAVE_LOCKF 1
| #define HAVE_INNETGR 1
| #define HAVE_DECL_INNETGR 1
| #define HAVE_GETDOMAINNAME 1
| #define HAVE_DECL_GETDOMAINNAME 1
| #define HAVE_UTIMENSAT 1
| #define HAVE_FUTIMENS 1
| #define HAVE_EXPLICIT_BZERO 1
| #define HAVE_FNMATCH 1
| #define HAVE_ISBLANK 1
| #define HAVE_GLOB 1
| #define HAVE_MEMRCHR 1
| #define HAVE_NANOSLEEP 1
| #define HAVE_FCHOWNAT 1
| #define HAVE_MKDIRAT 1
| #define HAVE_OPENAT 1
| #define HAVE_UNLINKAT 1
| #define HAVE_FCHMODAT 1
| #define HAVE_FSTATAT 1
| #define HAVE_DUP3 1
| #define HAVE_PIPE2 1
| #define HAVE_REALPATH 1
| #define HAVE_STRNLEN 1
| #define HAVE_STRNDUP 1
| #define HAVE_CLOCK_GETTIME 1
| #define HAVE_GETOPT_LONG 1
| #define HAVE_CLOSE_RANGE 1
| #define HAVE_LINUX_CLOSE_RANGE_H 1
| #define HAVE_SNPRINTF 1
| #define HAVE_VSNPRINTF 1
| #define HAVE_ASPRINTF 1
| #define HAVE_VASPRINTF 1
| #define HAVE_ST_MTIM 1
| /* end confdefs.h.  */
| #include <stddef.h>
| #ifdef HAVE_STDIO_H
| # include <stdio.h>
| #endif
| #ifdef HAVE_STDLIB_H
| # include <stdlib.h>
| #endif
| #ifdef HAVE_STRING_H
| # include <string.h>
| #endif
| #ifdef HAVE_INTTYPES_H
| # include <inttypes.h>
| #endif
| #ifdef HAVE_STDINT_H
| # include <stdint.h>
| #endif
| #ifdef HAVE_STRINGS_H
| # include <strings.h>
| #endif
| #ifdef HAVE_SYS_TYPES_H
| # include <sys/types.h>
| #endif
| #ifdef HAVE_SYS_STAT_H
| # include <sys/stat.h>
| #endif
| #ifdef HAVE_UNISTD_H
| # include <unistd.h>
| #endif
| int
| main (void)
| {
| static struct stat ac_aggr;
| if (ac_aggr.st_mtim.st__tim)
| return 0;
|   ;
|   return 0;
| }
configure:25341: gcc -c -g -O2 -DZLIB_CONST conftest.c >&5
conftest.c: In function 'main':
conftest.c:218:27: error: 'struct timespec' has no member named 'st__tim'
  218 | if (sizeof ac_aggr.st_mtim.st__tim)
      |                           ^
configure:25341: $? = 1
configure: failed program was:
| /* confdefs.h */
| #define PACKAGE_NAME "sudo"
| #define PACKAGE_TARNAME "sudo"
| #define PACKAGE_VERSION "1.9.17p2"
| #define PACKAGE_STRING "sudo 1.9.17p2"
| #define PACKAGE_BUGREPORT "https://bugzilla.sudo.ws/"
| #define PACKAGE_URL ""
| #define HAVE_STDIO_H 1
| #define HAVE_STDLIB_H 1
| #define HAVE_STRING_H 1
| #define HAVE_INTTYPES_H 1
| #define HAVE_STDINT_H 1
| #define HAVE_STRINGS_H 1
| #define HAVE_SYS_STAT_H 1
| #define HAVE_SYS_TYPES_H 1
| #define HAVE_UNISTD_H 1
| #define HAVE_WCHAR_H 1
| #define HAVE_PATHS_H 1
| #define HAVE_SPAWN_H 1
| #define HAVE_WORDEXP_H 1
| #define HAVE_SYS_SELECT_H 1
| #define HAVE_SYS_SYSMACROS_H 1
| #define HAVE_SYS_STATVFS_H 1
| #define STDC_HEADERS 1
| #define _ALL_SOURCE 1
| #define _DARWIN_C_SOURCE 1
| #define _GNU_SOURCE 1
| #define _HPUX_ALT_XOPEN_SOCKET_API 1
| #define _NETBSD_SOURCE 1
| #define _OPENBSD_SOURCE 1
| #define _POSIX_PTHREAD_SEMANTICS 1
| #define __STDC_WANT_IEC_60559_ATTRIBS_EXT__ 1
| #define __STDC_WANT_IEC_60559_BFP_EXT__ 1
| #define __STDC_WANT_IEC_60559_DFP_EXT__ 1
| #define __STDC_WANT_IEC_60559_EXT__ 1
| #define __STDC_WANT_IEC_60559_FUNCS_EXT__ 1
| #define __STDC_WANT_IEC_60559_TYPES_EXT__ 1
| #define __STDC_WANT_LIB_EXT2__ 1
| #define __STDC_WANT_MATH_SPEC_FUNCS__ 1
| #define _TANDEM_SOURCE 1
| #define __EXTENSIONS__ 1
| #define _PATH_SSSD_CONF "/etc/sssd/sssd.conf"
| #define _PATH_SSSD_LIB ""LIBDIR""
| #define LOGGING SLOG_SYSLOG
| #define PRI_SUCCESS "notice"
| #define PRI_FAILURE "alert"
| #define MAXLOGFILELEN 80
| #define SEND_MAIL_WHEN_NO_USER 1
| #define MAILTO "root"
| #define MAILSUBJECT "*** SECURITY information for %h ***"
| #define PASSPROMPT "Password: "
| #define INCORRECT_PASSWORD "Sorry, try again."
| #define SUDO_UMASK 0022
| #define RUNAS_DEFAULT "root"
| #define EDITOR _PATH_VI
| #define ENV_EDITOR 1
| #define TRIES_FOR_PASSWORD 3
| #define TIMEOUT 5
| #define PASSWORD_TIMEOUT 5
| #define CLASSIC_INSULTS 1
| #define CSOPS_INSULTS 1
| #define _PATH_LDAP_CONF "/etc/ldap.conf"
| #define _PATH_LDAP_SECRET "/etc/ldap.secret"
| #define _PATH_SUDO_ASKPASS NULL
| #define ENV_RESET 1
| #define _PATH_SUDO_DEVSEARCH _PATH_DEV "pts:" _PATH_DEV "vt:" _PATH_DEV "term:" _PATH_DEV "zcons:" _PATH_DEV "pty:" _PATH_DEV "" 
| #define TIMESTAMP_TYPE tty
| #define SUDOERS_LOG_CLIENT 1
| #define HAVE_DLFCN_H 1
| #define LT_OBJDIR ".libs/"
| #define _PATH_SUDOERS_PLUGIN "sudoers.so"
| #define CONFIGURE_ARGS "--without-pam --with-vardir=/var/db/sudo --with-logpath=/var/log/sudo.log"
| #define HAVE_DECL_SECCOMP_MODE_FILTER 1
| #define HAVE_LINUX_RANDOM_H 1
| #define HAVE_SYS_SYSCALL_H 1
| #define HAVE_PROCESS_VM_READV 1
| #define restrict __restrict__
| #define _PATH_MV "/usr/bin/mv"
| #define _PATH_BSHELL "/usr/bin/sh"
| #define _PATH_VI "/usr/bin/vi"
| #define LOGFAC "authpriv"
| #define HAVE_DIRENT_H 1
| #define HAVE__BOOL 1
| #define HAVE_STDBOOL_H 1
| #define MAJOR_IN_SYSMACROS 1
| #define HAVE_UTMPX_H 1
| #define HAVE_ENDIAN_H 1
| #define HAVE_SYS_PROCFS_H 1
| #define HAVE_UNSIGNED_LONG_LONG_INT 1
| #define HAVE_LONG_LONG_INT 1
| #define HAVE_SIG_ATOMIC_T 1
| #define HAVE_STRUCT_IN6_ADDR 1
| #define HAVE_SOCKLEN_T 1
| #define SIZEOF_LONG 8
| #define SIZEOF_LONG_LONG 8
| #define SIZEOF_ID_T 4
| #define SIZEOF_OFF_T 8
| #define SIZEOF_TIME_T 8
| #define SIZEOF_UID_T 4
| #define HAVE_STRUCT_UTMP_UT_ID 1
| #define HAVE_STRUCT_UTMP_UT_PID 1
| #define HAVE_STRUCT_UTMP_UT_TV 1
| #define HAVE_STRUCT_UTMP_UT_TYPE 1
| #define HAVE_STRUCT_UTMP_UT_EXIT 1
| #define HAVE_STRUCT_UTMP_UT_EXIT_E_TERMINATION 1
| #define RTLD_PRELOAD_VAR "LD_PRELOAD"
| #define RTLD_PRELOAD_VAR_64 "LD_PRELOAD"
| #define RTLD_PRELOAD_DELIM ':'
| #define GETGROUPS_T gid_t
| #define HAVE_GETGROUPS 1
| #define HAVE_FSEEKO 1
| #define HAVE_FACCESSAT 1
| #define HAVE_FEXECVE 1
| #define HAVE_FMEMOPEN 1
| #define HAVE_KILLPG 1
| #define HAVE_NL_LANGINFO 1
| #define HAVE_RENAMEAT 1
| #define HAVE_STRTOULL 1
| #define HAVE_WORDEXP 1
| #define HAVE_SETEUID 1
| #define HAVE_EXECVPE 1
| #define HAVE_PREAD 1
| #define HAVE_PWRITE 1
| #define HAVE_CFMAKERAW 1
| #define HAVE_LOCALTIME_R 1
| #define HAVE_GMTIME_R 1
| #define HAVE_TIMEGM 1
| #define HAVE_GETGROUPLIST 1
| #define HAVE_GETDELIM 1
| #define HAVE_DECL_GETDELIM 1
| #define HAVE_GETUSERSHELL 1
| #define HAVE_DECL_GETUSERSHELL 1
| #define HAVE_REALLOCARRAY 1
| #define HAVE_GETAUXVAL 1
| #define HAVE_PTHREAD_H 1
| #define HAVE_PTHREAD_ATFORK 1
| #define HAVE___BUILTIN_CLZ 1
| #define HAVE___BUILTIN_CLZL 1
| #define HAVE_GETUTXID 1
| #define HAVE_OPENPTY 1
| #define HAVE_PTY_H 1
| #define HAVE_UNSETENV 1
| #define PUTENV_CONST /**/
| #define IOCTL_REQ_CAST /**/
| #define HAVE_SETRESUID 1
| #define HAVE_DECL_SETRESUID 1
| #define HAVE_GETRESUID 1
| #define HAVE_DECL_GETRESUID 1
| #define HAVE_SETREUID 1
| #define HAVE_GETIFADDRS 1
| #define HAVE_FREEIFADDRS 1
| #define HAVE_LOCKF 1
| #define HAVE_INNETGR 1
| #define HAVE_DECL_INNETGR 1
| #define HAVE_GETDOMAINNAME 1
| #define HAVE_DECL_GETDOMAINNAME 1
| #define HAVE_UTIMENSAT 1
| #define HAVE_FUTIMENS 1
| #define HAVE_EXPLICIT_BZERO 1
| #define HAVE_FNMATCH 1
| #define HAVE_ISBLANK 1
| #define HAVE_GLOB 1
| #define HAVE_MEMRCHR 1
| #define HAVE_NANOSLEEP 1
| #define HAVE_FCHOWNAT 1
| #define HAVE_MKDIRAT 1
| #define HAVE_OPENAT 1
| #define HAVE_UNLINKAT 1
| #define HAVE_FCHMODAT 1
| #define HAVE_FSTATAT 1
| #define HAVE_DUP3 1
| #define HAVE_PIPE2 1
| #define HAVE_REALPATH 1
| #define HAVE_STRNLEN 1
| #define HAVE_STRNDUP 1
| #define HAVE_CLOCK_GETTIME 1
| #define HAVE_GETOPT_LONG 1
| #define HAVE_CLOSE_RANGE 1
| #define HAVE_LINUX_CLOSE_RANGE_H 1
| #define HAVE_SNPRINTF 1
| #define HAVE_VSNPRINTF 1
| #define HAVE_ASPRINTF 1
| #define HAVE_VASPRINTF 1
| #define HAVE_ST_MTIM 1
| /* end confdefs.h.  */
| #include <stddef.h>
| #ifdef HAVE_STDIO_H
| # include <stdio.h>
| #endif
| #ifdef HAVE_STDLIB_H
| # include <stdlib.h>
| #endif
| #ifdef HAVE_STRING_H
| # include <string.h>
| #endif
| #ifdef HAVE_INTTYPES_H
| # include <inttypes.h>
| #endif
| #ifdef HAVE_STDINT_H
| # include <stdint.h>
| #endif
| #ifdef HAVE_STRINGS_H
| # include <strings.h>
| #endif
| #ifdef HAVE_SYS_TYPES_H
| # include <sys/types.h>
| #endif
| #ifdef HAVE_SYS_STAT_H
| # include <sys/stat.h>
| #endif
| #ifdef HAVE_UNISTD_H
| # include <unistd.h>
| #endif
| int
| main (void)
| {
| static struct stat ac_aggr;
| if (sizeof ac_aggr.st_mtim.st__tim)
| return 0;
|   ;
|   return 0;
| }
configure:25341: result: no
configure:25370: checking for setpassent
configure:25370: gcc -o conftest -g -O2 -DZLIB_CONST  -Wl,--no-undefined conftest.c  >&5
/usr/bin/ld: /tmp/ccjkFw4d.o: in function `main':
/root/xuanix/xuanix_X86_64/sudo-1.9.17p2/conftest.c:213: undefined reference to `setpassent'
collect2: error: ld returned 1 exit status
configure:25370: $? = 1
configure: failed program was:
| /* confdefs.h */
| #define PACKAGE_NAME "sudo"
| #define PACKAGE_TARNAME "sudo"
| #define PACKAGE_VERSION "1.9.17p2"
| #define PACKAGE_STRING "sudo 1.9.17p2"
| #define PACKAGE_BUGREPORT "https://bugzilla.sudo.ws/"
| #define PACKAGE_URL ""
| #define HAVE_STDIO_H 1
| #define HAVE_STDLIB_H 1
| #define HAVE_STRING_H 1
| #define HAVE_INTTYPES_H 1
| #define HAVE_STDINT_H 1
| #define HAVE_STRINGS_H 1
| #define HAVE_SYS_STAT_H 1
| #define HAVE_SYS_TYPES_H 1
| #define HAVE_UNISTD_H 1
| #define HAVE_WCHAR_H 1
| #define HAVE_PATHS_H 1
| #define HAVE_SPAWN_H 1
| #define HAVE_WORDEXP_H 1
| #define HAVE_SYS_SELECT_H 1
| #define HAVE_SYS_SYSMACROS_H 1
| #define HAVE_SYS_STATVFS_H 1
| #define STDC_HEADERS 1
| #define _ALL_SOURCE 1
| #define _DARWIN_C_SOURCE 1
| #define _GNU_SOURCE 1
| #define _HPUX_ALT_XOPEN_SOCKET_API 1
| #define _NETBSD_SOURCE 1
| #define _OPENBSD_SOURCE 1
| #define _POSIX_PTHREAD_SEMANTICS 1
| #define __STDC_WANT_IEC_60559_ATTRIBS_EXT__ 1
| #define __STDC_WANT_IEC_60559_BFP_EXT__ 1
| #define __STDC_WANT_IEC_60559_DFP_EXT__ 1
| #define __STDC_WANT_IEC_60559_EXT__ 1
| #define __STDC_WANT_IEC_60559_FUNCS_EXT__ 1
| #define __STDC_WANT_IEC_60559_TYPES_EXT__ 1
| #define __STDC_WANT_LIB_EXT2__ 1
| #define __STDC_WANT_MATH_SPEC_FUNCS__ 1
| #define _TANDEM_SOURCE 1
| #define __EXTENSIONS__ 1
| #define _PATH_SSSD_CONF "/etc/sssd/sssd.conf"
| #define _PATH_SSSD_LIB ""LIBDIR""
| #define LOGGING SLOG_SYSLOG
| #define PRI_SUCCESS "notice"
| #define PRI_FAILURE "alert"
| #define MAXLOGFILELEN 80
| #define SEND_MAIL_WHEN_NO_USER 1
| #define MAILTO "root"
| #define MAILSUBJECT "*** SECURITY information for %h ***"
| #define PASSPROMPT "Password: "
| #define INCORRECT_PASSWORD "Sorry, try again."
| #define SUDO_UMASK 0022
| #define RUNAS_DEFAULT "root"
| #define EDITOR _PATH_VI
| #define ENV_EDITOR 1
| #define TRIES_FOR_PASSWORD 3
| #define TIMEOUT 5
| #define PASSWORD_TIMEOUT 5
| #define CLASSIC_INSULTS 1
| #define CSOPS_INSULTS 1
| #define _PATH_LDAP_CONF "/etc/ldap.conf"
| #define _PATH_LDAP_SECRET "/etc/ldap.secret"
| #define _PATH_SUDO_ASKPASS NULL
| #define ENV_RESET 1
| #define _PATH_SUDO_DEVSEARCH _PATH_DEV "pts:" _PATH_DEV "vt:" _PATH_DEV "term:" _PATH_DEV "zcons:" _PATH_DEV "pty:" _PATH_DEV "" 
| #define TIMESTAMP_TYPE tty
| #define SUDOERS_LOG_CLIENT 1
| #define HAVE_DLFCN_H 1
| #define LT_OBJDIR ".libs/"
| #define _PATH_SUDOERS_PLUGIN "sudoers.so"
| #define CONFIGURE_ARGS "--without-pam --with-vardir=/var/db/sudo --with-logpath=/var/log/sudo.log"
| #define HAVE_DECL_SECCOMP_MODE_FILTER 1
| #define HAVE_LINUX_RANDOM_H 1
| #define HAVE_SYS_SYSCALL_H 1
| #define HAVE_PROCESS_VM_READV 1
| #define restrict __restrict__
| #define _PATH_MV "/usr/bin/mv"
| #define _PATH_BSHELL "/usr/bin/sh"
| #define _PATH_VI "/usr/bin/vi"
| #define LOGFAC "authpriv"
| #define HAVE_DIRENT_H 1
| #define HAVE__BOOL 1
| #define HAVE_STDBOOL_H 1
| #define MAJOR_IN_SYSMACROS 1
| #define HAVE_UTMPX_H 1
| #define HAVE_ENDIAN_H 1
| #define HAVE_SYS_PROCFS_H 1
| #define HAVE_UNSIGNED_LONG_LONG_INT 1
| #define HAVE_LONG_LONG_INT 1
| #define HAVE_SIG_ATOMIC_T 1
| #define HAVE_STRUCT_IN6_ADDR 1
| #define HAVE_SOCKLEN_T 1
| #define SIZEOF_LONG 8
| #define SIZEOF_LONG_LONG 8
| #define SIZEOF_ID_T 4
| #define SIZEOF_OFF_T 8
| #define SIZEOF_TIME_T 8
| #define SIZEOF_UID_T 4
| #define HAVE_STRUCT_UTMP_UT_ID 1
| #define HAVE_STRUCT_UTMP_UT_PID 1
| #define HAVE_STRUCT_UTMP_UT_TV 1
| #define HAVE_STRUCT_UTMP_UT_TYPE 1
| #define HAVE_STRUCT_UTMP_UT_EXIT 1
| #define HAVE_STRUCT_UTMP_UT_EXIT_E_TERMINATION 1
| #define RTLD_PRELOAD_VAR "LD_PRELOAD"
| #define RTLD_PRELOAD_VAR_64 "LD_PRELOAD"
| #define RTLD_PRELOAD_DELIM ':'
| #define GETGROUPS_T gid_t
| #define HAVE_GETGROUPS 1
| #define HAVE_FSEEKO 1
| #define HAVE_FACCESSAT 1
| #define HAVE_FEXECVE 1
| #define HAVE_FMEMOPEN 1
| #define HAVE_KILLPG 1
| #define HAVE_NL_LANGINFO 1
| #define HAVE_RENAMEAT 1
| #define HAVE_STRTOULL 1
| #define HAVE_WORDEXP 1
| #define HAVE_SETEUID 1
| #define HAVE_EXECVPE 1
| #define HAVE_PREAD 1
| #define HAVE_PWRITE 1
| #define HAVE_CFMAKERAW 1
| #define HAVE_LOCALTIME_R 1
| #define HAVE_GMTIME_R 1
| #define HAVE_TIMEGM 1
| #define HAVE_GETGROUPLIST 1
| #define HAVE_GETDELIM 1
| #define HAVE_DECL_GETDELIM 1
| #define HAVE_GETUSERSHELL 1
| #define HAVE_DECL_GETUSERSHELL 1
| #define HAVE_REALLOCARRAY 1
| #define HAVE_GETAUXVAL 1
| #define HAVE_PTHREAD_H 1
| #define HAVE_PTHREAD_ATFORK 1
| #define HAVE___BUILTIN_CLZ 1
| #define HAVE___BUILTIN_CLZL 1
| #define HAVE_GETUTXID 1
| #define HAVE_OPENPTY 1
| #define HAVE_PTY_H 1
| #define HAVE_UNSETENV 1
| #define PUTENV_CONST /**/
| #define IOCTL_REQ_CAST /**/
| #define HAVE_SETRESUID 1
| #define HAVE_DECL_SETRESUID 1
| #define HAVE_GETRESUID 1
| #define HAVE_DECL_GETRESUID 1
| #define HAVE_SETREUID 1
| #define HAVE_GETIFADDRS 1
| #define HAVE_FREEIFADDRS 1
| #define HAVE_LOCKF 1
| #define HAVE_INNETGR 1
| #define HAVE_DECL_INNETGR 1
| #define HAVE_GETDOMAINNAME 1
| #define HAVE_DECL_GETDOMAINNAME 1
| #define HAVE_UTIMENSAT 1
| #define HAVE_FUTIMENS 1
| #define HAVE_EXPLICIT_BZERO 1
| #define HAVE_FNMATCH 1
| #define HAVE_ISBLANK 1
| #define HAVE_GLOB 1
| #define HAVE_MEMRCHR 1
| #define HAVE_NANOSLEEP 1
| #define HAVE_FCHOWNAT 1
| #define HAVE_MKDIRAT 1
| #define HAVE_OPENAT 1
| #define HAVE_UNLINKAT 1
| #define HAVE_FCHMODAT 1
| #define HAVE_FSTATAT 1
| #define HAVE_DUP3 1
| #define HAVE_PIPE2 1
| #define HAVE_REALPATH 1
| #define HAVE_STRNLEN 1
| #define HAVE_STRNDUP 1
| #define HAVE_CLOCK_GETTIME 1
| #define HAVE_GETOPT_LONG 1
| #define HAVE_CLOSE_RANGE 1
| #define HAVE_LINUX_CLOSE_RANGE_H 1
| #define HAVE_SNPRINTF 1
| #define HAVE_VSNPRINTF 1
| #define HAVE_ASPRINTF 1
| #define HAVE_VASPRINTF 1
| #define HAVE_ST_MTIM 1
| /* end confdefs.h.  */
| /* Define setpassent to an innocuous variant, in case <limits.h> declares setpassent.
|    For example, HP-UX 11i <limits.h> declares gettimeofday.  */
| #define setpassent innocuous_setpassent
| 
| /* System header to define __stub macros and hopefully few prototypes,
|    which can conflict with char setpassent (void); below.  */
| 
| #include <limits.h>
| #undef setpassent
| 
| /* Override any GCC internal prototype to avoid an error.
|    Use char because int might match the return type of a GCC
|    builtin and then its argument prototype would still apply.  */
| #ifdef __cplusplus
| extern "C"
| #endif
| char setpassent (void);
| /* The GNU C library defines this for functions which it implements
|     to always fail with ENOSYS.  Some functions are actually named
|     something starting with __ and the normal name is an alias.  */
| #if defined __stub_setpassent || defined __stub___setpassent
| choke me
| #endif
| 
| int
| main (void)
| {
| return setpassent ();
|   ;
|   return 0;
| }
configure:25370: result: no
configure:25376: checking for setgroupent
configure:25376: gcc -o conftest -g -O2 -DZLIB_CONST  -Wl,--no-undefined conftest.c  >&5
/usr/bin/ld: /tmp/ccXasG6L.o: in function `main':
/root/xuanix/xuanix_X86_64/sudo-1.9.17p2/conftest.c:213: undefined reference to `setgroupent'
collect2: error: ld returned 1 exit status
configure:25376: $? = 1
configure: failed program was:
| /* confdefs.h */
| #define PACKAGE_NAME "sudo"
| #define PACKAGE_TARNAME "sudo"
| #define PACKAGE_VERSION "1.9.17p2"
| #define PACKAGE_STRING "sudo 1.9.17p2"
| #define PACKAGE_BUGREPORT "https://bugzilla.sudo.ws/"
| #define PACKAGE_URL ""
| #define HAVE_STDIO_H 1
| #define HAVE_STDLIB_H 1
| #define HAVE_STRING_H 1
| #define HAVE_INTTYPES_H 1
| #define HAVE_STDINT_H 1
| #define HAVE_STRINGS_H 1
| #define HAVE_SYS_STAT_H 1
| #define HAVE_SYS_TYPES_H 1
| #define HAVE_UNISTD_H 1
| #define HAVE_WCHAR_H 1
| #define HAVE_PATHS_H 1
| #define HAVE_SPAWN_H 1
| #define HAVE_WORDEXP_H 1
| #define HAVE_SYS_SELECT_H 1
| #define HAVE_SYS_SYSMACROS_H 1
| #define HAVE_SYS_STATVFS_H 1
| #define STDC_HEADERS 1
| #define _ALL_SOURCE 1
| #define _DARWIN_C_SOURCE 1
| #define _GNU_SOURCE 1
| #define _HPUX_ALT_XOPEN_SOCKET_API 1
| #define _NETBSD_SOURCE 1
| #define _OPENBSD_SOURCE 1
| #define _POSIX_PTHREAD_SEMANTICS 1
| #define __STDC_WANT_IEC_60559_ATTRIBS_EXT__ 1
| #define __STDC_WANT_IEC_60559_BFP_EXT__ 1
| #define __STDC_WANT_IEC_60559_DFP_EXT__ 1
| #define __STDC_WANT_IEC_60559_EXT__ 1
| #define __STDC_WANT_IEC_60559_FUNCS_EXT__ 1
| #define __STDC_WANT_IEC_60559_TYPES_EXT__ 1
| #define __STDC_WANT_LIB_EXT2__ 1
| #define __STDC_WANT_MATH_SPEC_FUNCS__ 1
| #define _TANDEM_SOURCE 1
| #define __EXTENSIONS__ 1
| #define _PATH_SSSD_CONF "/etc/sssd/sssd.conf"
| #define _PATH_SSSD_LIB ""LIBDIR""
| #define LOGGING SLOG_SYSLOG
| #define PRI_SUCCESS "notice"
| #define PRI_FAILURE "alert"
| #define MAXLOGFILELEN 80
| #define SEND_MAIL_WHEN_NO_USER 1
| #define MAILTO "root"
| #define MAILSUBJECT "*** SECURITY information for %h ***"
| #define PASSPROMPT "Password: "
| #define INCORRECT_PASSWORD "Sorry, try again."
| #define SUDO_UMASK 0022
| #define RUNAS_DEFAULT "root"
| #define EDITOR _PATH_VI
| #define ENV_EDITOR 1
| #define TRIES_FOR_PASSWORD 3
| #define TIMEOUT 5
| #define PASSWORD_TIMEOUT 5
| #define CLASSIC_INSULTS 1
| #define CSOPS_INSULTS 1
| #define _PATH_LDAP_CONF "/etc/ldap.conf"
| #define _PATH_LDAP_SECRET "/etc/ldap.secret"
| #define _PATH_SUDO_ASKPASS NULL
| #define ENV_RESET 1
| #define _PATH_SUDO_DEVSEARCH _PATH_DEV "pts:" _PATH_DEV "vt:" _PATH_DEV "term:" _PATH_DEV "zcons:" _PATH_DEV "pty:" _PATH_DEV "" 
| #define TIMESTAMP_TYPE tty
| #define SUDOERS_LOG_CLIENT 1
| #define HAVE_DLFCN_H 1
| #define LT_OBJDIR ".libs/"
| #define _PATH_SUDOERS_PLUGIN "sudoers.so"
| #define CONFIGURE_ARGS "--without-pam --with-vardir=/var/db/sudo --with-logpath=/var/log/sudo.log"
| #define HAVE_DECL_SECCOMP_MODE_FILTER 1
| #define HAVE_LINUX_RANDOM_H 1
| #define HAVE_SYS_SYSCALL_H 1
| #define HAVE_PROCESS_VM_READV 1
| #define restrict __restrict__
| #define _PATH_MV "/usr/bin/mv"
| #define _PATH_BSHELL "/usr/bin/sh"
| #define _PATH_VI "/usr/bin/vi"
| #define LOGFAC "authpriv"
| #define HAVE_DIRENT_H 1
| #define HAVE__BOOL 1
| #define HAVE_STDBOOL_H 1
| #define MAJOR_IN_SYSMACROS 1
| #define HAVE_UTMPX_H 1
| #define HAVE_ENDIAN_H 1
| #define HAVE_SYS_PROCFS_H 1
| #define HAVE_UNSIGNED_LONG_LONG_INT 1
| #define HAVE_LONG_LONG_INT 1
| #define HAVE_SIG_ATOMIC_T 1
| #define HAVE_STRUCT_IN6_ADDR 1
| #define HAVE_SOCKLEN_T 1
| #define SIZEOF_LONG 8
| #define SIZEOF_LONG_LONG 8
| #define SIZEOF_ID_T 4
| #define SIZEOF_OFF_T 8
| #define SIZEOF_TIME_T 8
| #define SIZEOF_UID_T 4
| #define HAVE_STRUCT_UTMP_UT_ID 1
| #define HAVE_STRUCT_UTMP_UT_PID 1
| #define HAVE_STRUCT_UTMP_UT_TV 1
| #define HAVE_STRUCT_UTMP_UT_TYPE 1
| #define HAVE_STRUCT_UTMP_UT_EXIT 1
| #define HAVE_STRUCT_UTMP_UT_EXIT_E_TERMINATION 1
| #define RTLD_PRELOAD_VAR "LD_PRELOAD"
| #define RTLD_PRELOAD_VAR_64 "LD_PRELOAD"
| #define RTLD_PRELOAD_DELIM ':'
| #define GETGROUPS_T gid_t
| #define HAVE_GETGROUPS 1
| #define HAVE_FSEEKO 1
| #define HAVE_FACCESSAT 1
| #define HAVE_FEXECVE 1
| #define HAVE_FMEMOPEN 1
| #define HAVE_KILLPG 1
| #define HAVE_NL_LANGINFO 1
| #define HAVE_RENAMEAT 1
| #define HAVE_STRTOULL 1
| #define HAVE_WORDEXP 1
| #define HAVE_SETEUID 1
| #define HAVE_EXECVPE 1
| #define HAVE_PREAD 1
| #define HAVE_PWRITE 1
| #define HAVE_CFMAKERAW 1
| #define HAVE_LOCALTIME_R 1
| #define HAVE_GMTIME_R 1
| #define HAVE_TIMEGM 1
| #define HAVE_GETGROUPLIST 1
| #define HAVE_GETDELIM 1
| #define HAVE_DECL_GETDELIM 1
| #define HAVE_GETUSERSHELL 1
| #define HAVE_DECL_GETUSERSHELL 1
| #define HAVE_REALLOCARRAY 1
| #define HAVE_GETAUXVAL 1
| #define HAVE_PTHREAD_H 1
| #define HAVE_PTHREAD_ATFORK 1
| #define HAVE___BUILTIN_CLZ 1
| #define HAVE___BUILTIN_CLZL 1
| #define HAVE_GETUTXID 1
| #define HAVE_OPENPTY 1
| #define HAVE_PTY_H 1
| #define HAVE_UNSETENV 1
| #define PUTENV_CONST /**/
| #define IOCTL_REQ_CAST /**/
| #define HAVE_SETRESUID 1
| #define HAVE_DECL_SETRESUID 1
| #define HAVE_GETRESUID 1
| #define HAVE_DECL_GETRESUID 1
| #define HAVE_SETREUID 1
| #define HAVE_GETIFADDRS 1
| #define HAVE_FREEIFADDRS 1
| #define HAVE_LOCKF 1
| #define HAVE_INNETGR 1
| #define HAVE_DECL_INNETGR 1
| #define HAVE_GETDOMAINNAME 1
| #define HAVE_DECL_GETDOMAINNAME 1
| #define HAVE_UTIMENSAT 1
| #define HAVE_FUTIMENS 1
| #define HAVE_EXPLICIT_BZERO 1
| #define HAVE_FNMATCH 1
| #define HAVE_ISBLANK 1
| #define HAVE_GLOB 1
| #define HAVE_MEMRCHR 1
| #define HAVE_NANOSLEEP 1
| #define HAVE_FCHOWNAT 1
| #define HAVE_MKDIRAT 1
| #define HAVE_OPENAT 1
| #define HAVE_UNLINKAT 1
| #define HAVE_FCHMODAT 1
| #define HAVE_FSTATAT 1
| #define HAVE_DUP3 1
| #define HAVE_PIPE2 1
| #define HAVE_REALPATH 1
| #define HAVE_STRNLEN 1
| #define HAVE_STRNDUP 1
| #define HAVE_CLOCK_GETTIME 1
| #define HAVE_GETOPT_LONG 1
| #define HAVE_CLOSE_RANGE 1
| #define HAVE_LINUX_CLOSE_RANGE_H 1
| #define HAVE_SNPRINTF 1
| #define HAVE_VSNPRINTF 1
| #define HAVE_ASPRINTF 1
| #define HAVE_VASPRINTF 1
| #define HAVE_ST_MTIM 1
| /* end confdefs.h.  */
| /* Define setgroupent to an innocuous variant, in case <limits.h> declares setgroupent.
|    For example, HP-UX 11i <limits.h> declares gettimeofday.  */
| #define setgroupent innocuous_setgroupent
| 
| /* System header to define __stub macros and hopefully few prototypes,
|    which can conflict with char setgroupent (void); below.  */
| 
| #include <limits.h>
| #undef setgroupent
| 
| /* Override any GCC internal prototype to avoid an error.
|    Use char because int might match the return type of a GCC
|    builtin and then its argument prototype would still apply.  */
| #ifdef __cplusplus
| extern "C"
| #endif
| char setgroupent (void);
| /* The GNU C library defines this for functions which it implements
|     to always fail with ENOSYS.  Some functions are actually named
|     something starting with __ and the normal name is an alias.  */
| #if defined __stub_setgroupent || defined __stub___setgroupent
| choke me
| #endif
| 
| int
| main (void)
| {
| return setgroupent ();
|   ;
|   return 0;
| }
configure:25376: result: no
configure:25387: checking for exect
configure:25387: gcc -o conftest -g -O2 -DZLIB_CONST  -Wl,--no-undefined conftest.c  >&5
/usr/bin/ld: /tmp/ccoHXgG9.o: in function `main':
/root/xuanix/xuanix_X86_64/sudo-1.9.17p2/conftest.c:213: undefined reference to `exect'
collect2: error: ld returned 1 exit status
configure:25387: $? = 1
configure: failed program was:
| /* confdefs.h */
| #define PACKAGE_NAME "sudo"
| #define PACKAGE_TARNAME "sudo"
| #define PACKAGE_VERSION "1.9.17p2"
| #define PACKAGE_STRING "sudo 1.9.17p2"
| #define PACKAGE_BUGREPORT "https://bugzilla.sudo.ws/"
| #define PACKAGE_URL ""
| #define HAVE_STDIO_H 1
| #define HAVE_STDLIB_H 1
| #define HAVE_STRING_H 1
| #define HAVE_INTTYPES_H 1
| #define HAVE_STDINT_H 1
| #define HAVE_STRINGS_H 1
| #define HAVE_SYS_STAT_H 1
| #define HAVE_SYS_TYPES_H 1
| #define HAVE_UNISTD_H 1
| #define HAVE_WCHAR_H 1
| #define HAVE_PATHS_H 1
| #define HAVE_SPAWN_H 1
| #define HAVE_WORDEXP_H 1
| #define HAVE_SYS_SELECT_H 1
| #define HAVE_SYS_SYSMACROS_H 1
| #define HAVE_SYS_STATVFS_H 1
| #define STDC_HEADERS 1
| #define _ALL_SOURCE 1
| #define _DARWIN_C_SOURCE 1
| #define _GNU_SOURCE 1
| #define _HPUX_ALT_XOPEN_SOCKET_API 1
| #define _NETBSD_SOURCE 1
| #define _OPENBSD_SOURCE 1
| #define _POSIX_PTHREAD_SEMANTICS 1
| #define __STDC_WANT_IEC_60559_ATTRIBS_EXT__ 1
| #define __STDC_WANT_IEC_60559_BFP_EXT__ 1
| #define __STDC_WANT_IEC_60559_DFP_EXT__ 1
| #define __STDC_WANT_IEC_60559_EXT__ 1
| #define __STDC_WANT_IEC_60559_FUNCS_EXT__ 1
| #define __STDC_WANT_IEC_60559_TYPES_EXT__ 1
| #define __STDC_WANT_LIB_EXT2__ 1
| #define __STDC_WANT_MATH_SPEC_FUNCS__ 1
| #define _TANDEM_SOURCE 1
| #define __EXTENSIONS__ 1
| #define _PATH_SSSD_CONF "/etc/sssd/sssd.conf"
| #define _PATH_SSSD_LIB ""LIBDIR""
| #define LOGGING SLOG_SYSLOG
| #define PRI_SUCCESS "notice"
| #define PRI_FAILURE "alert"
| #define MAXLOGFILELEN 80
| #define SEND_MAIL_WHEN_NO_USER 1
| #define MAILTO "root"
| #define MAILSUBJECT "*** SECURITY information for %h ***"
| #define PASSPROMPT "Password: "
| #define INCORRECT_PASSWORD "Sorry, try again."
| #define SUDO_UMASK 0022
| #define RUNAS_DEFAULT "root"
| #define EDITOR _PATH_VI
| #define ENV_EDITOR 1
| #define TRIES_FOR_PASSWORD 3
| #define TIMEOUT 5
| #define PASSWORD_TIMEOUT 5
| #define CLASSIC_INSULTS 1
| #define CSOPS_INSULTS 1
| #define _PATH_LDAP_CONF "/etc/ldap.conf"
| #define _PATH_LDAP_SECRET "/etc/ldap.secret"
| #define _PATH_SUDO_ASKPASS NULL
| #define ENV_RESET 1
| #define _PATH_SUDO_DEVSEARCH _PATH_DEV "pts:" _PATH_DEV "vt:" _PATH_DEV "term:" _PATH_DEV "zcons:" _PATH_DEV "pty:" _PATH_DEV "" 
| #define TIMESTAMP_TYPE tty
| #define SUDOERS_LOG_CLIENT 1
| #define HAVE_DLFCN_H 1
| #define LT_OBJDIR ".libs/"
| #define _PATH_SUDOERS_PLUGIN "sudoers.so"
| #define CONFIGURE_ARGS "--without-pam --with-vardir=/var/db/sudo --with-logpath=/var/log/sudo.log"
| #define HAVE_DECL_SECCOMP_MODE_FILTER 1
| #define HAVE_LINUX_RANDOM_H 1
| #define HAVE_SYS_SYSCALL_H 1
| #define HAVE_PROCESS_VM_READV 1
| #define restrict __restrict__
| #define _PATH_MV "/usr/bin/mv"
| #define _PATH_BSHELL "/usr/bin/sh"
| #define _PATH_VI "/usr/bin/vi"
| #define LOGFAC "authpriv"
| #define HAVE_DIRENT_H 1
| #define HAVE__BOOL 1
| #define HAVE_STDBOOL_H 1
| #define MAJOR_IN_SYSMACROS 1
| #define HAVE_UTMPX_H 1
| #define HAVE_ENDIAN_H 1
| #define HAVE_SYS_PROCFS_H 1
| #define HAVE_UNSIGNED_LONG_LONG_INT 1
| #define HAVE_LONG_LONG_INT 1
| #define HAVE_SIG_ATOMIC_T 1
| #define HAVE_STRUCT_IN6_ADDR 1
| #define HAVE_SOCKLEN_T 1
| #define SIZEOF_LONG 8
| #define SIZEOF_LONG_LONG 8
| #define SIZEOF_ID_T 4
| #define SIZEOF_OFF_T 8
| #define SIZEOF_TIME_T 8
| #define SIZEOF_UID_T 4
| #define HAVE_STRUCT_UTMP_UT_ID 1
| #define HAVE_STRUCT_UTMP_UT_PID 1
| #define HAVE_STRUCT_UTMP_UT_TV 1
| #define HAVE_STRUCT_UTMP_UT_TYPE 1
| #define HAVE_STRUCT_UTMP_UT_EXIT 1
| #define HAVE_STRUCT_UTMP_UT_EXIT_E_TERMINATION 1
| #define RTLD_PRELOAD_VAR "LD_PRELOAD"
| #define RTLD_PRELOAD_VAR_64 "LD_PRELOAD"
| #define RTLD_PRELOAD_DELIM ':'
| #define GETGROUPS_T gid_t
| #define HAVE_GETGROUPS 1
| #define HAVE_FSEEKO 1
| #define HAVE_FACCESSAT 1
| #define HAVE_FEXECVE 1
| #define HAVE_FMEMOPEN 1
| #define HAVE_KILLPG 1
| #define HAVE_NL_LANGINFO 1
| #define HAVE_RENAMEAT 1
| #define HAVE_STRTOULL 1
| #define HAVE_WORDEXP 1
| #define HAVE_SETEUID 1
| #define HAVE_EXECVPE 1
| #define HAVE_PREAD 1
| #define HAVE_PWRITE 1
| #define HAVE_CFMAKERAW 1
| #define HAVE_LOCALTIME_R 1
| #define HAVE_GMTIME_R 1
| #define HAVE_TIMEGM 1
| #define HAVE_GETGROUPLIST 1
| #define HAVE_GETDELIM 1
| #define HAVE_DECL_GETDELIM 1
| #define HAVE_GETUSERSHELL 1
| #define HAVE_DECL_GETUSERSHELL 1
| #define HAVE_REALLOCARRAY 1
| #define HAVE_GETAUXVAL 1
| #define HAVE_PTHREAD_H 1
| #define HAVE_PTHREAD_ATFORK 1
| #define HAVE___BUILTIN_CLZ 1
| #define HAVE___BUILTIN_CLZL 1
| #define HAVE_GETUTXID 1
| #define HAVE_OPENPTY 1
| #define HAVE_PTY_H 1
| #define HAVE_UNSETENV 1
| #define PUTENV_CONST /**/
| #define IOCTL_REQ_CAST /**/
| #define HAVE_SETRESUID 1
| #define HAVE_DECL_SETRESUID 1
| #define HAVE_GETRESUID 1
| #define HAVE_DECL_GETRESUID 1
| #define HAVE_SETREUID 1
| #define HAVE_GETIFADDRS 1
| #define HAVE_FREEIFADDRS 1
| #define HAVE_LOCKF 1
| #define HAVE_INNETGR 1
| #define HAVE_DECL_INNETGR 1
| #define HAVE_GETDOMAINNAME 1
| #define HAVE_DECL_GETDOMAINNAME 1
| #define HAVE_UTIMENSAT 1
| #define HAVE_FUTIMENS 1
| #define HAVE_EXPLICIT_BZERO 1
| #define HAVE_FNMATCH 1
| #define HAVE_ISBLANK 1
| #define HAVE_GLOB 1
| #define HAVE_MEMRCHR 1
| #define HAVE_NANOSLEEP 1
| #define HAVE_FCHOWNAT 1
| #define HAVE_MKDIRAT 1
| #define HAVE_OPENAT 1
| #define HAVE_UNLINKAT 1
| #define HAVE_FCHMODAT 1
| #define HAVE_FSTATAT 1
| #define HAVE_DUP3 1
| #define HAVE_PIPE2 1
| #define HAVE_REALPATH 1
| #define HAVE_STRNLEN 1
| #define HAVE_STRNDUP 1
| #define HAVE_CLOCK_GETTIME 1
| #define HAVE_GETOPT_LONG 1
| #define HAVE_CLOSE_RANGE 1
| #define HAVE_LINUX_CLOSE_RANGE_H 1
| #define HAVE_SNPRINTF 1
| #define HAVE_VSNPRINTF 1
| #define HAVE_ASPRINTF 1
| #define HAVE_VASPRINTF 1
| #define HAVE_ST_MTIM 1
| /* end confdefs.h.  */
| /* Define exect to an innocuous variant, in case <limits.h> declares exect.
|    For example, HP-UX 11i <limits.h> declares gettimeofday.  */
| #define exect innocuous_exect
| 
| /* System header to define __stub macros and hopefully few prototypes,
|    which can conflict with char exect (void); below.  */
| 
| #include <limits.h>
| #undef exect
| 
| /* Override any GCC internal prototype to avoid an error.
|    Use char because int might match the return type of a GCC
|    builtin and then its argument prototype would still apply.  */
| #ifdef __cplusplus
| extern "C"
| #endif
| char exect (void);
| /* The GNU C library defines this for functions which it implements
|     to always fail with ENOSYS.  Some functions are actually named
|     something starting with __ and the normal name is an alias.  */
| #if defined __stub_exect || defined __stub___exect
| choke me
| #endif
| 
| int
| main (void)
| {
| return exect ();
|   ;
|   return 0;
| }
configure:25387: result: no
configure:25393: checking for execvP
configure:25393: gcc -o conftest -g -O2 -DZLIB_CONST  -Wl,--no-undefined conftest.c  >&5
/usr/bin/ld: /tmp/ccL668Ht.o: in function `main':
/root/xuanix/xuanix_X86_64/sudo-1.9.17p2/conftest.c:213: undefined reference to `execvP'
collect2: error: ld returned 1 exit status
configure:25393: $? = 1
configure: failed program was:
| /* confdefs.h */
| #define PACKAGE_NAME "sudo"
| #define PACKAGE_TARNAME "sudo"
| #define PACKAGE_VERSION "1.9.17p2"
| #define PACKAGE_STRING "sudo 1.9.17p2"
| #define PACKAGE_BUGREPORT "https://bugzilla.sudo.ws/"
| #define PACKAGE_URL ""
| #define HAVE_STDIO_H 1
| #define HAVE_STDLIB_H 1
| #define HAVE_STRING_H 1
| #define HAVE_INTTYPES_H 1
| #define HAVE_STDINT_H 1
| #define HAVE_STRINGS_H 1
| #define HAVE_SYS_STAT_H 1
| #define HAVE_SYS_TYPES_H 1
| #define HAVE_UNISTD_H 1
| #define HAVE_WCHAR_H 1
| #define HAVE_PATHS_H 1
| #define HAVE_SPAWN_H 1
| #define HAVE_WORDEXP_H 1
| #define HAVE_SYS_SELECT_H 1
| #define HAVE_SYS_SYSMACROS_H 1
| #define HAVE_SYS_STATVFS_H 1
| #define STDC_HEADERS 1
| #define _ALL_SOURCE 1
| #define _DARWIN_C_SOURCE 1
| #define _GNU_SOURCE 1
| #define _HPUX_ALT_XOPEN_SOCKET_API 1
| #define _NETBSD_SOURCE 1
| #define _OPENBSD_SOURCE 1
| #define _POSIX_PTHREAD_SEMANTICS 1
| #define __STDC_WANT_IEC_60559_ATTRIBS_EXT__ 1
| #define __STDC_WANT_IEC_60559_BFP_EXT__ 1
| #define __STDC_WANT_IEC_60559_DFP_EXT__ 1
| #define __STDC_WANT_IEC_60559_EXT__ 1
| #define __STDC_WANT_IEC_60559_FUNCS_EXT__ 1
| #define __STDC_WANT_IEC_60559_TYPES_EXT__ 1
| #define __STDC_WANT_LIB_EXT2__ 1
| #define __STDC_WANT_MATH_SPEC_FUNCS__ 1
| #define _TANDEM_SOURCE 1
| #define __EXTENSIONS__ 1
| #define _PATH_SSSD_CONF "/etc/sssd/sssd.conf"
| #define _PATH_SSSD_LIB ""LIBDIR""
| #define LOGGING SLOG_SYSLOG
| #define PRI_SUCCESS "notice"
| #define PRI_FAILURE "alert"
| #define MAXLOGFILELEN 80
| #define SEND_MAIL_WHEN_NO_USER 1
| #define MAILTO "root"
| #define MAILSUBJECT "*** SECURITY information for %h ***"
| #define PASSPROMPT "Password: "
| #define INCORRECT_PASSWORD "Sorry, try again."
| #define SUDO_UMASK 0022
| #define RUNAS_DEFAULT "root"
| #define EDITOR _PATH_VI
| #define ENV_EDITOR 1
| #define TRIES_FOR_PASSWORD 3
| #define TIMEOUT 5
| #define PASSWORD_TIMEOUT 5
| #define CLASSIC_INSULTS 1
| #define CSOPS_INSULTS 1
| #define _PATH_LDAP_CONF "/etc/ldap.conf"
| #define _PATH_LDAP_SECRET "/etc/ldap.secret"
| #define _PATH_SUDO_ASKPASS NULL
| #define ENV_RESET 1
| #define _PATH_SUDO_DEVSEARCH _PATH_DEV "pts:" _PATH_DEV "vt:" _PATH_DEV "term:" _PATH_DEV "zcons:" _PATH_DEV "pty:" _PATH_DEV "" 
| #define TIMESTAMP_TYPE tty
| #define SUDOERS_LOG_CLIENT 1
| #define HAVE_DLFCN_H 1
| #define LT_OBJDIR ".libs/"
| #define _PATH_SUDOERS_PLUGIN "sudoers.so"
| #define CONFIGURE_ARGS "--without-pam --with-vardir=/var/db/sudo --with-logpath=/var/log/sudo.log"
| #define HAVE_DECL_SECCOMP_MODE_FILTER 1
| #define HAVE_LINUX_RANDOM_H 1
| #define HAVE_SYS_SYSCALL_H 1
| #define HAVE_PROCESS_VM_READV 1
| #define restrict __restrict__
| #define _PATH_MV "/usr/bin/mv"
| #define _PATH_BSHELL "/usr/bin/sh"
| #define _PATH_VI "/usr/bin/vi"
| #define LOGFAC "authpriv"
| #define HAVE_DIRENT_H 1
| #define HAVE__BOOL 1
| #define HAVE_STDBOOL_H 1
| #define MAJOR_IN_SYSMACROS 1
| #define HAVE_UTMPX_H 1
| #define HAVE_ENDIAN_H 1
| #define HAVE_SYS_PROCFS_H 1
| #define HAVE_UNSIGNED_LONG_LONG_INT 1
| #define HAVE_LONG_LONG_INT 1
| #define HAVE_SIG_ATOMIC_T 1
| #define HAVE_STRUCT_IN6_ADDR 1
| #define HAVE_SOCKLEN_T 1
| #define SIZEOF_LONG 8
| #define SIZEOF_LONG_LONG 8
| #define SIZEOF_ID_T 4
| #define SIZEOF_OFF_T 8
| #define SIZEOF_TIME_T 8
| #define SIZEOF_UID_T 4
| #define HAVE_STRUCT_UTMP_UT_ID 1
| #define HAVE_STRUCT_UTMP_UT_PID 1
| #define HAVE_STRUCT_UTMP_UT_TV 1
| #define HAVE_STRUCT_UTMP_UT_TYPE 1
| #define HAVE_STRUCT_UTMP_UT_EXIT 1
| #define HAVE_STRUCT_UTMP_UT_EXIT_E_TERMINATION 1
| #define RTLD_PRELOAD_VAR "LD_PRELOAD"
| #define RTLD_PRELOAD_VAR_64 "LD_PRELOAD"
| #define RTLD_PRELOAD_DELIM ':'
| #define GETGROUPS_T gid_t
| #define HAVE_GETGROUPS 1
| #define HAVE_FSEEKO 1
| #define HAVE_FACCESSAT 1
| #define HAVE_FEXECVE 1
| #define HAVE_FMEMOPEN 1
| #define HAVE_KILLPG 1
| #define HAVE_NL_LANGINFO 1
| #define HAVE_RENAMEAT 1
| #define HAVE_STRTOULL 1
| #define HAVE_WORDEXP 1
| #define HAVE_SETEUID 1
| #define HAVE_EXECVPE 1
| #define HAVE_PREAD 1
| #define HAVE_PWRITE 1
| #define HAVE_CFMAKERAW 1
| #define HAVE_LOCALTIME_R 1
| #define HAVE_GMTIME_R 1
| #define HAVE_TIMEGM 1
| #define HAVE_GETGROUPLIST 1
| #define HAVE_GETDELIM 1
| #define HAVE_DECL_GETDELIM 1
| #define HAVE_GETUSERSHELL 1
| #define HAVE_DECL_GETUSERSHELL 1
| #define HAVE_REALLOCARRAY 1
| #define HAVE_GETAUXVAL 1
| #define HAVE_PTHREAD_H 1
| #define HAVE_PTHREAD_ATFORK 1
| #define HAVE___BUILTIN_CLZ 1
| #define HAVE___BUILTIN_CLZL 1
| #define HAVE_GETUTXID 1
| #define HAVE_OPENPTY 1
| #define HAVE_PTY_H 1
| #define HAVE_UNSETENV 1
| #define PUTENV_CONST /**/
| #define IOCTL_REQ_CAST /**/
| #define HAVE_SETRESUID 1
| #define HAVE_DECL_SETRESUID 1
| #define HAVE_GETRESUID 1
| #define HAVE_DECL_GETRESUID 1
| #define HAVE_SETREUID 1
| #define HAVE_GETIFADDRS 1
| #define HAVE_FREEIFADDRS 1
| #define HAVE_LOCKF 1
| #define HAVE_INNETGR 1
| #define HAVE_DECL_INNETGR 1
| #define HAVE_GETDOMAINNAME 1
| #define HAVE_DECL_GETDOMAINNAME 1
| #define HAVE_UTIMENSAT 1
| #define HAVE_FUTIMENS 1
| #define HAVE_EXPLICIT_BZERO 1
| #define HAVE_FNMATCH 1
| #define HAVE_ISBLANK 1
| #define HAVE_GLOB 1
| #define HAVE_MEMRCHR 1
| #define HAVE_NANOSLEEP 1
| #define HAVE_FCHOWNAT 1
| #define HAVE_MKDIRAT 1
| #define HAVE_OPENAT 1
| #define HAVE_UNLINKAT 1
| #define HAVE_FCHMODAT 1
| #define HAVE_FSTATAT 1
| #define HAVE_DUP3 1
| #define HAVE_PIPE2 1
| #define HAVE_REALPATH 1
| #define HAVE_STRNLEN 1
| #define HAVE_STRNDUP 1
| #define HAVE_CLOCK_GETTIME 1
| #define HAVE_GETOPT_LONG 1
| #define HAVE_CLOSE_RANGE 1
| #define HAVE_LINUX_CLOSE_RANGE_H 1
| #define HAVE_SNPRINTF 1
| #define HAVE_VSNPRINTF 1
| #define HAVE_ASPRINTF 1
| #define HAVE_VASPRINTF 1
| #define HAVE_ST_MTIM 1
| /* end confdefs.h.  */
| /* Define execvP to an innocuous variant, in case <limits.h> declares execvP.
|    For example, HP-UX 11i <limits.h> declares gettimeofday.  */
| #define execvP innocuous_execvP
| 
| /* System header to define __stub macros and hopefully few prototypes,
|    which can conflict with char execvP (void); below.  */
| 
| #include <limits.h>
| #undef execvP
| 
| /* Override any GCC internal prototype to avoid an error.
|    Use char because int might match the return type of a GCC
|    builtin and then its argument prototype would still apply.  */
| #ifdef __cplusplus
| extern "C"
| #endif
| char execvP (void);
| /* The GNU C library defines this for functions which it implements
|     to always fail with ENOSYS.  Some functions are actually named
|     something starting with __ and the normal name is an alias.  */
| #if defined __stub_execvP || defined __stub___execvP
| choke me
| #endif
| 
| int
| main (void)
| {
| return execvP ();
|   ;
|   return 0;
| }
configure:25393: result: no
configure:25399: checking for execvpe
configure:25399: result: yes
configure:25410: checking for posix_spawn
configure:25410: gcc -o conftest -g -O2 -DZLIB_CONST  -Wl,--no-undefined conftest.c  >&5
configure:25410: $? = 0
configure:25410: result: yes
configure:25416: checking for posix_spawnp
configure:25416: gcc -o conftest -g -O2 -DZLIB_CONST  -Wl,--no-undefined conftest.c  >&5
configure:25416: $? = 0
configure:25416: result: yes
configure:25440: gcc -o conftest -g -O2 -DZLIB_CONST  -Wl,--no-undefined conftest.c  >&5
configure:25440: $? = 0
configure:25468: checking for struct dirent.d_type
configure:25468: gcc -c -g -O2 -DZLIB_CONST conftest.c >&5
configure:25468: $? = 0
configure:25468: result: yes
configure:25480: checking for struct dirent.d_namlen
configure:25480: gcc -c -g -O2 -DZLIB_CONST conftest.c >&5
conftest.c: In function 'main':
conftest.c:227:13: error: 'struct dirent' has no member named 'd_namlen'; did you mean 'd_name'?
  227 | if (ac_aggr.d_namlen)
      |             ^~~~~~~~
      |             d_name
configure:25480: $? = 1
configure: failed program was:
| /* confdefs.h */
| #define PACKAGE_NAME "sudo"
| #define PACKAGE_TARNAME "sudo"
| #define PACKAGE_VERSION "1.9.17p2"
| #define PACKAGE_STRING "sudo 1.9.17p2"
| #define PACKAGE_BUGREPORT "https://bugzilla.sudo.ws/"
| #define PACKAGE_URL ""
| #define HAVE_STDIO_H 1
| #define HAVE_STDLIB_H 1
| #define HAVE_STRING_H 1
| #define HAVE_INTTYPES_H 1
| #define HAVE_STDINT_H 1
| #define HAVE_STRINGS_H 1
| #define HAVE_SYS_STAT_H 1
| #define HAVE_SYS_TYPES_H 1
| #define HAVE_UNISTD_H 1
| #define HAVE_WCHAR_H 1
| #define HAVE_PATHS_H 1
| #define HAVE_SPAWN_H 1
| #define HAVE_WORDEXP_H 1
| #define HAVE_SYS_SELECT_H 1
| #define HAVE_SYS_SYSMACROS_H 1
| #define HAVE_SYS_STATVFS_H 1
| #define STDC_HEADERS 1
| #define _ALL_SOURCE 1
| #define _DARWIN_C_SOURCE 1
| #define _GNU_SOURCE 1
| #define _HPUX_ALT_XOPEN_SOCKET_API 1
| #define _NETBSD_SOURCE 1
| #define _OPENBSD_SOURCE 1
| #define _POSIX_PTHREAD_SEMANTICS 1
| #define __STDC_WANT_IEC_60559_ATTRIBS_EXT__ 1
| #define __STDC_WANT_IEC_60559_BFP_EXT__ 1
| #define __STDC_WANT_IEC_60559_DFP_EXT__ 1
| #define __STDC_WANT_IEC_60559_EXT__ 1
| #define __STDC_WANT_IEC_60559_FUNCS_EXT__ 1
| #define __STDC_WANT_IEC_60559_TYPES_EXT__ 1
| #define __STDC_WANT_LIB_EXT2__ 1
| #define __STDC_WANT_MATH_SPEC_FUNCS__ 1
| #define _TANDEM_SOURCE 1
| #define __EXTENSIONS__ 1
| #define _PATH_SSSD_CONF "/etc/sssd/sssd.conf"
| #define _PATH_SSSD_LIB ""LIBDIR""
| #define LOGGING SLOG_SYSLOG
| #define PRI_SUCCESS "notice"
| #define PRI_FAILURE "alert"
| #define MAXLOGFILELEN 80
| #define SEND_MAIL_WHEN_NO_USER 1
| #define MAILTO "root"
| #define MAILSUBJECT "*** SECURITY information for %h ***"
| #define PASSPROMPT "Password: "
| #define INCORRECT_PASSWORD "Sorry, try again."
| #define SUDO_UMASK 0022
| #define RUNAS_DEFAULT "root"
| #define EDITOR _PATH_VI
| #define ENV_EDITOR 1
| #define TRIES_FOR_PASSWORD 3
| #define TIMEOUT 5
| #define PASSWORD_TIMEOUT 5
| #define CLASSIC_INSULTS 1
| #define CSOPS_INSULTS 1
| #define _PATH_LDAP_CONF "/etc/ldap.conf"
| #define _PATH_LDAP_SECRET "/etc/ldap.secret"
| #define _PATH_SUDO_ASKPASS NULL
| #define ENV_RESET 1
| #define _PATH_SUDO_DEVSEARCH _PATH_DEV "pts:" _PATH_DEV "vt:" _PATH_DEV "term:" _PATH_DEV "zcons:" _PATH_DEV "pty:" _PATH_DEV "" 
| #define TIMESTAMP_TYPE tty
| #define SUDOERS_LOG_CLIENT 1
| #define HAVE_DLFCN_H 1
| #define LT_OBJDIR ".libs/"
| #define _PATH_SUDOERS_PLUGIN "sudoers.so"
| #define CONFIGURE_ARGS "--without-pam --with-vardir=/var/db/sudo --with-logpath=/var/log/sudo.log"
| #define HAVE_DECL_SECCOMP_MODE_FILTER 1
| #define HAVE_LINUX_RANDOM_H 1
| #define HAVE_SYS_SYSCALL_H 1
| #define HAVE_PROCESS_VM_READV 1
| #define restrict __restrict__
| #define _PATH_MV "/usr/bin/mv"
| #define _PATH_BSHELL "/usr/bin/sh"
| #define _PATH_VI "/usr/bin/vi"
| #define LOGFAC "authpriv"
| #define HAVE_DIRENT_H 1
| #define HAVE__BOOL 1
| #define HAVE_STDBOOL_H 1
| #define MAJOR_IN_SYSMACROS 1
| #define HAVE_UTMPX_H 1
| #define HAVE_ENDIAN_H 1
| #define HAVE_SYS_PROCFS_H 1
| #define HAVE_UNSIGNED_LONG_LONG_INT 1
| #define HAVE_LONG_LONG_INT 1
| #define HAVE_SIG_ATOMIC_T 1
| #define HAVE_STRUCT_IN6_ADDR 1
| #define HAVE_SOCKLEN_T 1
| #define SIZEOF_LONG 8
| #define SIZEOF_LONG_LONG 8
| #define SIZEOF_ID_T 4
| #define SIZEOF_OFF_T 8
| #define SIZEOF_TIME_T 8
| #define SIZEOF_UID_T 4
| #define HAVE_STRUCT_UTMP_UT_ID 1
| #define HAVE_STRUCT_UTMP_UT_PID 1
| #define HAVE_STRUCT_UTMP_UT_TV 1
| #define HAVE_STRUCT_UTMP_UT_TYPE 1
| #define HAVE_STRUCT_UTMP_UT_EXIT 1
| #define HAVE_STRUCT_UTMP_UT_EXIT_E_TERMINATION 1
| #define RTLD_PRELOAD_VAR "LD_PRELOAD"
| #define RTLD_PRELOAD_VAR_64 "LD_PRELOAD"
| #define RTLD_PRELOAD_DELIM ':'
| #define GETGROUPS_T gid_t
| #define HAVE_GETGROUPS 1
| #define HAVE_FSEEKO 1
| #define HAVE_FACCESSAT 1
| #define HAVE_FEXECVE 1
| #define HAVE_FMEMOPEN 1
| #define HAVE_KILLPG 1
| #define HAVE_NL_LANGINFO 1
| #define HAVE_RENAMEAT 1
| #define HAVE_STRTOULL 1
| #define HAVE_WORDEXP 1
| #define HAVE_SETEUID 1
| #define HAVE_EXECVPE 1
| #define HAVE_PREAD 1
| #define HAVE_PWRITE 1
| #define HAVE_CFMAKERAW 1
| #define HAVE_LOCALTIME_R 1
| #define HAVE_GMTIME_R 1
| #define HAVE_TIMEGM 1
| #define HAVE_GETGROUPLIST 1
| #define HAVE_GETDELIM 1
| #define HAVE_DECL_GETDELIM 1
| #define HAVE_GETUSERSHELL 1
| #define HAVE_DECL_GETUSERSHELL 1
| #define HAVE_REALLOCARRAY 1
| #define HAVE_GETAUXVAL 1
| #define HAVE_PTHREAD_H 1
| #define HAVE_PTHREAD_ATFORK 1
| #define HAVE___BUILTIN_CLZ 1
| #define HAVE___BUILTIN_CLZL 1
| #define HAVE_GETUTXID 1
| #define HAVE_OPENPTY 1
| #define HAVE_PTY_H 1
| #define HAVE_UNSETENV 1
| #define PUTENV_CONST /**/
| #define IOCTL_REQ_CAST /**/
| #define HAVE_SETRESUID 1
| #define HAVE_DECL_SETRESUID 1
| #define HAVE_GETRESUID 1
| #define HAVE_DECL_GETRESUID 1
| #define HAVE_SETREUID 1
| #define HAVE_GETIFADDRS 1
| #define HAVE_FREEIFADDRS 1
| #define HAVE_LOCKF 1
| #define HAVE_INNETGR 1
| #define HAVE_DECL_INNETGR 1
| #define HAVE_GETDOMAINNAME 1
| #define HAVE_DECL_GETDOMAINNAME 1
| #define HAVE_UTIMENSAT 1
| #define HAVE_FUTIMENS 1
| #define HAVE_EXPLICIT_BZERO 1
| #define HAVE_FNMATCH 1
| #define HAVE_ISBLANK 1
| #define HAVE_GLOB 1
| #define HAVE_MEMRCHR 1
| #define HAVE_NANOSLEEP 1
| #define HAVE_FCHOWNAT 1
| #define HAVE_MKDIRAT 1
| #define HAVE_OPENAT 1
| #define HAVE_UNLINKAT 1
| #define HAVE_FCHMODAT 1
| #define HAVE_FSTATAT 1
| #define HAVE_DUP3 1
| #define HAVE_PIPE2 1
| #define HAVE_REALPATH 1
| #define HAVE_STRNLEN 1
| #define HAVE_STRNDUP 1
| #define HAVE_CLOCK_GETTIME 1
| #define HAVE_GETOPT_LONG 1
| #define HAVE_CLOSE_RANGE 1
| #define HAVE_LINUX_CLOSE_RANGE_H 1
| #define HAVE_SNPRINTF 1
| #define HAVE_VSNPRINTF 1
| #define HAVE_ASPRINTF 1
| #define HAVE_VASPRINTF 1
| #define HAVE_ST_MTIM 1
| #define HAVE_EXECVPE 1
| #define HAVE_POSIX_SPAWN 1
| #define HAVE_POSIX_SPAWNP 1
| #define HAVE_DIRFD 1
| #define HAVE_STRUCT_DIRENT_D_TYPE 1
| /* end confdefs.h.  */
| 
| #include <stddef.h>
| #ifdef HAVE_STDIO_H
| # include <stdio.h>
| #endif
| #ifdef HAVE_STDLIB_H
| # include <stdlib.h>
| #endif
| #ifdef HAVE_STRING_H
| # include <string.h>
| #endif
| #ifdef HAVE_INTTYPES_H
| # include <inttypes.h>
| #endif
| #ifdef HAVE_STDINT_H
| # include <stdint.h>
| #endif
| #ifdef HAVE_STRINGS_H
| # include <strings.h>
| #endif
| #ifdef HAVE_SYS_TYPES_H
| # include <sys/types.h>
| #endif
| #ifdef HAVE_SYS_STAT_H
| # include <sys/stat.h>
| #endif
| #ifdef HAVE_UNISTD_H
| # include <unistd.h>
| #endif
| #include <dirent.h>
| 
| 
| int
| main (void)
| {
| static struct dirent ac_aggr;
| if (ac_aggr.d_namlen)
| return 0;
|   ;
|   return 0;
| }
configure:25480: gcc -c -g -O2 -DZLIB_CONST conftest.c >&5
conftest.c: In function 'main':
conftest.c:227:20: error: 'struct dirent' has no member named 'd_namlen'; did you mean 'd_name'?
  227 | if (sizeof ac_aggr.d_namlen)
      |                    ^~~~~~~~
      |                    d_name
configure:25480: $? = 1
configure: failed program was:
| /* confdefs.h */
| #define PACKAGE_NAME "sudo"
| #define PACKAGE_TARNAME "sudo"
| #define PACKAGE_VERSION "1.9.17p2"
| #define PACKAGE_STRING "sudo 1.9.17p2"
| #define PACKAGE_BUGREPORT "https://bugzilla.sudo.ws/"
| #define PACKAGE_URL ""
| #define HAVE_STDIO_H 1
| #define HAVE_STDLIB_H 1
| #define HAVE_STRING_H 1
| #define HAVE_INTTYPES_H 1
| #define HAVE_STDINT_H 1
| #define HAVE_STRINGS_H 1
| #define HAVE_SYS_STAT_H 1
| #define HAVE_SYS_TYPES_H 1
| #define HAVE_UNISTD_H 1
| #define HAVE_WCHAR_H 1
| #define HAVE_PATHS_H 1
| #define HAVE_SPAWN_H 1
| #define HAVE_WORDEXP_H 1
| #define HAVE_SYS_SELECT_H 1
| #define HAVE_SYS_SYSMACROS_H 1
| #define HAVE_SYS_STATVFS_H 1
| #define STDC_HEADERS 1
| #define _ALL_SOURCE 1
| #define _DARWIN_C_SOURCE 1
| #define _GNU_SOURCE 1
| #define _HPUX_ALT_XOPEN_SOCKET_API 1
| #define _NETBSD_SOURCE 1
| #define _OPENBSD_SOURCE 1
| #define _POSIX_PTHREAD_SEMANTICS 1
| #define __STDC_WANT_IEC_60559_ATTRIBS_EXT__ 1
| #define __STDC_WANT_IEC_60559_BFP_EXT__ 1
| #define __STDC_WANT_IEC_60559_DFP_EXT__ 1
| #define __STDC_WANT_IEC_60559_EXT__ 1
| #define __STDC_WANT_IEC_60559_FUNCS_EXT__ 1
| #define __STDC_WANT_IEC_60559_TYPES_EXT__ 1
| #define __STDC_WANT_LIB_EXT2__ 1
| #define __STDC_WANT_MATH_SPEC_FUNCS__ 1
| #define _TANDEM_SOURCE 1
| #define __EXTENSIONS__ 1
| #define _PATH_SSSD_CONF "/etc/sssd/sssd.conf"
| #define _PATH_SSSD_LIB ""LIBDIR""
| #define LOGGING SLOG_SYSLOG
| #define PRI_SUCCESS "notice"
| #define PRI_FAILURE "alert"
| #define MAXLOGFILELEN 80
| #define SEND_MAIL_WHEN_NO_USER 1
| #define MAILTO "root"
| #define MAILSUBJECT "*** SECURITY information for %h ***"
| #define PASSPROMPT "Password: "
| #define INCORRECT_PASSWORD "Sorry, try again."
| #define SUDO_UMASK 0022
| #define RUNAS_DEFAULT "root"
| #define EDITOR _PATH_VI
| #define ENV_EDITOR 1
| #define TRIES_FOR_PASSWORD 3
| #define TIMEOUT 5
| #define PASSWORD_TIMEOUT 5
| #define CLASSIC_INSULTS 1
| #define CSOPS_INSULTS 1
| #define _PATH_LDAP_CONF "/etc/ldap.conf"
| #define _PATH_LDAP_SECRET "/etc/ldap.secret"
| #define _PATH_SUDO_ASKPASS NULL
| #define ENV_RESET 1
| #define _PATH_SUDO_DEVSEARCH _PATH_DEV "pts:" _PATH_DEV "vt:" _PATH_DEV "term:" _PATH_DEV "zcons:" _PATH_DEV "pty:" _PATH_DEV "" 
| #define TIMESTAMP_TYPE tty
| #define SUDOERS_LOG_CLIENT 1
| #define HAVE_DLFCN_H 1
| #define LT_OBJDIR ".libs/"
| #define _PATH_SUDOERS_PLUGIN "sudoers.so"
| #define CONFIGURE_ARGS "--without-pam --with-vardir=/var/db/sudo --with-logpath=/var/log/sudo.log"
| #define HAVE_DECL_SECCOMP_MODE_FILTER 1
| #define HAVE_LINUX_RANDOM_H 1
| #define HAVE_SYS_SYSCALL_H 1
| #define HAVE_PROCESS_VM_READV 1
| #define restrict __restrict__
| #define _PATH_MV "/usr/bin/mv"
| #define _PATH_BSHELL "/usr/bin/sh"
| #define _PATH_VI "/usr/bin/vi"
| #define LOGFAC "authpriv"
| #define HAVE_DIRENT_H 1
| #define HAVE__BOOL 1
| #define HAVE_STDBOOL_H 1
| #define MAJOR_IN_SYSMACROS 1
| #define HAVE_UTMPX_H 1
| #define HAVE_ENDIAN_H 1
| #define HAVE_SYS_PROCFS_H 1
| #define HAVE_UNSIGNED_LONG_LONG_INT 1
| #define HAVE_LONG_LONG_INT 1
| #define HAVE_SIG_ATOMIC_T 1
| #define HAVE_STRUCT_IN6_ADDR 1
| #define HAVE_SOCKLEN_T 1
| #define SIZEOF_LONG 8
| #define SIZEOF_LONG_LONG 8
| #define SIZEOF_ID_T 4
| #define SIZEOF_OFF_T 8
| #define SIZEOF_TIME_T 8
| #define SIZEOF_UID_T 4
| #define HAVE_STRUCT_UTMP_UT_ID 1
| #define HAVE_STRUCT_UTMP_UT_PID 1
| #define HAVE_STRUCT_UTMP_UT_TV 1
| #define HAVE_STRUCT_UTMP_UT_TYPE 1
| #define HAVE_STRUCT_UTMP_UT_EXIT 1
| #define HAVE_STRUCT_UTMP_UT_EXIT_E_TERMINATION 1
| #define RTLD_PRELOAD_VAR "LD_PRELOAD"
| #define RTLD_PRELOAD_VAR_64 "LD_PRELOAD"
| #define RTLD_PRELOAD_DELIM ':'
| #define GETGROUPS_T gid_t
| #define HAVE_GETGROUPS 1
| #define HAVE_FSEEKO 1
| #define HAVE_FACCESSAT 1
| #define HAVE_FEXECVE 1
| #define HAVE_FMEMOPEN 1
| #define HAVE_KILLPG 1
| #define HAVE_NL_LANGINFO 1
| #define HAVE_RENAMEAT 1
| #define HAVE_STRTOULL 1
| #define HAVE_WORDEXP 1
| #define HAVE_SETEUID 1
| #define HAVE_EXECVPE 1
| #define HAVE_PREAD 1
| #define HAVE_PWRITE 1
| #define HAVE_CFMAKERAW 1
| #define HAVE_LOCALTIME_R 1
| #define HAVE_GMTIME_R 1
| #define HAVE_TIMEGM 1
| #define HAVE_GETGROUPLIST 1
| #define HAVE_GETDELIM 1
| #define HAVE_DECL_GETDELIM 1
| #define HAVE_GETUSERSHELL 1
| #define HAVE_DECL_GETUSERSHELL 1
| #define HAVE_REALLOCARRAY 1
| #define HAVE_GETAUXVAL 1
| #define HAVE_PTHREAD_H 1
| #define HAVE_PTHREAD_ATFORK 1
| #define HAVE___BUILTIN_CLZ 1
| #define HAVE___BUILTIN_CLZL 1
| #define HAVE_GETUTXID 1
| #define HAVE_OPENPTY 1
| #define HAVE_PTY_H 1
| #define HAVE_UNSETENV 1
| #define PUTENV_CONST /**/
| #define IOCTL_REQ_CAST /**/
| #define HAVE_SETRESUID 1
| #define HAVE_DECL_SETRESUID 1
| #define HAVE_GETRESUID 1
| #define HAVE_DECL_GETRESUID 1
| #define HAVE_SETREUID 1
| #define HAVE_GETIFADDRS 1
| #define HAVE_FREEIFADDRS 1
| #define HAVE_LOCKF 1
| #define HAVE_INNETGR 1
| #define HAVE_DECL_INNETGR 1
| #define HAVE_GETDOMAINNAME 1
| #define HAVE_DECL_GETDOMAINNAME 1
| #define HAVE_UTIMENSAT 1
| #define HAVE_FUTIMENS 1
| #define HAVE_EXPLICIT_BZERO 1
| #define HAVE_FNMATCH 1
| #define HAVE_ISBLANK 1
| #define HAVE_GLOB 1
| #define HAVE_MEMRCHR 1
| #define HAVE_NANOSLEEP 1
| #define HAVE_FCHOWNAT 1
| #define HAVE_MKDIRAT 1
| #define HAVE_OPENAT 1
| #define HAVE_UNLINKAT 1
| #define HAVE_FCHMODAT 1
| #define HAVE_FSTATAT 1
| #define HAVE_DUP3 1
| #define HAVE_PIPE2 1
| #define HAVE_REALPATH 1
| #define HAVE_STRNLEN 1
| #define HAVE_STRNDUP 1
| #define HAVE_CLOCK_GETTIME 1
| #define HAVE_GETOPT_LONG 1
| #define HAVE_CLOSE_RANGE 1
| #define HAVE_LINUX_CLOSE_RANGE_H 1
| #define HAVE_SNPRINTF 1
| #define HAVE_VSNPRINTF 1
| #define HAVE_ASPRINTF 1
| #define HAVE_VASPRINTF 1
| #define HAVE_ST_MTIM 1
| #define HAVE_EXECVPE 1
| #define HAVE_POSIX_SPAWN 1
| #define HAVE_POSIX_SPAWNP 1
| #define HAVE_DIRFD 1
| #define HAVE_STRUCT_DIRENT_D_TYPE 1
| /* end confdefs.h.  */
| 
| #include <stddef.h>
| #ifdef HAVE_STDIO_H
| # include <stdio.h>
| #endif
| #ifdef HAVE_STDLIB_H
| # include <stdlib.h>
| #endif
| #ifdef HAVE_STRING_H
| # include <string.h>
| #endif
| #ifdef HAVE_INTTYPES_H
| # include <inttypes.h>
| #endif
| #ifdef HAVE_STDINT_H
| # include <stdint.h>
| #endif
| #ifdef HAVE_STRINGS_H
| # include <strings.h>
| #endif
| #ifdef HAVE_SYS_TYPES_H
| # include <sys/types.h>
| #endif
| #ifdef HAVE_SYS_STAT_H
| # include <sys/stat.h>
| #endif
| #ifdef HAVE_UNISTD_H
| # include <unistd.h>
| #endif
| #include <dirent.h>
| 
| 
| int
| main (void)
| {
| static struct dirent ac_aggr;
| if (sizeof ac_aggr.d_namlen)
| return 0;
|   ;
|   return 0;
| }
configure:25480: result: no
configure:25532: checking for SSL_new in -lssl
configure:25561: gcc -o conftest -g -O2 -DZLIB_CONST  -Wl,--no-undefined  conftest.c -lssl -lcrypto  >&5
configure:25561: $? = 0
configure:25574: result: yes
configure:25724: checking for EVP_MD_CTX_new in -lcrypto
configure:25753: gcc -o conftest -g -O2 -DZLIB_CONST  -Wl,--no-undefined conftest.c -lcrypto   >&5
configure:25753: $? = 0
configure:25766: result: yes
configure:25879: : LIBCRYPTO="$LIBCRYPTO"
configure:25882: $? = 0
configure:26359: checking for X509_STORE_CTX_get0_cert
configure:26359: gcc -o conftest -g -O2 -DZLIB_CONST  -Wl,--no-undefined conftest.c   -lssl -lcrypto >&5
configure:26359: $? = 0
configure:26359: result: yes
configure:26365: checking for ASN1_STRING_get0_data
configure:26365: gcc -o conftest -g -O2 -DZLIB_CONST  -Wl,--no-undefined conftest.c   -lssl -lcrypto >&5
configure:26365: $? = 0
configure:26365: result: yes
configure:26371: checking for SSL_CTX_get0_certificate
configure:26371: gcc -o conftest -g -O2 -DZLIB_CONST  -Wl,--no-undefined conftest.c   -lssl -lcrypto >&5
configure:26371: $? = 0
configure:26371: result: yes
configure:26377: checking for SSL_CTX_set0_tmp_dh_pkey
configure:26377: gcc -o conftest -g -O2 -DZLIB_CONST  -Wl,--no-undefined conftest.c   -lssl -lcrypto >&5
configure:26377: $? = 0
configure:26377: result: yes
configure:26383: checking for TLS_method
configure:26383: gcc -o conftest -g -O2 -DZLIB_CONST  -Wl,--no-undefined conftest.c   -lssl -lcrypto >&5
configure:26383: $? = 0
configure:26383: result: yes
configure:26391: checking whether SSL_CTX_set_min_proto_version is declared
configure:26391: gcc -c -g -O2  -DZLIB_CONST conftest.c >&5
configure:26391: $? = 0
configure:26391: result: yes
configure:26404: checking for SSL_read_ex
configure:26404: gcc -o conftest -g -O2 -DZLIB_CONST  -Wl,--no-undefined conftest.c   -lssl -lcrypto >&5
configure:26404: $? = 0
configure:26404: result: yes
configure:26418: checking for SSL_CTX_set_ciphersuites
configure:26418: gcc -o conftest -g -O2 -DZLIB_CONST  -Wl,--no-undefined conftest.c   -lssl -lcrypto >&5
configure:26418: $? = 0
configure:26418: result: yes
configure:26422: checking whether SSL_CTX_set_ciphersuites is declared
configure:26422: gcc -c -g -O2  -DZLIB_CONST conftest.c >&5
configure:26422: $? = 0
configure:26422: result: yes
configure:27440: checking for socket
configure:27440: gcc -o conftest -g -O2 -DZLIB_CONST  -Wl,--no-undefined conftest.c   >&5
configure:27440: $? = 0
configure:27440: result: yes
configure:27546: checking for inet_pton
configure:27546: gcc -o conftest -g -O2 -DZLIB_CONST  -Wl,--no-undefined conftest.c   >&5
configure:27546: $? = 0
configure:27546: result: yes
configure:27687: checking for inet_ntop
configure:27687: gcc -o conftest -g -O2 -DZLIB_CONST  -Wl,--no-undefined conftest.c   >&5
configure:27687: $? = 0
configure:27687: result: yes
configure:27814: checking for syslog
configure:27814: gcc -o conftest -g -O2 -DZLIB_CONST  -Wl,--no-undefined conftest.c   >&5
configure:27814: $? = 0
configure:27814: result: yes
configure:27917: checking for getaddrinfo
configure:27930: gcc -o conftest -g -O2 -DZLIB_CONST  -Wl,--no-undefined conftest.c  >&5
configure:27930: $? = 0
configure:27942: result: yes
configure:28167: checking for va_copy
configure:28186: gcc -o conftest -g -O2 -DZLIB_CONST  -Wl,--no-undefined conftest.c  >&5
configure:28186: $? = 0
configure:28198: result: yes
configure:28255: checking for getprogname
configure:28255: gcc -o conftest -g -O2 -DZLIB_CONST  -Wl,--no-undefined conftest.c  >&5
/usr/bin/ld: /tmp/ccGs0hjB.o: in function `main':
/root/xuanix/xuanix_X86_64/sudo-1.9.17p2/conftest.c:233: undefined reference to `getprogname'
collect2: error: ld returned 1 exit status
configure:28255: $? = 1
configure: failed program was:
| /* confdefs.h */
| #define PACKAGE_NAME "sudo"
| #define PACKAGE_TARNAME "sudo"
| #define PACKAGE_VERSION "1.9.17p2"
| #define PACKAGE_STRING "sudo 1.9.17p2"
| #define PACKAGE_BUGREPORT "https://bugzilla.sudo.ws/"
| #define PACKAGE_URL ""
| #define HAVE_STDIO_H 1
| #define HAVE_STDLIB_H 1
| #define HAVE_STRING_H 1
| #define HAVE_INTTYPES_H 1
| #define HAVE_STDINT_H 1
| #define HAVE_STRINGS_H 1
| #define HAVE_SYS_STAT_H 1
| #define HAVE_SYS_TYPES_H 1
| #define HAVE_UNISTD_H 1
| #define HAVE_WCHAR_H 1
| #define HAVE_PATHS_H 1
| #define HAVE_SPAWN_H 1
| #define HAVE_WORDEXP_H 1
| #define HAVE_SYS_SELECT_H 1
| #define HAVE_SYS_SYSMACROS_H 1
| #define HAVE_SYS_STATVFS_H 1
| #define STDC_HEADERS 1
| #define _ALL_SOURCE 1
| #define _DARWIN_C_SOURCE 1
| #define _GNU_SOURCE 1
| #define _HPUX_ALT_XOPEN_SOCKET_API 1
| #define _NETBSD_SOURCE 1
| #define _OPENBSD_SOURCE 1
| #define _POSIX_PTHREAD_SEMANTICS 1
| #define __STDC_WANT_IEC_60559_ATTRIBS_EXT__ 1
| #define __STDC_WANT_IEC_60559_BFP_EXT__ 1
| #define __STDC_WANT_IEC_60559_DFP_EXT__ 1
| #define __STDC_WANT_IEC_60559_EXT__ 1
| #define __STDC_WANT_IEC_60559_FUNCS_EXT__ 1
| #define __STDC_WANT_IEC_60559_TYPES_EXT__ 1
| #define __STDC_WANT_LIB_EXT2__ 1
| #define __STDC_WANT_MATH_SPEC_FUNCS__ 1
| #define _TANDEM_SOURCE 1
| #define __EXTENSIONS__ 1
| #define _PATH_SSSD_CONF "/etc/sssd/sssd.conf"
| #define _PATH_SSSD_LIB ""LIBDIR""
| #define LOGGING SLOG_SYSLOG
| #define PRI_SUCCESS "notice"
| #define PRI_FAILURE "alert"
| #define MAXLOGFILELEN 80
| #define SEND_MAIL_WHEN_NO_USER 1
| #define MAILTO "root"
| #define MAILSUBJECT "*** SECURITY information for %h ***"
| #define PASSPROMPT "Password: "
| #define INCORRECT_PASSWORD "Sorry, try again."
| #define SUDO_UMASK 0022
| #define RUNAS_DEFAULT "root"
| #define EDITOR _PATH_VI
| #define ENV_EDITOR 1
| #define TRIES_FOR_PASSWORD 3
| #define TIMEOUT 5
| #define PASSWORD_TIMEOUT 5
| #define CLASSIC_INSULTS 1
| #define CSOPS_INSULTS 1
| #define _PATH_LDAP_CONF "/etc/ldap.conf"
| #define _PATH_LDAP_SECRET "/etc/ldap.secret"
| #define _PATH_SUDO_ASKPASS NULL
| #define ENV_RESET 1
| #define _PATH_SUDO_DEVSEARCH _PATH_DEV "pts:" _PATH_DEV "vt:" _PATH_DEV "term:" _PATH_DEV "zcons:" _PATH_DEV "pty:" _PATH_DEV "" 
| #define TIMESTAMP_TYPE tty
| #define SUDOERS_LOG_CLIENT 1
| #define HAVE_DLFCN_H 1
| #define LT_OBJDIR ".libs/"
| #define _PATH_SUDOERS_PLUGIN "sudoers.so"
| #define CONFIGURE_ARGS "--without-pam --with-vardir=/var/db/sudo --with-logpath=/var/log/sudo.log"
| #define HAVE_DECL_SECCOMP_MODE_FILTER 1
| #define HAVE_LINUX_RANDOM_H 1
| #define HAVE_SYS_SYSCALL_H 1
| #define HAVE_PROCESS_VM_READV 1
| #define restrict __restrict__
| #define _PATH_MV "/usr/bin/mv"
| #define _PATH_BSHELL "/usr/bin/sh"
| #define _PATH_VI "/usr/bin/vi"
| #define LOGFAC "authpriv"
| #define HAVE_DIRENT_H 1
| #define HAVE__BOOL 1
| #define HAVE_STDBOOL_H 1
| #define MAJOR_IN_SYSMACROS 1
| #define HAVE_UTMPX_H 1
| #define HAVE_ENDIAN_H 1
| #define HAVE_SYS_PROCFS_H 1
| #define HAVE_UNSIGNED_LONG_LONG_INT 1
| #define HAVE_LONG_LONG_INT 1
| #define HAVE_SIG_ATOMIC_T 1
| #define HAVE_STRUCT_IN6_ADDR 1
| #define HAVE_SOCKLEN_T 1
| #define SIZEOF_LONG 8
| #define SIZEOF_LONG_LONG 8
| #define SIZEOF_ID_T 4
| #define SIZEOF_OFF_T 8
| #define SIZEOF_TIME_T 8
| #define SIZEOF_UID_T 4
| #define HAVE_STRUCT_UTMP_UT_ID 1
| #define HAVE_STRUCT_UTMP_UT_PID 1
| #define HAVE_STRUCT_UTMP_UT_TV 1
| #define HAVE_STRUCT_UTMP_UT_TYPE 1
| #define HAVE_STRUCT_UTMP_UT_EXIT 1
| #define HAVE_STRUCT_UTMP_UT_EXIT_E_TERMINATION 1
| #define RTLD_PRELOAD_VAR "LD_PRELOAD"
| #define RTLD_PRELOAD_VAR_64 "LD_PRELOAD"
| #define RTLD_PRELOAD_DELIM ':'
| #define GETGROUPS_T gid_t
| #define HAVE_GETGROUPS 1
| #define HAVE_FSEEKO 1
| #define HAVE_FACCESSAT 1
| #define HAVE_FEXECVE 1
| #define HAVE_FMEMOPEN 1
| #define HAVE_KILLPG 1
| #define HAVE_NL_LANGINFO 1
| #define HAVE_RENAMEAT 1
| #define HAVE_STRTOULL 1
| #define HAVE_WORDEXP 1
| #define HAVE_SETEUID 1
| #define HAVE_EXECVPE 1
| #define HAVE_PREAD 1
| #define HAVE_PWRITE 1
| #define HAVE_CFMAKERAW 1
| #define HAVE_LOCALTIME_R 1
| #define HAVE_GMTIME_R 1
| #define HAVE_TIMEGM 1
| #define HAVE_GETGROUPLIST 1
| #define HAVE_GETDELIM 1
| #define HAVE_DECL_GETDELIM 1
| #define HAVE_GETUSERSHELL 1
| #define HAVE_DECL_GETUSERSHELL 1
| #define HAVE_REALLOCARRAY 1
| #define HAVE_GETAUXVAL 1
| #define HAVE_PTHREAD_H 1
| #define HAVE_PTHREAD_ATFORK 1
| #define HAVE___BUILTIN_CLZ 1
| #define HAVE___BUILTIN_CLZL 1
| #define HAVE_GETUTXID 1
| #define HAVE_OPENPTY 1
| #define HAVE_PTY_H 1
| #define HAVE_UNSETENV 1
| #define PUTENV_CONST /**/
| #define IOCTL_REQ_CAST /**/
| #define HAVE_SETRESUID 1
| #define HAVE_DECL_SETRESUID 1
| #define HAVE_GETRESUID 1
| #define HAVE_DECL_GETRESUID 1
| #define HAVE_SETREUID 1
| #define HAVE_GETIFADDRS 1
| #define HAVE_FREEIFADDRS 1
| #define HAVE_LOCKF 1
| #define HAVE_INNETGR 1
| #define HAVE_DECL_INNETGR 1
| #define HAVE_GETDOMAINNAME 1
| #define HAVE_DECL_GETDOMAINNAME 1
| #define HAVE_UTIMENSAT 1
| #define HAVE_FUTIMENS 1
| #define HAVE_EXPLICIT_BZERO 1
| #define HAVE_FNMATCH 1
| #define HAVE_ISBLANK 1
| #define HAVE_GLOB 1
| #define HAVE_MEMRCHR 1
| #define HAVE_NANOSLEEP 1
| #define HAVE_FCHOWNAT 1
| #define HAVE_MKDIRAT 1
| #define HAVE_OPENAT 1
| #define HAVE_UNLINKAT 1
| #define HAVE_FCHMODAT 1
| #define HAVE_FSTATAT 1
| #define HAVE_DUP3 1
| #define HAVE_PIPE2 1
| #define HAVE_REALPATH 1
| #define HAVE_STRNLEN 1
| #define HAVE_STRNDUP 1
| #define HAVE_CLOCK_GETTIME 1
| #define HAVE_GETOPT_LONG 1
| #define HAVE_CLOSE_RANGE 1
| #define HAVE_LINUX_CLOSE_RANGE_H 1
| #define HAVE_SNPRINTF 1
| #define HAVE_VSNPRINTF 1
| #define HAVE_ASPRINTF 1
| #define HAVE_VASPRINTF 1
| #define HAVE_ST_MTIM 1
| #define HAVE_EXECVPE 1
| #define HAVE_POSIX_SPAWN 1
| #define HAVE_POSIX_SPAWNP 1
| #define HAVE_DIRFD 1
| #define HAVE_STRUCT_DIRENT_D_TYPE 1
| #define HAVE_OPENSSL 1
| #define HAVE_X509_STORE_CTX_GET0_CERT 1
| #define HAVE_ASN1_STRING_GET0_DATA 1
| #define HAVE_SSL_CTX_GET0_CERTIFICATE 1
| #define HAVE_SSL_CTX_SET0_TMP_DH_PKEY 1
| #define HAVE_TLS_METHOD 1
| #define HAVE_SSL_CTX_SET_MIN_PROTO_VERSION 1
| #define HAVE_SSL_READ_EX 1
| #define HAVE_SSL_CTX_SET_CIPHERSUITES 1
| #define HAVE_INET_PTON 1
| #define HAVE_INET_PTON 1
| #define HAVE_INET_NTOP 1
| #define HAVE_INET_NTOP 1
| #define HAVE_GETADDRINFO 1
| #define HAVE_VA_COPY 1
| /* end confdefs.h.  */
| /* Define getprogname to an innocuous variant, in case <limits.h> declares getprogname.
|    For example, HP-UX 11i <limits.h> declares gettimeofday.  */
| #define getprogname innocuous_getprogname
| 
| /* System header to define __stub macros and hopefully few prototypes,
|    which can conflict with char getprogname (void); below.  */
| 
| #include <limits.h>
| #undef getprogname
| 
| /* Override any GCC internal prototype to avoid an error.
|    Use char because int might match the return type of a GCC
|    builtin and then its argument prototype would still apply.  */
| #ifdef __cplusplus
| extern "C"
| #endif
| char getprogname (void);
| /* The GNU C library defines this for functions which it implements
|     to always fail with ENOSYS.  Some functions are actually named
|     something starting with __ and the normal name is an alias.  */
| #if defined __stub_getprogname || defined __stub___getprogname
| choke me
| #endif
| 
| int
| main (void)
| {
| return getprogname ();
|   ;
|   return 0;
| }
configure:28255: result: no
configure:28282: checking for __progname
configure:28300: gcc -o conftest -g -O2 -DZLIB_CONST  -Wl,--no-undefined conftest.c  >&5
configure:28300: $? = 0
configure:28311: result: yes
configure:28338: checking for __func__
configure:28379: result: yes
configure:28558: checking for gettext
configure:28584: gcc -o conftest -g -O2 -DZLIB_CONST  -Wl,--no-undefined conftest.c  >&5
configure:28584: $? = 0
configure:28599: result: yes
configure:28602: checking for ngettext
configure:28602: gcc -o conftest -g -O2 -DZLIB_CONST  -Wl,--no-undefined conftest.c  >&5
configure:28602: $? = 0
configure:28602: result: yes
configure:28642: checking for gzclearerr in -lz
configure:28671: gcc -o conftest -g -O2 -DZLIB_CONST  -Wl,--no-undefined conftest.c -lz   >&5
configure:28671: $? = 0
configure:28683: result: yes
configure:28690: checking for zlib.h
configure:28690: gcc -c -g -O2 -DZLIB_CONST conftest.c >&5
configure:28690: $? = 0
configure:28690: result: yes
configure:28855: checking whether NSIG is declared
configure:28855: gcc -c -g -O2  -DZLIB_CONST conftest.c >&5
configure:28855: $? = 0
configure:28855: result: yes
configure:28914: checking whether errno is declared
configure:28914: gcc -c -g -O2  -DZLIB_CONST conftest.c >&5
configure:28914: $? = 0
configure:28914: result: yes
configure:28929: checking whether h_errno is declared
configure:28929: gcc -c -g -O2  -DZLIB_CONST conftest.c >&5
configure:28929: $? = 0
configure:28929: result: yes
configure:28944: checking whether LLONG_MAX is declared
configure:28944: gcc -c -g -O2  -DZLIB_CONST conftest.c >&5
configure:28944: $? = 0
configure:28944: result: yes
configure:28957: checking whether LLONG_MIN is declared
configure:28957: gcc -c -g -O2  -DZLIB_CONST conftest.c >&5
configure:28957: $? = 0
configure:28957: result: yes
configure:28970: checking whether ULLONG_MAX is declared
configure:28970: gcc -c -g -O2  -DZLIB_CONST conftest.c >&5
configure:28970: $? = 0
configure:28970: result: yes
configure:28983: checking whether PATH_MAX is declared
configure:28983: gcc -c -g -O2  -DZLIB_CONST conftest.c >&5
configure:28983: $? = 0
configure:28983: result: yes
configure:28996: checking whether SSIZE_MAX is declared
configure:28996: gcc -c -g -O2  -DZLIB_CONST conftest.c >&5
configure:28996: $? = 0
configure:28996: result: yes
configure:29010: checking whether SIZE_MAX is declared
configure:29010: gcc -c -g -O2  -DZLIB_CONST conftest.c >&5
configure:29010: $? = 0
configure:29010: result: yes
configure:29128: checking for strsignal
configure:29128: gcc -o conftest -g -O2 -DZLIB_CONST  -Wl,--no-undefined conftest.c  >&5
configure:29128: $? = 0
configure:29128: result: yes
configure:29208: checking for sig2str
configure:29208: gcc -o conftest -g -O2 -DZLIB_CONST  -Wl,--no-undefined conftest.c  >&5
/usr/bin/ld: /tmp/ccvRNCM9.o: in function `main':
/root/xuanix/xuanix_X86_64/sudo-1.9.17p2/conftest.c:248: undefined reference to `sig2str'
collect2: error: ld returned 1 exit status
configure:29208: $? = 1
configure: failed program was:
| /* confdefs.h */
| #define PACKAGE_NAME "sudo"
| #define PACKAGE_TARNAME "sudo"
| #define PACKAGE_VERSION "1.9.17p2"
| #define PACKAGE_STRING "sudo 1.9.17p2"
| #define PACKAGE_BUGREPORT "https://bugzilla.sudo.ws/"
| #define PACKAGE_URL ""
| #define HAVE_STDIO_H 1
| #define HAVE_STDLIB_H 1
| #define HAVE_STRING_H 1
| #define HAVE_INTTYPES_H 1
| #define HAVE_STDINT_H 1
| #define HAVE_STRINGS_H 1
| #define HAVE_SYS_STAT_H 1
| #define HAVE_SYS_TYPES_H 1
| #define HAVE_UNISTD_H 1
| #define HAVE_WCHAR_H 1
| #define HAVE_PATHS_H 1
| #define HAVE_SPAWN_H 1
| #define HAVE_WORDEXP_H 1
| #define HAVE_SYS_SELECT_H 1
| #define HAVE_SYS_SYSMACROS_H 1
| #define HAVE_SYS_STATVFS_H 1
| #define STDC_HEADERS 1
| #define _ALL_SOURCE 1
| #define _DARWIN_C_SOURCE 1
| #define _GNU_SOURCE 1
| #define _HPUX_ALT_XOPEN_SOCKET_API 1
| #define _NETBSD_SOURCE 1
| #define _OPENBSD_SOURCE 1
| #define _POSIX_PTHREAD_SEMANTICS 1
| #define __STDC_WANT_IEC_60559_ATTRIBS_EXT__ 1
| #define __STDC_WANT_IEC_60559_BFP_EXT__ 1
| #define __STDC_WANT_IEC_60559_DFP_EXT__ 1
| #define __STDC_WANT_IEC_60559_EXT__ 1
| #define __STDC_WANT_IEC_60559_FUNCS_EXT__ 1
| #define __STDC_WANT_IEC_60559_TYPES_EXT__ 1
| #define __STDC_WANT_LIB_EXT2__ 1
| #define __STDC_WANT_MATH_SPEC_FUNCS__ 1
| #define _TANDEM_SOURCE 1
| #define __EXTENSIONS__ 1
| #define _PATH_SSSD_CONF "/etc/sssd/sssd.conf"
| #define _PATH_SSSD_LIB ""LIBDIR""
| #define LOGGING SLOG_SYSLOG
| #define PRI_SUCCESS "notice"
| #define PRI_FAILURE "alert"
| #define MAXLOGFILELEN 80
| #define SEND_MAIL_WHEN_NO_USER 1
| #define MAILTO "root"
| #define MAILSUBJECT "*** SECURITY information for %h ***"
| #define PASSPROMPT "Password: "
| #define INCORRECT_PASSWORD "Sorry, try again."
| #define SUDO_UMASK 0022
| #define RUNAS_DEFAULT "root"
| #define EDITOR _PATH_VI
| #define ENV_EDITOR 1
| #define TRIES_FOR_PASSWORD 3
| #define TIMEOUT 5
| #define PASSWORD_TIMEOUT 5
| #define CLASSIC_INSULTS 1
| #define CSOPS_INSULTS 1
| #define _PATH_LDAP_CONF "/etc/ldap.conf"
| #define _PATH_LDAP_SECRET "/etc/ldap.secret"
| #define _PATH_SUDO_ASKPASS NULL
| #define ENV_RESET 1
| #define _PATH_SUDO_DEVSEARCH _PATH_DEV "pts:" _PATH_DEV "vt:" _PATH_DEV "term:" _PATH_DEV "zcons:" _PATH_DEV "pty:" _PATH_DEV "" 
| #define TIMESTAMP_TYPE tty
| #define SUDOERS_LOG_CLIENT 1
| #define HAVE_DLFCN_H 1
| #define LT_OBJDIR ".libs/"
| #define _PATH_SUDOERS_PLUGIN "sudoers.so"
| #define CONFIGURE_ARGS "--without-pam --with-vardir=/var/db/sudo --with-logpath=/var/log/sudo.log"
| #define HAVE_DECL_SECCOMP_MODE_FILTER 1
| #define HAVE_LINUX_RANDOM_H 1
| #define HAVE_SYS_SYSCALL_H 1
| #define HAVE_PROCESS_VM_READV 1
| #define restrict __restrict__
| #define _PATH_MV "/usr/bin/mv"
| #define _PATH_BSHELL "/usr/bin/sh"
| #define _PATH_VI "/usr/bin/vi"
| #define LOGFAC "authpriv"
| #define HAVE_DIRENT_H 1
| #define HAVE__BOOL 1
| #define HAVE_STDBOOL_H 1
| #define MAJOR_IN_SYSMACROS 1
| #define HAVE_UTMPX_H 1
| #define HAVE_ENDIAN_H 1
| #define HAVE_SYS_PROCFS_H 1
| #define HAVE_UNSIGNED_LONG_LONG_INT 1
| #define HAVE_LONG_LONG_INT 1
| #define HAVE_SIG_ATOMIC_T 1
| #define HAVE_STRUCT_IN6_ADDR 1
| #define HAVE_SOCKLEN_T 1
| #define SIZEOF_LONG 8
| #define SIZEOF_LONG_LONG 8
| #define SIZEOF_ID_T 4
| #define SIZEOF_OFF_T 8
| #define SIZEOF_TIME_T 8
| #define SIZEOF_UID_T 4
| #define HAVE_STRUCT_UTMP_UT_ID 1
| #define HAVE_STRUCT_UTMP_UT_PID 1
| #define HAVE_STRUCT_UTMP_UT_TV 1
| #define HAVE_STRUCT_UTMP_UT_TYPE 1
| #define HAVE_STRUCT_UTMP_UT_EXIT 1
| #define HAVE_STRUCT_UTMP_UT_EXIT_E_TERMINATION 1
| #define RTLD_PRELOAD_VAR "LD_PRELOAD"
| #define RTLD_PRELOAD_VAR_64 "LD_PRELOAD"
| #define RTLD_PRELOAD_DELIM ':'
| #define GETGROUPS_T gid_t
| #define HAVE_GETGROUPS 1
| #define HAVE_FSEEKO 1
| #define HAVE_FACCESSAT 1
| #define HAVE_FEXECVE 1
| #define HAVE_FMEMOPEN 1
| #define HAVE_KILLPG 1
| #define HAVE_NL_LANGINFO 1
| #define HAVE_RENAMEAT 1
| #define HAVE_STRTOULL 1
| #define HAVE_WORDEXP 1
| #define HAVE_SETEUID 1
| #define HAVE_EXECVPE 1
| #define HAVE_PREAD 1
| #define HAVE_PWRITE 1
| #define HAVE_CFMAKERAW 1
| #define HAVE_LOCALTIME_R 1
| #define HAVE_GMTIME_R 1
| #define HAVE_TIMEGM 1
| #define HAVE_GETGROUPLIST 1
| #define HAVE_GETDELIM 1
| #define HAVE_DECL_GETDELIM 1
| #define HAVE_GETUSERSHELL 1
| #define HAVE_DECL_GETUSERSHELL 1
| #define HAVE_REALLOCARRAY 1
| #define HAVE_GETAUXVAL 1
| #define HAVE_PTHREAD_H 1
| #define HAVE_PTHREAD_ATFORK 1
| #define HAVE___BUILTIN_CLZ 1
| #define HAVE___BUILTIN_CLZL 1
| #define HAVE_GETUTXID 1
| #define HAVE_OPENPTY 1
| #define HAVE_PTY_H 1
| #define HAVE_UNSETENV 1
| #define PUTENV_CONST /**/
| #define IOCTL_REQ_CAST /**/
| #define HAVE_SETRESUID 1
| #define HAVE_DECL_SETRESUID 1
| #define HAVE_GETRESUID 1
| #define HAVE_DECL_GETRESUID 1
| #define HAVE_SETREUID 1
| #define HAVE_GETIFADDRS 1
| #define HAVE_FREEIFADDRS 1
| #define HAVE_LOCKF 1
| #define HAVE_INNETGR 1
| #define HAVE_DECL_INNETGR 1
| #define HAVE_GETDOMAINNAME 1
| #define HAVE_DECL_GETDOMAINNAME 1
| #define HAVE_UTIMENSAT 1
| #define HAVE_FUTIMENS 1
| #define HAVE_EXPLICIT_BZERO 1
| #define HAVE_FNMATCH 1
| #define HAVE_ISBLANK 1
| #define HAVE_GLOB 1
| #define HAVE_MEMRCHR 1
| #define HAVE_NANOSLEEP 1
| #define HAVE_FCHOWNAT 1
| #define HAVE_MKDIRAT 1
| #define HAVE_OPENAT 1
| #define HAVE_UNLINKAT 1
| #define HAVE_FCHMODAT 1
| #define HAVE_FSTATAT 1
| #define HAVE_DUP3 1
| #define HAVE_PIPE2 1
| #define HAVE_REALPATH 1
| #define HAVE_STRNLEN 1
| #define HAVE_STRNDUP 1
| #define HAVE_CLOCK_GETTIME 1
| #define HAVE_GETOPT_LONG 1
| #define HAVE_CLOSE_RANGE 1
| #define HAVE_LINUX_CLOSE_RANGE_H 1
| #define HAVE_SNPRINTF 1
| #define HAVE_VSNPRINTF 1
| #define HAVE_ASPRINTF 1
| #define HAVE_VASPRINTF 1
| #define HAVE_ST_MTIM 1
| #define HAVE_EXECVPE 1
| #define HAVE_POSIX_SPAWN 1
| #define HAVE_POSIX_SPAWNP 1
| #define HAVE_DIRFD 1
| #define HAVE_STRUCT_DIRENT_D_TYPE 1
| #define HAVE_OPENSSL 1
| #define HAVE_X509_STORE_CTX_GET0_CERT 1
| #define HAVE_ASN1_STRING_GET0_DATA 1
| #define HAVE_SSL_CTX_GET0_CERTIFICATE 1
| #define HAVE_SSL_CTX_SET0_TMP_DH_PKEY 1
| #define HAVE_TLS_METHOD 1
| #define HAVE_SSL_CTX_SET_MIN_PROTO_VERSION 1
| #define HAVE_SSL_READ_EX 1
| #define HAVE_SSL_CTX_SET_CIPHERSUITES 1
| #define HAVE_INET_PTON 1
| #define HAVE_INET_PTON 1
| #define HAVE_INET_NTOP 1
| #define HAVE_INET_NTOP 1
| #define HAVE_GETADDRINFO 1
| #define HAVE_VA_COPY 1
| #define HAVE___PROGNAME 1
| #define HAVE___FUNC__ 1
| #define HAVE_NGETTEXT 1
| #define HAVE_LIBINTL_H 1
| #define HAVE_ZLIB_H 1
| #define HAVE_DECL_NSIG 1
| #define HAVE_DECL_ERRNO 1
| #define HAVE_DECL_H_ERRNO 1
| #define HAVE_DECL_LLONG_MAX 1
| #define HAVE_DECL_LLONG_MIN 1
| #define HAVE_DECL_ULLONG_MAX 1
| #define HAVE_DECL_PATH_MAX 1
| #define HAVE_DECL_SSIZE_MAX 1
| #define HAVE_DECL_SIZE_MAX 1
| #define HAVE_STRSIGNAL 1
| /* end confdefs.h.  */
| /* Define sig2str to an innocuous variant, in case <limits.h> declares sig2str.
|    For example, HP-UX 11i <limits.h> declares gettimeofday.  */
| #define sig2str innocuous_sig2str
| 
| /* System header to define __stub macros and hopefully few prototypes,
|    which can conflict with char sig2str (void); below.  */
| 
| #include <limits.h>
| #undef sig2str
| 
| /* Override any GCC internal prototype to avoid an error.
|    Use char because int might match the return type of a GCC
|    builtin and then its argument prototype would still apply.  */
| #ifdef __cplusplus
| extern "C"
| #endif
| char sig2str (void);
| /* The GNU C library defines this for functions which it implements
|     to always fail with ENOSYS.  Some functions are actually named
|     something starting with __ and the normal name is an alias.  */
| #if defined __stub_sig2str || defined __stub___sig2str
| choke me
| #endif
| 
| int
| main (void)
| {
| return sig2str ();
|   ;
|   return 0;
| }
configure:29208: result: no
configure:29248: checking for str2sig
configure:29248: gcc -o conftest -g -O2 -DZLIB_CONST  -Wl,--no-undefined conftest.c  >&5
/usr/bin/ld: /tmp/ccBPw4zr.o: in function `main':
/root/xuanix/xuanix_X86_64/sudo-1.9.17p2/conftest.c:248: undefined reference to `str2sig'
collect2: error: ld returned 1 exit status
configure:29248: $? = 1
configure: failed program was:
| /* confdefs.h */
| #define PACKAGE_NAME "sudo"
| #define PACKAGE_TARNAME "sudo"
| #define PACKAGE_VERSION "1.9.17p2"
| #define PACKAGE_STRING "sudo 1.9.17p2"
| #define PACKAGE_BUGREPORT "https://bugzilla.sudo.ws/"
| #define PACKAGE_URL ""
| #define HAVE_STDIO_H 1
| #define HAVE_STDLIB_H 1
| #define HAVE_STRING_H 1
| #define HAVE_INTTYPES_H 1
| #define HAVE_STDINT_H 1
| #define HAVE_STRINGS_H 1
| #define HAVE_SYS_STAT_H 1
| #define HAVE_SYS_TYPES_H 1
| #define HAVE_UNISTD_H 1
| #define HAVE_WCHAR_H 1
| #define HAVE_PATHS_H 1
| #define HAVE_SPAWN_H 1
| #define HAVE_WORDEXP_H 1
| #define HAVE_SYS_SELECT_H 1
| #define HAVE_SYS_SYSMACROS_H 1
| #define HAVE_SYS_STATVFS_H 1
| #define STDC_HEADERS 1
| #define _ALL_SOURCE 1
| #define _DARWIN_C_SOURCE 1
| #define _GNU_SOURCE 1
| #define _HPUX_ALT_XOPEN_SOCKET_API 1
| #define _NETBSD_SOURCE 1
| #define _OPENBSD_SOURCE 1
| #define _POSIX_PTHREAD_SEMANTICS 1
| #define __STDC_WANT_IEC_60559_ATTRIBS_EXT__ 1
| #define __STDC_WANT_IEC_60559_BFP_EXT__ 1
| #define __STDC_WANT_IEC_60559_DFP_EXT__ 1
| #define __STDC_WANT_IEC_60559_EXT__ 1
| #define __STDC_WANT_IEC_60559_FUNCS_EXT__ 1
| #define __STDC_WANT_IEC_60559_TYPES_EXT__ 1
| #define __STDC_WANT_LIB_EXT2__ 1
| #define __STDC_WANT_MATH_SPEC_FUNCS__ 1
| #define _TANDEM_SOURCE 1
| #define __EXTENSIONS__ 1
| #define _PATH_SSSD_CONF "/etc/sssd/sssd.conf"
| #define _PATH_SSSD_LIB ""LIBDIR""
| #define LOGGING SLOG_SYSLOG
| #define PRI_SUCCESS "notice"
| #define PRI_FAILURE "alert"
| #define MAXLOGFILELEN 80
| #define SEND_MAIL_WHEN_NO_USER 1
| #define MAILTO "root"
| #define MAILSUBJECT "*** SECURITY information for %h ***"
| #define PASSPROMPT "Password: "
| #define INCORRECT_PASSWORD "Sorry, try again."
| #define SUDO_UMASK 0022
| #define RUNAS_DEFAULT "root"
| #define EDITOR _PATH_VI
| #define ENV_EDITOR 1
| #define TRIES_FOR_PASSWORD 3
| #define TIMEOUT 5
| #define PASSWORD_TIMEOUT 5
| #define CLASSIC_INSULTS 1
| #define CSOPS_INSULTS 1
| #define _PATH_LDAP_CONF "/etc/ldap.conf"
| #define _PATH_LDAP_SECRET "/etc/ldap.secret"
| #define _PATH_SUDO_ASKPASS NULL
| #define ENV_RESET 1
| #define _PATH_SUDO_DEVSEARCH _PATH_DEV "pts:" _PATH_DEV "vt:" _PATH_DEV "term:" _PATH_DEV "zcons:" _PATH_DEV "pty:" _PATH_DEV "" 
| #define TIMESTAMP_TYPE tty
| #define SUDOERS_LOG_CLIENT 1
| #define HAVE_DLFCN_H 1
| #define LT_OBJDIR ".libs/"
| #define _PATH_SUDOERS_PLUGIN "sudoers.so"
| #define CONFIGURE_ARGS "--without-pam --with-vardir=/var/db/sudo --with-logpath=/var/log/sudo.log"
| #define HAVE_DECL_SECCOMP_MODE_FILTER 1
| #define HAVE_LINUX_RANDOM_H 1
| #define HAVE_SYS_SYSCALL_H 1
| #define HAVE_PROCESS_VM_READV 1
| #define restrict __restrict__
| #define _PATH_MV "/usr/bin/mv"
| #define _PATH_BSHELL "/usr/bin/sh"
| #define _PATH_VI "/usr/bin/vi"
| #define LOGFAC "authpriv"
| #define HAVE_DIRENT_H 1
| #define HAVE__BOOL 1
| #define HAVE_STDBOOL_H 1
| #define MAJOR_IN_SYSMACROS 1
| #define HAVE_UTMPX_H 1
| #define HAVE_ENDIAN_H 1
| #define HAVE_SYS_PROCFS_H 1
| #define HAVE_UNSIGNED_LONG_LONG_INT 1
| #define HAVE_LONG_LONG_INT 1
| #define HAVE_SIG_ATOMIC_T 1
| #define HAVE_STRUCT_IN6_ADDR 1
| #define HAVE_SOCKLEN_T 1
| #define SIZEOF_LONG 8
| #define SIZEOF_LONG_LONG 8
| #define SIZEOF_ID_T 4
| #define SIZEOF_OFF_T 8
| #define SIZEOF_TIME_T 8
| #define SIZEOF_UID_T 4
| #define HAVE_STRUCT_UTMP_UT_ID 1
| #define HAVE_STRUCT_UTMP_UT_PID 1
| #define HAVE_STRUCT_UTMP_UT_TV 1
| #define HAVE_STRUCT_UTMP_UT_TYPE 1
| #define HAVE_STRUCT_UTMP_UT_EXIT 1
| #define HAVE_STRUCT_UTMP_UT_EXIT_E_TERMINATION 1
| #define RTLD_PRELOAD_VAR "LD_PRELOAD"
| #define RTLD_PRELOAD_VAR_64 "LD_PRELOAD"
| #define RTLD_PRELOAD_DELIM ':'
| #define GETGROUPS_T gid_t
| #define HAVE_GETGROUPS 1
| #define HAVE_FSEEKO 1
| #define HAVE_FACCESSAT 1
| #define HAVE_FEXECVE 1
| #define HAVE_FMEMOPEN 1
| #define HAVE_KILLPG 1
| #define HAVE_NL_LANGINFO 1
| #define HAVE_RENAMEAT 1
| #define HAVE_STRTOULL 1
| #define HAVE_WORDEXP 1
| #define HAVE_SETEUID 1
| #define HAVE_EXECVPE 1
| #define HAVE_PREAD 1
| #define HAVE_PWRITE 1
| #define HAVE_CFMAKERAW 1
| #define HAVE_LOCALTIME_R 1
| #define HAVE_GMTIME_R 1
| #define HAVE_TIMEGM 1
| #define HAVE_GETGROUPLIST 1
| #define HAVE_GETDELIM 1
| #define HAVE_DECL_GETDELIM 1
| #define HAVE_GETUSERSHELL 1
| #define HAVE_DECL_GETUSERSHELL 1
| #define HAVE_REALLOCARRAY 1
| #define HAVE_GETAUXVAL 1
| #define HAVE_PTHREAD_H 1
| #define HAVE_PTHREAD_ATFORK 1
| #define HAVE___BUILTIN_CLZ 1
| #define HAVE___BUILTIN_CLZL 1
| #define HAVE_GETUTXID 1
| #define HAVE_OPENPTY 1
| #define HAVE_PTY_H 1
| #define HAVE_UNSETENV 1
| #define PUTENV_CONST /**/
| #define IOCTL_REQ_CAST /**/
| #define HAVE_SETRESUID 1
| #define HAVE_DECL_SETRESUID 1
| #define HAVE_GETRESUID 1
| #define HAVE_DECL_GETRESUID 1
| #define HAVE_SETREUID 1
| #define HAVE_GETIFADDRS 1
| #define HAVE_FREEIFADDRS 1
| #define HAVE_LOCKF 1
| #define HAVE_INNETGR 1
| #define HAVE_DECL_INNETGR 1
| #define HAVE_GETDOMAINNAME 1
| #define HAVE_DECL_GETDOMAINNAME 1
| #define HAVE_UTIMENSAT 1
| #define HAVE_FUTIMENS 1
| #define HAVE_EXPLICIT_BZERO 1
| #define HAVE_FNMATCH 1
| #define HAVE_ISBLANK 1
| #define HAVE_GLOB 1
| #define HAVE_MEMRCHR 1
| #define HAVE_NANOSLEEP 1
| #define HAVE_FCHOWNAT 1
| #define HAVE_MKDIRAT 1
| #define HAVE_OPENAT 1
| #define HAVE_UNLINKAT 1
| #define HAVE_FCHMODAT 1
| #define HAVE_FSTATAT 1
| #define HAVE_DUP3 1
| #define HAVE_PIPE2 1
| #define HAVE_REALPATH 1
| #define HAVE_STRNLEN 1
| #define HAVE_STRNDUP 1
| #define HAVE_CLOCK_GETTIME 1
| #define HAVE_GETOPT_LONG 1
| #define HAVE_CLOSE_RANGE 1
| #define HAVE_LINUX_CLOSE_RANGE_H 1
| #define HAVE_SNPRINTF 1
| #define HAVE_VSNPRINTF 1
| #define HAVE_ASPRINTF 1
| #define HAVE_VASPRINTF 1
| #define HAVE_ST_MTIM 1
| #define HAVE_EXECVPE 1
| #define HAVE_POSIX_SPAWN 1
| #define HAVE_POSIX_SPAWNP 1
| #define HAVE_DIRFD 1
| #define HAVE_STRUCT_DIRENT_D_TYPE 1
| #define HAVE_OPENSSL 1
| #define HAVE_X509_STORE_CTX_GET0_CERT 1
| #define HAVE_ASN1_STRING_GET0_DATA 1
| #define HAVE_SSL_CTX_GET0_CERTIFICATE 1
| #define HAVE_SSL_CTX_SET0_TMP_DH_PKEY 1
| #define HAVE_TLS_METHOD 1
| #define HAVE_SSL_CTX_SET_MIN_PROTO_VERSION 1
| #define HAVE_SSL_READ_EX 1
| #define HAVE_SSL_CTX_SET_CIPHERSUITES 1
| #define HAVE_INET_PTON 1
| #define HAVE_INET_PTON 1
| #define HAVE_INET_NTOP 1
| #define HAVE_INET_NTOP 1
| #define HAVE_GETADDRINFO 1
| #define HAVE_VA_COPY 1
| #define HAVE___PROGNAME 1
| #define HAVE___FUNC__ 1
| #define HAVE_NGETTEXT 1
| #define HAVE_LIBINTL_H 1
| #define HAVE_ZLIB_H 1
| #define HAVE_DECL_NSIG 1
| #define HAVE_DECL_ERRNO 1
| #define HAVE_DECL_H_ERRNO 1
| #define HAVE_DECL_LLONG_MAX 1
| #define HAVE_DECL_LLONG_MIN 1
| #define HAVE_DECL_ULLONG_MAX 1
| #define HAVE_DECL_PATH_MAX 1
| #define HAVE_DECL_SSIZE_MAX 1
| #define HAVE_DECL_SIZE_MAX 1
| #define HAVE_STRSIGNAL 1
| /* end confdefs.h.  */
| /* Define str2sig to an innocuous variant, in case <limits.h> declares str2sig.
|    For example, HP-UX 11i <limits.h> declares gettimeofday.  */
| #define str2sig innocuous_str2sig
| 
| /* System header to define __stub macros and hopefully few prototypes,
|    which can conflict with char str2sig (void); below.  */
| 
| #include <limits.h>
| #undef str2sig
| 
| /* Override any GCC internal prototype to avoid an error.
|    Use char because int might match the return type of a GCC
|    builtin and then its argument prototype would still apply.  */
| #ifdef __cplusplus
| extern "C"
| #endif
| char str2sig (void);
| /* The GNU C library defines this for functions which it implements
|     to always fail with ENOSYS.  Some functions are actually named
|     something starting with __ and the normal name is an alias.  */
| #if defined __stub_str2sig || defined __stub___str2sig
| choke me
| #endif
| 
| int
| main (void)
| {
| return str2sig ();
|   ;
|   return 0;
| }
configure:29248: result: no
configure:29276: checking for sigabbrev_np
configure:29276: gcc -o conftest -g -O2 -DZLIB_CONST  -Wl,--no-undefined conftest.c  >&5
configure:29276: $? = 0
configure:29276: result: yes
configure:29413: checking for dl_iterate_phdr
configure:29413: gcc -o conftest -g -O2 -DZLIB_CONST  -Wl,--no-undefined conftest.c   >&5
configure:29413: $? = 0
configure:29413: result: yes
configure:31283: checking for library containing crypt
configure:31319: gcc -o conftest -g -O2 -DZLIB_CONST  -Wl,--no-undefined conftest.c  >&5
/usr/bin/ld: /tmp/cc23yXTx.o: in function `main':
/root/xuanix/xuanix_X86_64/sudo-1.9.17p2/conftest.c:238: undefined reference to `crypt'
collect2: error: ld returned 1 exit status
configure:31319: $? = 1
configure: failed program was:
| /* confdefs.h */
| #define PACKAGE_NAME "sudo"
| #define PACKAGE_TARNAME "sudo"
| #define PACKAGE_VERSION "1.9.17p2"
| #define PACKAGE_STRING "sudo 1.9.17p2"
| #define PACKAGE_BUGREPORT "https://bugzilla.sudo.ws/"
| #define PACKAGE_URL ""
| #define HAVE_STDIO_H 1
| #define HAVE_STDLIB_H 1
| #define HAVE_STRING_H 1
| #define HAVE_INTTYPES_H 1
| #define HAVE_STDINT_H 1
| #define HAVE_STRINGS_H 1
| #define HAVE_SYS_STAT_H 1
| #define HAVE_SYS_TYPES_H 1
| #define HAVE_UNISTD_H 1
| #define HAVE_WCHAR_H 1
| #define HAVE_PATHS_H 1
| #define HAVE_SPAWN_H 1
| #define HAVE_WORDEXP_H 1
| #define HAVE_SYS_SELECT_H 1
| #define HAVE_SYS_SYSMACROS_H 1
| #define HAVE_SYS_STATVFS_H 1
| #define STDC_HEADERS 1
| #define _ALL_SOURCE 1
| #define _DARWIN_C_SOURCE 1
| #define _GNU_SOURCE 1
| #define _HPUX_ALT_XOPEN_SOCKET_API 1
| #define _NETBSD_SOURCE 1
| #define _OPENBSD_SOURCE 1
| #define _POSIX_PTHREAD_SEMANTICS 1
| #define __STDC_WANT_IEC_60559_ATTRIBS_EXT__ 1
| #define __STDC_WANT_IEC_60559_BFP_EXT__ 1
| #define __STDC_WANT_IEC_60559_DFP_EXT__ 1
| #define __STDC_WANT_IEC_60559_EXT__ 1
| #define __STDC_WANT_IEC_60559_FUNCS_EXT__ 1
| #define __STDC_WANT_IEC_60559_TYPES_EXT__ 1
| #define __STDC_WANT_LIB_EXT2__ 1
| #define __STDC_WANT_MATH_SPEC_FUNCS__ 1
| #define _TANDEM_SOURCE 1
| #define __EXTENSIONS__ 1
| #define _PATH_SSSD_CONF "/etc/sssd/sssd.conf"
| #define _PATH_SSSD_LIB ""LIBDIR""
| #define LOGGING SLOG_SYSLOG
| #define PRI_SUCCESS "notice"
| #define PRI_FAILURE "alert"
| #define MAXLOGFILELEN 80
| #define SEND_MAIL_WHEN_NO_USER 1
| #define MAILTO "root"
| #define MAILSUBJECT "*** SECURITY information for %h ***"
| #define PASSPROMPT "Password: "
| #define INCORRECT_PASSWORD "Sorry, try again."
| #define SUDO_UMASK 0022
| #define RUNAS_DEFAULT "root"
| #define EDITOR _PATH_VI
| #define ENV_EDITOR 1
| #define TRIES_FOR_PASSWORD 3
| #define TIMEOUT 5
| #define PASSWORD_TIMEOUT 5
| #define CLASSIC_INSULTS 1
| #define CSOPS_INSULTS 1
| #define _PATH_LDAP_CONF "/etc/ldap.conf"
| #define _PATH_LDAP_SECRET "/etc/ldap.secret"
| #define _PATH_SUDO_ASKPASS NULL
| #define ENV_RESET 1
| #define _PATH_SUDO_DEVSEARCH _PATH_DEV "pts:" _PATH_DEV "vt:" _PATH_DEV "term:" _PATH_DEV "zcons:" _PATH_DEV "pty:" _PATH_DEV "" 
| #define TIMESTAMP_TYPE tty
| #define SUDOERS_LOG_CLIENT 1
| #define HAVE_DLFCN_H 1
| #define LT_OBJDIR ".libs/"
| #define _PATH_SUDOERS_PLUGIN "sudoers.so"
| #define CONFIGURE_ARGS "--without-pam --with-vardir=/var/db/sudo --with-logpath=/var/log/sudo.log"
| #define HAVE_DECL_SECCOMP_MODE_FILTER 1
| #define HAVE_LINUX_RANDOM_H 1
| #define HAVE_SYS_SYSCALL_H 1
| #define HAVE_PROCESS_VM_READV 1
| #define restrict __restrict__
| #define _PATH_MV "/usr/bin/mv"
| #define _PATH_BSHELL "/usr/bin/sh"
| #define _PATH_VI "/usr/bin/vi"
| #define LOGFAC "authpriv"
| #define HAVE_DIRENT_H 1
| #define HAVE__BOOL 1
| #define HAVE_STDBOOL_H 1
| #define MAJOR_IN_SYSMACROS 1
| #define HAVE_UTMPX_H 1
| #define HAVE_ENDIAN_H 1
| #define HAVE_SYS_PROCFS_H 1
| #define HAVE_UNSIGNED_LONG_LONG_INT 1
| #define HAVE_LONG_LONG_INT 1
| #define HAVE_SIG_ATOMIC_T 1
| #define HAVE_STRUCT_IN6_ADDR 1
| #define HAVE_SOCKLEN_T 1
| #define SIZEOF_LONG 8
| #define SIZEOF_LONG_LONG 8
| #define SIZEOF_ID_T 4
| #define SIZEOF_OFF_T 8
| #define SIZEOF_TIME_T 8
| #define SIZEOF_UID_T 4
| #define HAVE_STRUCT_UTMP_UT_ID 1
| #define HAVE_STRUCT_UTMP_UT_PID 1
| #define HAVE_STRUCT_UTMP_UT_TV 1
| #define HAVE_STRUCT_UTMP_UT_TYPE 1
| #define HAVE_STRUCT_UTMP_UT_EXIT 1
| #define HAVE_STRUCT_UTMP_UT_EXIT_E_TERMINATION 1
| #define RTLD_PRELOAD_VAR "LD_PRELOAD"
| #define RTLD_PRELOAD_VAR_64 "LD_PRELOAD"
| #define RTLD_PRELOAD_DELIM ':'
| #define GETGROUPS_T gid_t
| #define HAVE_GETGROUPS 1
| #define HAVE_FSEEKO 1
| #define HAVE_FACCESSAT 1
| #define HAVE_FEXECVE 1
| #define HAVE_FMEMOPEN 1
| #define HAVE_KILLPG 1
| #define HAVE_NL_LANGINFO 1
| #define HAVE_RENAMEAT 1
| #define HAVE_STRTOULL 1
| #define HAVE_WORDEXP 1
| #define HAVE_SETEUID 1
| #define HAVE_EXECVPE 1
| #define HAVE_PREAD 1
| #define HAVE_PWRITE 1
| #define HAVE_CFMAKERAW 1
| #define HAVE_LOCALTIME_R 1
| #define HAVE_GMTIME_R 1
| #define HAVE_TIMEGM 1
| #define HAVE_GETGROUPLIST 1
| #define HAVE_GETDELIM 1
| #define HAVE_DECL_GETDELIM 1
| #define HAVE_GETUSERSHELL 1
| #define HAVE_DECL_GETUSERSHELL 1
| #define HAVE_REALLOCARRAY 1
| #define HAVE_GETAUXVAL 1
| #define HAVE_PTHREAD_H 1
| #define HAVE_PTHREAD_ATFORK 1
| #define HAVE___BUILTIN_CLZ 1
| #define HAVE___BUILTIN_CLZL 1
| #define HAVE_GETUTXID 1
| #define HAVE_OPENPTY 1
| #define HAVE_PTY_H 1
| #define HAVE_UNSETENV 1
| #define PUTENV_CONST /**/
| #define IOCTL_REQ_CAST /**/
| #define HAVE_SETRESUID 1
| #define HAVE_DECL_SETRESUID 1
| #define HAVE_GETRESUID 1
| #define HAVE_DECL_GETRESUID 1
| #define HAVE_SETREUID 1
| #define HAVE_GETIFADDRS 1
| #define HAVE_FREEIFADDRS 1
| #define HAVE_LOCKF 1
| #define HAVE_INNETGR 1
| #define HAVE_DECL_INNETGR 1
| #define HAVE_GETDOMAINNAME 1
| #define HAVE_DECL_GETDOMAINNAME 1
| #define HAVE_UTIMENSAT 1
| #define HAVE_FUTIMENS 1
| #define HAVE_EXPLICIT_BZERO 1
| #define HAVE_FNMATCH 1
| #define HAVE_ISBLANK 1
| #define HAVE_GLOB 1
| #define HAVE_MEMRCHR 1
| #define HAVE_NANOSLEEP 1
| #define HAVE_FCHOWNAT 1
| #define HAVE_MKDIRAT 1
| #define HAVE_OPENAT 1
| #define HAVE_UNLINKAT 1
| #define HAVE_FCHMODAT 1
| #define HAVE_FSTATAT 1
| #define HAVE_DUP3 1
| #define HAVE_PIPE2 1
| #define HAVE_REALPATH 1
| #define HAVE_STRNLEN 1
| #define HAVE_STRNDUP 1
| #define HAVE_CLOCK_GETTIME 1
| #define HAVE_GETOPT_LONG 1
| #define HAVE_CLOSE_RANGE 1
| #define HAVE_LINUX_CLOSE_RANGE_H 1
| #define HAVE_SNPRINTF 1
| #define HAVE_VSNPRINTF 1
| #define HAVE_ASPRINTF 1
| #define HAVE_VASPRINTF 1
| #define HAVE_ST_MTIM 1
| #define HAVE_EXECVPE 1
| #define HAVE_POSIX_SPAWN 1
| #define HAVE_POSIX_SPAWNP 1
| #define HAVE_DIRFD 1
| #define HAVE_STRUCT_DIRENT_D_TYPE 1
| #define HAVE_OPENSSL 1
| #define HAVE_X509_STORE_CTX_GET0_CERT 1
| #define HAVE_ASN1_STRING_GET0_DATA 1
| #define HAVE_SSL_CTX_GET0_CERTIFICATE 1
| #define HAVE_SSL_CTX_SET0_TMP_DH_PKEY 1
| #define HAVE_TLS_METHOD 1
| #define HAVE_SSL_CTX_SET_MIN_PROTO_VERSION 1
| #define HAVE_SSL_READ_EX 1
| #define HAVE_SSL_CTX_SET_CIPHERSUITES 1
| #define HAVE_INET_PTON 1
| #define HAVE_INET_PTON 1
| #define HAVE_INET_NTOP 1
| #define HAVE_INET_NTOP 1
| #define HAVE_GETADDRINFO 1
| #define HAVE_VA_COPY 1
| #define HAVE___PROGNAME 1
| #define HAVE___FUNC__ 1
| #define HAVE_NGETTEXT 1
| #define HAVE_LIBINTL_H 1
| #define HAVE_ZLIB_H 1
| #define HAVE_DECL_NSIG 1
| #define HAVE_DECL_ERRNO 1
| #define HAVE_DECL_H_ERRNO 1
| #define HAVE_DECL_LLONG_MAX 1
| #define HAVE_DECL_LLONG_MIN 1
| #define HAVE_DECL_ULLONG_MAX 1
| #define HAVE_DECL_PATH_MAX 1
| #define HAVE_DECL_SSIZE_MAX 1
| #define HAVE_DECL_SIZE_MAX 1
| #define HAVE_STRSIGNAL 1
| #define HAVE_SIGABBREV_NP 1
| #define HAVE_DL_ITERATE_PHDR 1
| #define _PATH_NSSWITCH_CONF "/etc/nsswitch.conf"
| /* end confdefs.h.  */
| 
| /* Override any GCC internal prototype to avoid an error.
|    Use char because int might match the return type of a GCC
|    builtin and then its argument prototype would still apply.
|    The 'extern "C"' is for builds by C++ compilers;
|    although this is not generally supported in C code supporting it here
|    has little cost and some practical benefit (sr 110532).  */
| #ifdef __cplusplus
| extern "C"
| #endif
| char crypt (void);
| int
| main (void)
| {
| return crypt ();
|   ;
|   return 0;
| }
configure:31319: gcc -o conftest -g -O2 -DZLIB_CONST  -Wl,--no-undefined conftest.c -lcrypt   >&5
configure:31319: $? = 0
configure:31341: result: -lcrypt
configure:31369: checking for getspnam
configure:31369: gcc -o conftest -g -O2 -DZLIB_CONST  -Wl,--no-undefined conftest.c   -lcrypt >&5
configure:31369: $? = 0
configure:31369: result: yes
configure:31664: checking for ppoll
configure:31664: gcc -o conftest -g -O2 -DZLIB_CONST  -Wl,--no-undefined conftest.c  >&5
configure:31664: $? = 0
configure:31664: result: yes
configure:32751: checking for log dir location
configure:32769: result: /var/log
configure:32813: checking for sudo_logsrvd relay dir location
configure:32831: result: /var/log/sudo_logsrvd
configure:32847: checking for sudo run dir location
configure:32864: result: /run/sudo
configure:32915: checking for I/O log dir location
configure:32933: result: /var/log/sudo-io
configure:32946: checking time zone data directory
configure:32963: result: /usr/share/zoneinfo
configure:32978: checking for sys/sysctl.h
configure:32978: gcc -c -g -O2 -DZLIB_CONST conftest.c >&5
conftest.c:264:10: fatal error: sys/sysctl.h: No such file or directory
  264 | #include <sys/sysctl.h>
      |          ^~~~~~~~~~~~~~
compilation terminated.
configure:32978: $? = 1
configure: failed program was:
| /* confdefs.h */
| #define PACKAGE_NAME "sudo"
| #define PACKAGE_TARNAME "sudo"
| #define PACKAGE_VERSION "1.9.17p2"
| #define PACKAGE_STRING "sudo 1.9.17p2"
| #define PACKAGE_BUGREPORT "https://bugzilla.sudo.ws/"
| #define PACKAGE_URL ""
| #define HAVE_STDIO_H 1
| #define HAVE_STDLIB_H 1
| #define HAVE_STRING_H 1
| #define HAVE_INTTYPES_H 1
| #define HAVE_STDINT_H 1
| #define HAVE_STRINGS_H 1
| #define HAVE_SYS_STAT_H 1
| #define HAVE_SYS_TYPES_H 1
| #define HAVE_UNISTD_H 1
| #define HAVE_WCHAR_H 1
| #define HAVE_PATHS_H 1
| #define HAVE_SPAWN_H 1
| #define HAVE_WORDEXP_H 1
| #define HAVE_SYS_SELECT_H 1
| #define HAVE_SYS_SYSMACROS_H 1
| #define HAVE_SYS_STATVFS_H 1
| #define STDC_HEADERS 1
| #define _ALL_SOURCE 1
| #define _DARWIN_C_SOURCE 1
| #define _GNU_SOURCE 1
| #define _HPUX_ALT_XOPEN_SOCKET_API 1
| #define _NETBSD_SOURCE 1
| #define _OPENBSD_SOURCE 1
| #define _POSIX_PTHREAD_SEMANTICS 1
| #define __STDC_WANT_IEC_60559_ATTRIBS_EXT__ 1
| #define __STDC_WANT_IEC_60559_BFP_EXT__ 1
| #define __STDC_WANT_IEC_60559_DFP_EXT__ 1
| #define __STDC_WANT_IEC_60559_EXT__ 1
| #define __STDC_WANT_IEC_60559_FUNCS_EXT__ 1
| #define __STDC_WANT_IEC_60559_TYPES_EXT__ 1
| #define __STDC_WANT_LIB_EXT2__ 1
| #define __STDC_WANT_MATH_SPEC_FUNCS__ 1
| #define _TANDEM_SOURCE 1
| #define __EXTENSIONS__ 1
| #define _PATH_SSSD_CONF "/etc/sssd/sssd.conf"
| #define _PATH_SSSD_LIB ""LIBDIR""
| #define LOGGING SLOG_SYSLOG
| #define PRI_SUCCESS "notice"
| #define PRI_FAILURE "alert"
| #define MAXLOGFILELEN 80
| #define SEND_MAIL_WHEN_NO_USER 1
| #define MAILTO "root"
| #define MAILSUBJECT "*** SECURITY information for %h ***"
| #define PASSPROMPT "Password: "
| #define INCORRECT_PASSWORD "Sorry, try again."
| #define SUDO_UMASK 0022
| #define RUNAS_DEFAULT "root"
| #define EDITOR _PATH_VI
| #define ENV_EDITOR 1
| #define TRIES_FOR_PASSWORD 3
| #define TIMEOUT 5
| #define PASSWORD_TIMEOUT 5
| #define CLASSIC_INSULTS 1
| #define CSOPS_INSULTS 1
| #define _PATH_LDAP_CONF "/etc/ldap.conf"
| #define _PATH_LDAP_SECRET "/etc/ldap.secret"
| #define _PATH_SUDO_ASKPASS NULL
| #define ENV_RESET 1
| #define _PATH_SUDO_DEVSEARCH _PATH_DEV "pts:" _PATH_DEV "vt:" _PATH_DEV "term:" _PATH_DEV "zcons:" _PATH_DEV "pty:" _PATH_DEV "" 
| #define TIMESTAMP_TYPE tty
| #define SUDOERS_LOG_CLIENT 1
| #define HAVE_DLFCN_H 1
| #define LT_OBJDIR ".libs/"
| #define _PATH_SUDOERS_PLUGIN "sudoers.so"
| #define CONFIGURE_ARGS "--without-pam --with-vardir=/var/db/sudo --with-logpath=/var/log/sudo.log"
| #define HAVE_DECL_SECCOMP_MODE_FILTER 1
| #define HAVE_LINUX_RANDOM_H 1
| #define HAVE_SYS_SYSCALL_H 1
| #define HAVE_PROCESS_VM_READV 1
| #define restrict __restrict__
| #define _PATH_MV "/usr/bin/mv"
| #define _PATH_BSHELL "/usr/bin/sh"
| #define _PATH_VI "/usr/bin/vi"
| #define LOGFAC "authpriv"
| #define HAVE_DIRENT_H 1
| #define HAVE__BOOL 1
| #define HAVE_STDBOOL_H 1
| #define MAJOR_IN_SYSMACROS 1
| #define HAVE_UTMPX_H 1
| #define HAVE_ENDIAN_H 1
| #define HAVE_SYS_PROCFS_H 1
| #define HAVE_UNSIGNED_LONG_LONG_INT 1
| #define HAVE_LONG_LONG_INT 1
| #define HAVE_SIG_ATOMIC_T 1
| #define HAVE_STRUCT_IN6_ADDR 1
| #define HAVE_SOCKLEN_T 1
| #define SIZEOF_LONG 8
| #define SIZEOF_LONG_LONG 8
| #define SIZEOF_ID_T 4
| #define SIZEOF_OFF_T 8
| #define SIZEOF_TIME_T 8
| #define SIZEOF_UID_T 4
| #define HAVE_STRUCT_UTMP_UT_ID 1
| #define HAVE_STRUCT_UTMP_UT_PID 1
| #define HAVE_STRUCT_UTMP_UT_TV 1
| #define HAVE_STRUCT_UTMP_UT_TYPE 1
| #define HAVE_STRUCT_UTMP_UT_EXIT 1
| #define HAVE_STRUCT_UTMP_UT_EXIT_E_TERMINATION 1
| #define RTLD_PRELOAD_VAR "LD_PRELOAD"
| #define RTLD_PRELOAD_VAR_64 "LD_PRELOAD"
| #define RTLD_PRELOAD_DELIM ':'
| #define GETGROUPS_T gid_t
| #define HAVE_GETGROUPS 1
| #define HAVE_FSEEKO 1
| #define HAVE_FACCESSAT 1
| #define HAVE_FEXECVE 1
| #define HAVE_FMEMOPEN 1
| #define HAVE_KILLPG 1
| #define HAVE_NL_LANGINFO 1
| #define HAVE_RENAMEAT 1
| #define HAVE_STRTOULL 1
| #define HAVE_WORDEXP 1
| #define HAVE_SETEUID 1
| #define HAVE_EXECVPE 1
| #define HAVE_PREAD 1
| #define HAVE_PWRITE 1
| #define HAVE_CFMAKERAW 1
| #define HAVE_LOCALTIME_R 1
| #define HAVE_GMTIME_R 1
| #define HAVE_TIMEGM 1
| #define HAVE_GETGROUPLIST 1
| #define HAVE_GETDELIM 1
| #define HAVE_DECL_GETDELIM 1
| #define HAVE_GETUSERSHELL 1
| #define HAVE_DECL_GETUSERSHELL 1
| #define HAVE_REALLOCARRAY 1
| #define HAVE_GETAUXVAL 1
| #define HAVE_PTHREAD_H 1
| #define HAVE_PTHREAD_ATFORK 1
| #define HAVE___BUILTIN_CLZ 1
| #define HAVE___BUILTIN_CLZL 1
| #define HAVE_GETUTXID 1
| #define HAVE_OPENPTY 1
| #define HAVE_PTY_H 1
| #define HAVE_UNSETENV 1
| #define PUTENV_CONST /**/
| #define IOCTL_REQ_CAST /**/
| #define HAVE_SETRESUID 1
| #define HAVE_DECL_SETRESUID 1
| #define HAVE_GETRESUID 1
| #define HAVE_DECL_GETRESUID 1
| #define HAVE_SETREUID 1
| #define HAVE_GETIFADDRS 1
| #define HAVE_FREEIFADDRS 1
| #define HAVE_LOCKF 1
| #define HAVE_INNETGR 1
| #define HAVE_DECL_INNETGR 1
| #define HAVE_GETDOMAINNAME 1
| #define HAVE_DECL_GETDOMAINNAME 1
| #define HAVE_UTIMENSAT 1
| #define HAVE_FUTIMENS 1
| #define HAVE_EXPLICIT_BZERO 1
| #define HAVE_FNMATCH 1
| #define HAVE_ISBLANK 1
| #define HAVE_GLOB 1
| #define HAVE_MEMRCHR 1
| #define HAVE_NANOSLEEP 1
| #define HAVE_FCHOWNAT 1
| #define HAVE_MKDIRAT 1
| #define HAVE_OPENAT 1
| #define HAVE_UNLINKAT 1
| #define HAVE_FCHMODAT 1
| #define HAVE_FSTATAT 1
| #define HAVE_DUP3 1
| #define HAVE_PIPE2 1
| #define HAVE_REALPATH 1
| #define HAVE_STRNLEN 1
| #define HAVE_STRNDUP 1
| #define HAVE_CLOCK_GETTIME 1
| #define HAVE_GETOPT_LONG 1
| #define HAVE_CLOSE_RANGE 1
| #define HAVE_LINUX_CLOSE_RANGE_H 1
| #define HAVE_SNPRINTF 1
| #define HAVE_VSNPRINTF 1
| #define HAVE_ASPRINTF 1
| #define HAVE_VASPRINTF 1
| #define HAVE_ST_MTIM 1
| #define HAVE_EXECVPE 1
| #define HAVE_POSIX_SPAWN 1
| #define HAVE_POSIX_SPAWNP 1
| #define HAVE_DIRFD 1
| #define HAVE_STRUCT_DIRENT_D_TYPE 1
| #define HAVE_OPENSSL 1
| #define HAVE_X509_STORE_CTX_GET0_CERT 1
| #define HAVE_ASN1_STRING_GET0_DATA 1
| #define HAVE_SSL_CTX_GET0_CERTIFICATE 1
| #define HAVE_SSL_CTX_SET0_TMP_DH_PKEY 1
| #define HAVE_TLS_METHOD 1
| #define HAVE_SSL_CTX_SET_MIN_PROTO_VERSION 1
| #define HAVE_SSL_READ_EX 1
| #define HAVE_SSL_CTX_SET_CIPHERSUITES 1
| #define HAVE_INET_PTON 1
| #define HAVE_INET_PTON 1
| #define HAVE_INET_NTOP 1
| #define HAVE_INET_NTOP 1
| #define HAVE_GETADDRINFO 1
| #define HAVE_VA_COPY 1
| #define HAVE___PROGNAME 1
| #define HAVE___FUNC__ 1
| #define HAVE_NGETTEXT 1
| #define HAVE_LIBINTL_H 1
| #define HAVE_ZLIB_H 1
| #define HAVE_DECL_NSIG 1
| #define HAVE_DECL_ERRNO 1
| #define HAVE_DECL_H_ERRNO 1
| #define HAVE_DECL_LLONG_MAX 1
| #define HAVE_DECL_LLONG_MIN 1
| #define HAVE_DECL_ULLONG_MAX 1
| #define HAVE_DECL_PATH_MAX 1
| #define HAVE_DECL_SSIZE_MAX 1
| #define HAVE_DECL_SIZE_MAX 1
| #define HAVE_STRSIGNAL 1
| #define HAVE_SIGABBREV_NP 1
| #define HAVE_DL_ITERATE_PHDR 1
| #define _PATH_NSSWITCH_CONF "/etc/nsswitch.conf"
| #define HAVE_CRYPT 1
| #define HAVE_GETSPNAM 1
| #define HAVE_PPOLL 1
| #define HAVE_DLOPEN 1
| #define _PATH_SUDO_LOGDIR "/var/log"
| #define _PATH_SUDO_LOGFILE "/var/log/sudo.log"
| #define _PATH_SUDO_RELAY_DIR "/var/log/sudo_logsrvd"
| #define _PATH_SUDO_TIMEDIR "/run/sudo/ts"
| #define _PATH_SUDO_LOGSRVD_PID "/run/sudo/sudo_logsrvd.pid"
| #define _PATH_SUDO_LECTURE_DIR "/var/db/sudo/lectured"
| #define _PATH_SUDO_IO_LOGDIR "/var/log/sudo-io"
| #define _PATH_ZONEINFO "/usr/share/zoneinfo"
| /* end confdefs.h.  */
| #include <stddef.h>
| #ifdef HAVE_STDIO_H
| # include <stdio.h>
| #endif
| #ifdef HAVE_STDLIB_H
| # include <stdlib.h>
| #endif
| #ifdef HAVE_STRING_H
| # include <string.h>
| #endif
| #ifdef HAVE_INTTYPES_H
| # include <inttypes.h>
| #endif
| #ifdef HAVE_STDINT_H
| # include <stdint.h>
| #endif
| #ifdef HAVE_STRINGS_H
| # include <strings.h>
| #endif
| #ifdef HAVE_SYS_TYPES_H
| # include <sys/types.h>
| #endif
| #ifdef HAVE_SYS_STAT_H
| # include <sys/stat.h>
| #endif
| #ifdef HAVE_UNISTD_H
| # include <unistd.h>
| #endif
| #include <sys/sysctl.h>
configure:32978: result: no
configure:33070: checking whether the linker accepts -Wl,--enable-new-dtags
configure:33090: gcc -o conftest -g -O2 -DZLIB_CONST  -Wl,--no-undefined  -Wl,--enable-new-dtags conftest.c  >&5
configure:33090: $? = 0
configure:33102: result: yes
configure:33120: : LDFLAGS="$LDFLAGS"
configure:33123: $? = 0
configure:33251: checking whether C compiler accepts -fPIE
configure:33271: gcc -c -g -O2  -fPIE -DZLIB_CONST conftest.c >&5
configure:33271: $? = 0
configure:33282: result: yes
configure:33290: checking whether the linker accepts -pie
configure:33310: gcc -o conftest -g -O2 -fPIE -DZLIB_CONST  -Wl,--no-undefined -Wl,--enable-new-dtags  -pie conftest.c  >&5
configure:33310: $? = 0
configure:33322: result: yes
configure:33330: checking for working PIE support
configure:33346: gcc -o conftest -g -O2 -fPIE -DZLIB_CONST  -Wl,--no-undefined -Wl,--enable-new-dtags -pie conftest.c  >&5
configure:33346: $? = 0
configure:33346: ./conftest
configure:33346: $? = 0
configure:33361: result: yes
configure:33733: checking whether C compiler accepts -fvisibility=hidden
configure:33753: gcc -c -g -O2  -fvisibility=hidden -DZLIB_CONST conftest.c >&5
configure:33753: $? = 0
configure:33764: result: yes
configure:33785: : CFLAGS="$CFLAGS"
configure:33788: $? = 0
configure:34021: checking whether ld supports anonymous map files
configure:34050: gcc -o conftest -g -O2 -fvisibility=hidden  -fPIC -DPIC -DZLIB_CONST  -Wl,--no-undefined -Wl,--enable-new-dtags  -fPIC -DPIC -shared -Wl,--version-script,./conftest.map conftest.c  >&5
configure:34050: $? = 0
configure:34063: result: yes
configure:34172: checking whether the linker accepts -Wl,--allow-multiple-definition
configure:34192: gcc -o conftest -g -O2 -fvisibility=hidden -DZLIB_CONST  -Wl,--no-undefined -Wl,--enable-new-dtags  -Wl,--allow-multiple-definition conftest.c  >&5
configure:34192: $? = 0
configure:34204: result: yes
configure:34233: : ASAN_LDFLAGS="$ASAN_LDFLAGS"
configure:34236: $? = 0
configure:34780: : CPPFLAGS="$CPPFLAGS"
configure:34783: $? = 0
configure:34800: checking whether _FORTIFY_SOURCE may be specified
configure:34819: gcc -o conftest -g -O2 -fvisibility=hidden -DZLIB_CONST -D_FORTIFY_SOURCE=2  -Wl,--no-undefined -Wl,--enable-new-dtags conftest.c  >&5
configure:34819: $? = 0
configure:34833: result: yes
configure:34840: checking for compiler stack protector support
configure:34874: gcc -o conftest -fstack-protector-strong   -Wl,--no-undefined -Wl,--enable-new-dtags -fstack-protector-strong conftest.c  >&5
configure:34874: $? = 0
configure:34945: result: -fstack-protector-strong
configure:34958: checking whether C compiler supports -fstack-clash-protection
configure:34973: gcc -c -g -O2 -fvisibility=hidden -fstack-clash-protection -DZLIB_CONST -D_FORTIFY_SOURCE=2 conftest.c >&5
configure:34973: $? = 0
configure:34986: result: yes
configure:34989: checking whether the linker accepts -fstack-clash-protection
configure:35009: gcc -o conftest -g -O2 -fvisibility=hidden -DZLIB_CONST -D_FORTIFY_SOURCE=2  -Wl,--no-undefined -Wl,--enable-new-dtags  -fstack-clash-protection conftest.c  >&5
configure:35009: $? = 0
configure:35021: result: yes
configure:35040: : HARDENING_CFLAGS="$HARDENING_CFLAGS"
configure:35043: $? = 0
configure:35074: : HARDENING_LDFLAGS="$HARDENING_LDFLAGS"
configure:35077: $? = 0
configure:35103: checking whether C compiler accepts -fcf-protection
configure:35123: gcc -c -g -O2 -fvisibility=hidden  -fcf-protection -DZLIB_CONST -D_FORTIFY_SOURCE=2 conftest.c >&5
configure:35123: $? = 0
configure:35134: result: yes
configure:35139: checking whether the linker accepts -fcf-protection
configure:35159: gcc -o conftest -g -O2 -fvisibility=hidden -DZLIB_CONST -D_FORTIFY_SOURCE=2  -Wl,--no-undefined -Wl,--enable-new-dtags  -fcf-protection conftest.c  >&5
configure:35159: $? = 0
configure:35171: result: yes
configure:35190: : HARDENING_CFLAGS="$HARDENING_CFLAGS"
configure:35193: $? = 0
configure:35224: : HARDENING_LDFLAGS="$HARDENING_LDFLAGS"
configure:35227: $? = 0
configure:35261: checking whether the linker accepts -Wl,-z,relro
configure:35281: gcc -o conftest -g -O2 -fvisibility=hidden -DZLIB_CONST -D_FORTIFY_SOURCE=2  -Wl,--no-undefined -Wl,--enable-new-dtags  -Wl,-z,relro conftest.c  >&5
configure:35281: $? = 0
configure:35293: result: yes
configure:35311: : HARDENING_LDFLAGS="$HARDENING_LDFLAGS"
configure:35314: $? = 0
configure:35336: checking whether the linker accepts -Wl,-z,now
configure:35356: gcc -o conftest -g -O2 -fvisibility=hidden -DZLIB_CONST -D_FORTIFY_SOURCE=2  -Wl,--no-undefined -Wl,--enable-new-dtags  -Wl,-z,now conftest.c  >&5
configure:35356: $? = 0
configure:35368: result: yes
configure:35386: : HARDENING_LDFLAGS="$HARDENING_LDFLAGS"
configure:35389: $? = 0
configure:35411: checking whether the linker accepts -Wl,-z,noexecstack
configure:35431: gcc -o conftest -g -O2 -fvisibility=hidden -DZLIB_CONST -D_FORTIFY_SOURCE=2  -Wl,--no-undefined -Wl,--enable-new-dtags  -Wl,-z,noexecstack conftest.c  >&5
configure:35431: $? = 0
configure:35443: result: yes
configure:35461: : HARDENING_LDFLAGS="$HARDENING_LDFLAGS"
configure:35464: $? = 0
configure:35539: checking whether gcc supports the fallthrough attribute
configure:35562: gcc -c -g -O2 -fvisibility=hidden -DZLIB_CONST -D_FORTIFY_SOURCE=2 conftest.c >&5
configure:35562: $? = 0
configure:35577: result: yes
configure:36678: creating ./config.status

## ---------------------- ##
## Running config.status. ##
## ---------------------- ##

This file was extended by sudo config.status 1.9.17p2, which was
generated by GNU Autoconf 2.72.  Invocation command line was

  CONFIG_FILES    = 
  CONFIG_HEADERS  = 
  CONFIG_LINKS    = 
  CONFIG_COMMANDS = 
  $ ./config.status 

on xuanfeng0316

config.status:1515: creating etc/init.d/sudo.conf
config.status:1515: creating Makefile
config.status:1515: creating docs/Makefile
config.status:1515: creating examples/Makefile
config.status:1515: creating examples/sudoers
config.status:1515: creating examples/sudo.conf
config.status:1515: creating examples/sudo_logsrvd.conf
config.status:1515: creating examples/syslog.conf
config.status:1515: creating include/Makefile
config.status:1515: creating lib/eventlog/Makefile
config.status:1515: creating lib/fuzzstub/Makefile
config.status:1515: creating lib/iolog/Makefile
config.status:1515: creating lib/logsrv/Makefile
config.status:1515: creating lib/protobuf-c/Makefile
config.status:1515: creating lib/ssl_compat/Makefile
config.status:1515: creating lib/util/Makefile
config.status:1515: creating lib/util/regress/harness
config.status:1515: creating lib/util/util.exp
config.status:1515: creating logsrvd/Makefile
config.status:1515: creating src/intercept.exp
config.status:1515: creating src/sudo_usage.h
config.status:1515: creating src/Makefile
config.status:1515: creating plugins/audit_json/Makefile
config.status:1515: creating plugins/sample/Makefile
config.status:1515: creating plugins/group_file/Makefile
config.status:1515: creating plugins/sample_approval/Makefile
config.status:1515: creating plugins/system_group/Makefile
config.status:1515: creating plugins/sudoers/Makefile
config.status:1515: creating plugins/sudoers/regress/harness
config.status:1515: creating plugins/sudoers/sudoers
config.status:1515: creating scripts/check_man
config.status:1515: creating config.h
config.status:1515: creating pathnames.h
config.status:1699: executing libtool commands
config.status:1699: executing harness commands

## ---------------- ##
## Cache variables. ##
## ---------------- ##

ac_cv_build=x86_64-pc-linux-gnu
ac_cv_build_objext=o
ac_cv_build_prog_CPP='gcc -E'
ac_cv_build_prog_cc_c11=
ac_cv_build_prog_cc_g=yes
ac_cv_c_compiler_gnu=yes
ac_cv_c_const=yes
ac_cv_c_inline=inline
ac_cv_c_restrict=__restrict__
ac_cv_c_volatile=yes
ac_cv_env_BSHELLPROG_set=
ac_cv_env_BSHELLPROG_value=
ac_cv_env_CC_set=
ac_cv_env_CC_value=
ac_cv_env_CFLAGS_set=
ac_cv_env_CFLAGS_value=
ac_cv_env_CPPFLAGS_set=
ac_cv_env_CPPFLAGS_value=
ac_cv_env_CPP_set=
ac_cv_env_CPP_value=
ac_cv_env_LDFLAGS_set=
ac_cv_env_LDFLAGS_value=
ac_cv_env_LIBS_set=
ac_cv_env_LIBS_value=
ac_cv_env_LT_SYS_LIBRARY_PATH_set=
ac_cv_env_LT_SYS_LIBRARY_PATH_value=
ac_cv_env_MVPROG_set=
ac_cv_env_MVPROG_value=
ac_cv_env_PYTHON_CONFIG_set=
ac_cv_env_PYTHON_CONFIG_value=
ac_cv_env_PYTHON_INCLUDE_set=
ac_cv_env_PYTHON_INCLUDE_value=
ac_cv_env_PYTHON_LIBS_set=
ac_cv_env_PYTHON_LIBS_value=
ac_cv_env_PYTHON_set=
ac_cv_env_PYTHON_value=
ac_cv_env_SENDMAILPROG_set=
ac_cv_env_SENDMAILPROG_value=
ac_cv_env_VIPROG_set=
ac_cv_env_VIPROG_value=
ac_cv_env_YACC_set=
ac_cv_env_YACC_value=
ac_cv_env_YFLAGS_set=
ac_cv_env_YFLAGS_value=
ac_cv_env_build_alias_set=
ac_cv_env_build_alias_value=
ac_cv_env_host_alias_set=
ac_cv_env_host_alias_value=
ac_cv_env_target_alias_set=
ac_cv_env_target_alias_value=
ac_cv_func_ASN1_STRING_get0_data=yes
ac_cv_func_SSL_CTX_get0_certificate=yes
ac_cv_func_SSL_CTX_set0_tmp_dh_pkey=yes
ac_cv_func_SSL_CTX_set_ciphersuites=yes
ac_cv_func_SSL_read_ex=yes
ac_cv_func_TLS_method=yes
ac_cv_func_X509_STORE_CTX_get0_cert=yes
ac_cv_func_arc4random=no
ac_cv_func_asprintf=yes
ac_cv_func_cfmakeraw=yes
ac_cv_func_clock_gettime=yes
ac_cv_func_close_range=yes
ac_cv_func_closefrom=no
ac_cv_func_dl_iterate_phdr=yes
ac_cv_func_dlopen=yes
ac_cv_func_dup3=yes
ac_cv_func_exect=no
ac_cv_func_execvP=no
ac_cv_func_execvpe=yes
ac_cv_func_explicit_bzero=yes
ac_cv_func_faccessat=yes
ac_cv_func_fchmodat=yes
ac_cv_func_fchownat=yes
ac_cv_func_fexecve=yes
ac_cv_func_fmemopen=yes
ac_cv_func_freeifaddrs=yes
ac_cv_func_freezero=no
ac_cv_func_fseeko_ftello=yes
ac_cv_func_fstatat=yes
ac_cv_func_futimens=yes
ac_cv_func_getauxval=yes
ac_cv_func_getdelim=yes
ac_cv_func_getdomainname=yes
ac_cv_func_getentropy=no
ac_cv_func_getgrouplist=yes
ac_cv_func_getgroups=yes
ac_cv_func_getgroups_works=yes
ac_cv_func_getifaddrs=yes
ac_cv_func_getopt_long=yes
ac_cv_func_getprogname=no
ac_cv_func_getresuid=yes
ac_cv_func_getspnam=yes
ac_cv_func_getusershell=yes
ac_cv_func_getutsid=no
ac_cv_func_getutxid=yes
ac_cv_func_glob=yes
ac_cv_func_gmtime_r=yes
ac_cv_func_inet_ntop=yes
ac_cv_func_inet_pton=yes
ac_cv_func_innetgr=yes
ac_cv_func_killpg=yes
ac_cv_func_localtime_r=yes
ac_cv_func_lockf=yes
ac_cv_func_memrchr=yes
ac_cv_func_mkdirat=yes
ac_cv_func_mkdtempat=no
ac_cv_func_nanosleep=yes
ac_cv_func_ngettext=yes
ac_cv_func_nl_langinfo=yes
ac_cv_func_openat=yes
ac_cv_func_openpty=yes
ac_cv_func_pipe2=yes
ac_cv_func_posix_spawn=yes
ac_cv_func_posix_spawnp=yes
ac_cv_func_ppoll=yes
ac_cv_func_pread=yes
ac_cv_func_process_vm_readv=yes
ac_cv_func_pthread_atfork=yes
ac_cv_func_pw_dup=no
ac_cv_func_pwrite=yes
ac_cv_func_reallocarray=yes
ac_cv_func_realpath=yes
ac_cv_func_renameat=yes
ac_cv_func_seteuid=yes
ac_cv_func_setgroupent=no
ac_cv_func_setpassent=no
ac_cv_func_setresuid=yes
ac_cv_func_setreuid=yes
ac_cv_func_shl_load=no
ac_cv_func_sig2str=no
ac_cv_func_sigabbrev_np=yes
ac_cv_func_snprintf=yes
ac_cv_func_socket=yes
ac_cv_func_str2sig=no
ac_cv_func_strlcat=no
ac_cv_func_strlcpy=no
ac_cv_func_strndup=yes
ac_cv_func_strnlen=yes
ac_cv_func_strnlen_working=yes
ac_cv_func_strsignal=yes
ac_cv_func_strtoull=yes
ac_cv_func_sysctl=no
ac_cv_func_syslog=yes
ac_cv_func_timegm=yes
ac_cv_func_unlinkat=yes
ac_cv_func_unsetenv=yes
ac_cv_func_utimensat=yes
ac_cv_func_vasprintf=yes
ac_cv_func_vsnprintf=yes
ac_cv_func_wordexp=yes
ac_cv_have_decl_F_CLOSEM=no
ac_cv_have_decl_LLONG_MAX=yes
ac_cv_have_decl_LLONG_MIN=yes
ac_cv_have_decl_LOG_AUTHPRIV=yes
ac_cv_have_decl_NSIG=yes
ac_cv_have_decl_PATH_MAX=yes
ac_cv_have_decl_SECCOMP_MODE_FILTER=yes
ac_cv_have_decl_SIZE_MAX=yes
ac_cv_have_decl_SSIZE_MAX=yes
ac_cv_have_decl_SSL_CTX_set_ciphersuites=yes
ac_cv_have_decl_SSL_CTX_set_min_proto_version=yes
ac_cv_have_decl_ULLONG_MAX=yes
ac_cv_have_decl_errno=yes
ac_cv_have_decl_getdelim=yes
ac_cv_have_decl_getdomainname=yes
ac_cv_have_decl_getresuid=yes
ac_cv_have_decl_getusershell=yes
ac_cv_have_decl_h_errno=yes
ac_cv_have_decl_innetgr=yes
ac_cv_have_decl_setresuid=yes
ac_cv_have_working_snprintf=yes
ac_cv_have_working_vsnprintf=yes
ac_cv_header_dirent_dirent_h=yes
ac_cv_header_dlfcn_h=yes
ac_cv_header_endian_h=yes
ac_cv_header_inttypes_h=yes
ac_cv_header_libutil_h=no
ac_cv_header_linux_close_range_h=yes
ac_cv_header_linux_random_h=yes
ac_cv_header_minix_config_h=no
ac_cv_header_netgroup_h=no
ac_cv_header_paths_h=yes
ac_cv_header_procfs_h=no
ac_cv_header_pthread_h=yes
ac_cv_header_pty_h=yes
ac_cv_header_spawn_h=yes
ac_cv_header_stdbool_h=yes
ac_cv_header_stdint_h=yes
ac_cv_header_stdio_h=yes
ac_cv_header_stdlib_h=yes
ac_cv_header_string_h=yes
ac_cv_header_strings_h=yes
ac_cv_header_sys_bsdtypes_h=no
ac_cv_header_sys_mkdev_h=no
ac_cv_header_sys_procfs_h=yes
ac_cv_header_sys_select_h=yes
ac_cv_header_sys_sockio_h=no
ac_cv_header_sys_stat_h=yes
ac_cv_header_sys_statvfs_h=yes
ac_cv_header_sys_stropts_h=no
ac_cv_header_sys_syscall_h=yes
ac_cv_header_sys_sysctl_h=no
ac_cv_header_sys_sysmacros_h=yes
ac_cv_header_sys_types_h=yes
ac_cv_header_unistd_h=yes
ac_cv_header_util_h=no
ac_cv_header_utmpx_h=yes
ac_cv_header_wchar_h=yes
ac_cv_header_wordexp_h=yes
ac_cv_header_zlib_h=yes
ac_cv_host=x86_64-pc-linux-gnu
ac_cv_lib_crypto_EVP_MD_CTX_new=yes
ac_cv_lib_dld_shl_load=no
ac_cv_lib_pthread_main=yes
ac_cv_lib_ssl_SSL_new_lcrypto=yes
ac_cv_lib_z_gzclearerr=yes
ac_cv_member_struct_dirent_d_namlen=no
ac_cv_member_struct_dirent_d_type=yes
ac_cv_member_struct_psinfo_pr_ttydev=no
ac_cv_member_struct_sockaddr_in_sin_len=no
ac_cv_member_struct_sockaddr_sa_len=no
ac_cv_member_struct_stat_st_mtim=yes
ac_cv_member_struct_stat_st_mtim_st__tim=no
ac_cv_member_struct_tm_tm_gmtoff=no
ac_cv_member_struct_utmpx_ut_exit___e_termination=no
ac_cv_member_struct_utmpx_ut_exit_e_termination=yes
ac_cv_member_struct_utmpx_ut_id=yes
ac_cv_member_struct_utmpx_ut_pid=yes
ac_cv_member_struct_utmpx_ut_tv=yes
ac_cv_member_struct_utmpx_ut_type=yes
ac_cv_objext=o
ac_cv_path_BSHELLPROG=/usr/bin/sh
ac_cv_path_EGREP='/usr/bin/grep -E'
ac_cv_path_EGREP_TRADITIONAL='/usr/bin/grep -E'
ac_cv_path_FGREP='/usr/bin/grep -F'
ac_cv_path_FLEX=/usr/bin/flex
ac_cv_path_GREP=/usr/bin/grep
ac_cv_path_GROFFPROG=/usr/bin/groff
ac_cv_path_MANDOCPROG=mandoc
ac_cv_path_MVPROG=/usr/bin/mv
ac_cv_path_NROFFPROG=/usr/bin/nroff
ac_cv_path_SED=/usr/bin/sed
ac_cv_path_SHA1SUM=/usr/bin/sha1sum
ac_cv_path_TRPROG=/usr/bin/tr
ac_cv_path_UNAMEPROG=/usr/bin/uname
ac_cv_path_VIPROG=/usr/bin/vi
ac_cv_path_lt_DD=/usr/bin/dd
ac_cv_prog_AWK=mawk
ac_cv_prog_CPP='gcc -E'
ac_cv_prog_FILECMD=file
ac_cv_prog_YACC='bison -y'
ac_cv_prog_ac_ct_AR=ar
ac_cv_prog_ac_ct_CC=gcc
ac_cv_prog_ac_ct_CC_FOR_BUILD=gcc
ac_cv_prog_ac_ct_MANIFEST_TOOL=mt
ac_cv_prog_ac_ct_OBJDUMP=objdump
ac_cv_prog_ac_ct_RANLIB=ranlib
ac_cv_prog_ac_ct_STRIP=strip
ac_cv_prog_cc_c11=
ac_cv_prog_cc_g=yes
ac_cv_prog_cc_stdc=
ac_cv_safe_to_define___extensions__=yes
ac_cv_search_crypt=-lcrypt
ac_cv_search_getgroups='none required'
ac_cv_search_opendir='none required'
ac_cv_should_define__xopen_source=no
ac_cv_sizeof_id_t=4
ac_cv_sizeof_long=8
ac_cv_sizeof_long_long=8
ac_cv_sizeof_off_t=8
ac_cv_sizeof_time_t=8
ac_cv_sizeof_uid_t=4
ac_cv_sys_largefile_opts='none needed'
ac_cv_sys_year2038_opts='none needed'
ac_cv_type__Bool=yes
ac_cv_type_getgroups=gid_t
ac_cv_type_gid_t=yes
ac_cv_type_long_long_int=yes
ac_cv_type_sig_atomic_t=yes
ac_cv_type_socklen_t=yes
ac_cv_type_struct_in6_addr=yes
ac_cv_type_uid_t=yes
ac_cv_type_unsigned_long_long_int=yes
ax_cv_check_cflags___fPIE=yes
ax_cv_check_cflags___fcf_protection=yes
ax_cv_check_cflags___fvisibility_hidden=yes
ax_cv_check_ldflags___Wl___allow_multiple_definition=yes
ax_cv_check_ldflags___Wl___enable_new_dtags=yes
ax_cv_check_ldflags___Wl__z_noexecstack=yes
ax_cv_check_ldflags___Wl__z_now=yes
ax_cv_check_ldflags___Wl__z_relro=yes
ax_cv_check_ldflags___fcf_protection=yes
ax_cv_check_ldflags___fstack_clash_protection=yes
ax_cv_check_ldflags___pie=yes
ax_cv_func_getaddrinfo=yes
ax_cv_have___builtin_clz=yes
ax_cv_have___builtin_clzl=yes
lt_cv_ar_at_file=@
lt_cv_archive_cmds_need_lc=no
lt_cv_deplibs_check_method=pass_all
lt_cv_dlopen=dlopen
lt_cv_dlopen_libs=
lt_cv_dlopen_self=yes
lt_cv_dlopen_self_static=no
lt_cv_file_magic_cmd='$MAGIC_CMD'
lt_cv_file_magic_test_file=
lt_cv_ld_reload_flag=-r
lt_cv_nm_interface='BSD nm'
lt_cv_objdir=.libs
lt_cv_path_LD=/usr/bin/ld
lt_cv_path_NM='/usr/bin/nm -B'
lt_cv_path_manifest_tool=no
lt_cv_prog_compiler_c_o=yes
lt_cv_prog_compiler_pic='-fPIC -DPIC'
lt_cv_prog_compiler_pic_works=yes
lt_cv_prog_compiler_rtti_exceptions=no
lt_cv_prog_compiler_static_works=yes
lt_cv_prog_gnu_ld=yes
lt_cv_sharedlib_from_linklib_cmd='printf %s\n'
lt_cv_shlibpath_overrides_runpath=yes
lt_cv_sys_global_symbol_pipe='/usr/bin/sed -n -e '\''s/^.*[	 ]\([ABCDGIRSTW][ABCDGIRSTW]*\)[	 ][	 ]*\([_A-Za-z][_A-Za-z0-9]*\)$/\1 \2 \2/p'\'' | /usr/bin/sed '\''/ __gnu_lto/d'\'''
lt_cv_sys_global_symbol_to_c_name_address='/usr/bin/sed -n -e '\''s/^: \(.*\) .*$/  {"\1", (void *) 0},/p'\'' -e '\''s/^[ABCDGIRSTW][ABCDGIRSTW]* .* \(.*\)$/  {"\1", (void *) \&\1},/p'\'''
lt_cv_sys_global_symbol_to_c_name_address_lib_prefix='/usr/bin/sed -n -e '\''s/^: \(.*\) .*$/  {"\1", (void *) 0},/p'\'' -e '\''s/^[ABCDGIRSTW][ABCDGIRSTW]* .* \(lib.*\)$/  {"\1", (void *) \&\1},/p'\'' -e '\''s/^[ABCDGIRSTW][ABCDGIRSTW]* .* \(.*\)$/  {"lib\1", (void *) \&\1},/p'\'''
lt_cv_sys_global_symbol_to_cdecl='/usr/bin/sed -n -e '\''s/^T .* \(.*\)$/extern int \1();/p'\'' -e '\''s/^[ABCDGIRSTW][ABCDGIRSTW]* .* \(.*\)$/extern char \1;/p'\'''
lt_cv_sys_global_symbol_to_import=
lt_cv_sys_max_cmd_len=1572864
lt_cv_to_host_file_cmd=func_convert_file_noop
lt_cv_to_tool_file_cmd=func_convert_file_noop
lt_cv_truncate_bin='/usr/bin/dd bs=4096 count=1'
sudo_cv___func__=yes
sudo_cv___progname=yes
sudo_cv_check_cflags___fstack_clash_protection=yes
sudo_cv_cpp_variadic_macros=yes
sudo_cv_func_fnmatch=yes
sudo_cv_func_ioctl_req_int=no
sudo_cv_func_isblank=yes
sudo_cv_func_putenv_const=no
sudo_cv_func_unsetenv_void=no
sudo_cv_func_va_copy=yes
sudo_cv_gettext=yes
sudo_cv_iolog_dir=/var/log/sudo-io
sudo_cv_log_dir=/var/log
sudo_cv_mail_dir=paths.h
sudo_cv_prev_host=x86_64-pc-linux-gnu
sudo_cv_relay_dir=/var/log/sudo_logsrvd
sudo_cv_run_dir=/run/sudo
sudo_cv_tz_dir=/usr/share/zoneinfo
sudo_cv_use_fortify_source=yes
sudo_cv_var_fallthrough_attribute=yes
sudo_cv_var_gnu_ld_anon_map=yes
sudo_cv_var_ld___no_undefined=yes
sudo_cv_var_mantype=mdoc
sudo_cv_var_stack_protector=-fstack-protector-strong
sudo_cv_working_pie=yes

## ----------------- ##
## Output variables. ##
## ----------------- ##

'
'
AAMAN='0'
AFS_LIBS=''
AR='ar'
ASAN_CFLAGS=''
ASAN_LDFLAGS='-Wl,--allow-multiple-definition'
AUTH_OBJS='getspwuid.lo passwd.lo'
AWK='mawk'
BAMAN='0'
BSDAUTH_USAGE=''
BSHELLPROG='/usr/bin/sh'
BUILD_EXEEXT=''
BUILD_OBJEXT=''
CC='gcc'
CC_FOR_BUILD='gcc'
CFLAGS='-g -O2 -fvisibility=hidden'
CFLAGS_FOR_BUILD='-g -O2'
COMMON_OBJS=' event_poll.lo'
COMPAT_EXP='sudo_arc4random
COMPAT_TEST_PROGS='closefrom_test mktemp_test'
CPP='gcc -E'
CPPFLAGS='-DZLIB_CONST -D_FORTIFY_SOURCE=2'
CPPFLAGS_FOR_BUILD=''
CPP_FOR_BUILD='gcc -E'
CROSS_COMPILING='no'
DEFS='-DHAVE_CONFIG_H'
DEVEL=''
DIGEST='digest_openssl.lo'
DLLTOOL='false'
DONT_LEAK_PATH_INFO=''
DSYMUTIL=''
DUMPBIN=''
ECHO_C=''
ECHO_N='-n'
ECHO_T=''
EGREP='/usr/bin/grep -E'
EXAMPLES='/usr/local/share/doc/sudo/examples'
EXEEXT=''
FGREP='/usr/bin/grep -F'
FILECMD='file'
FLEX='/usr/bin/flex'
FUZZ_ENGINE='$(top_builddir)/lib/fuzzstub/libsudo_fuzzstub.la'
FUZZ_LD='$(CC)'
GETGROUPS_LIB=''
GREP='/usr/bin/grep'
GROFFPROG='/usr/bin/groff'
HARDENING_CFLAGS='-fstack-protector-strong -fstack-clash-protection -fcf-protection'
HARDENING_LDFLAGS='-Wc,-fstack-protector-strong -Wc,-fstack-clash-protection -Wc,-fcf-protection -Wl,-z,relro -Wl,-z,now -Wl,-z,noexecstack'
INIT_DIR=''
INIT_SCRIPT=''
INSTALL_BACKUP=''
INSTALL_INTERCEPT='install-intercept'
INSTALL_NOEXEC='install-noexec'
INTERCEPTDIR='$(exec_prefix)/libexec/sudo'
INTERCEPTFILE='sudo_intercept.so'
INTERCEPT_EXP='execvpe
JQ=':'
KRB5CONFIG=''
LCMAN='0'
LD='/usr/bin/ld -m elf_x86_64'
LDAP='#'
LDFLAGS='-Wl,--no-undefined -Wl,--enable-new-dtags'
LDFLAGS_FOR_BUILD=''
LIBCRYPTO='-lcrypto'
LIBDL=''
LIBINTL=''
LIBLOGSRV='$(top_builddir)/lib/logsrv/liblogsrv.la $(top_builddir)/lib/protobuf-c/libprotobuf-c.la'
LIBOBJS=' ${LIBOBJDIR}arc4random$U.o ${LIBOBJDIR}arc4random_uniform$U.o ${LIBOBJDIR}getentropy$U.o ${LIBOBJDIR}freezero$U.o ${LIBOBJDIR}pw_dup$U.o ${LIBOBJDIR}strlcpy$U.o ${LIBOBJDIR}strlcat$U.o ${LIBOBJDIR}closefrom$U.o ${LIBOBJDIR}mktemp$U.o ${LIBOBJDIR}sig2str$U.o ${LIBOBJDIR}str2sig$U.o'
LIBPTHREAD='-lpthread'
LIBRT=''
LIBS=''
LIBTLS=' -lssl -lcrypto'
LIBTOOL='$(SHELL) $(top_builddir)/libtool'
LIBTOOL_DEPS='./scripts//ltmain.sh'
LIBUTIL_LDFLAGS=''
LIPO=''
LN_S='ln -s'
LOCALEDIR_SUFFIX=''
LOGINCAP_USAGE=''
LOGSRV=''
LOGSRVD_CONF='sudo_logsrvd.conf'
LOGSRVD_SRC='logsrvd'
LOGSRV_SRC='lib/logsrv'
LTLIBOBJS=' ${LIBOBJDIR}arc4random$U.lo ${LIBOBJDIR}arc4random_uniform$U.lo ${LIBOBJDIR}getentropy$U.lo ${LIBOBJDIR}freezero$U.lo ${LIBOBJDIR}pw_dup$U.lo ${LIBOBJDIR}strlcpy$U.lo ${LIBOBJDIR}strlcat$U.lo ${LIBOBJDIR}closefrom$U.lo ${LIBOBJDIR}mktemp$U.lo ${LIBOBJDIR}sig2str$U.lo ${LIBOBJDIR}str2sig$U.lo'
LT_DEP_LIBS=''
LT_LDDEP='$(shlib_map)'
LT_LDEXPORTS='-Wl,--version-script,$(shlib_map)'
LT_LDFLAGS=''
LT_STATIC='--tag=disable-static'
LT_SYS_LIBRARY_PATH=''
MANCOMPRESS=''
MANCOMPRESSEXT=''
MANDIRTYPE='man'
MANDOCPROG='mandoc'
MANIFEST_TOOL=':'
MANTYPE='mdoc'
MVPROG='/usr/bin/mv'
NET_LIBS=''
NM='/usr/bin/nm -B'
NMEDIT=''
NOEXECDIR='$(exec_prefix)/libexec/sudo'
NOEXECFILE='sudo_noexec.so'
NROFFPROG='/usr/bin/nroff'
OBJDUMP='objdump'
OBJEXT='o'
OTOOL64=''
OTOOL=''
PACKAGE_BUGREPORT='https://bugzilla.sudo.ws/'
PACKAGE_NAME='sudo'
PACKAGE_STRING='sudo 1.9.17p2'
PACKAGE_TARNAME='sudo'
PACKAGE_URL=''
PACKAGE_VERSION='1.9.17p2'
PATH_SEPARATOR=':'
PIE_CFLAGS='-fPIE'
PIE_LDFLAGS='-Wc,-fPIE -pie'
POSTINSTALL=''
PPFILES='$(srcdir)/etc/sudo.pp $(srcdir)/etc/sudo-logsrvd.pp'
PRELOAD_MODULE='-module'
PROGS='sudo sudo_intercept.la sudo_noexec.la'
PSMAN='0'
PYTHON=''
PYTHON_CONFIG=''
PYTHON_EXEC_PREFIX=''
PYTHON_INCLUDE=''
PYTHON_LIBS=''
PYTHON_PLATFORM=''
PYTHON_PLUGIN='#'
PYTHON_PLUGIN_SRC=''
PYTHON_PREFIX=''
PYTHON_VERSION=''
RANLIB='ranlib'
RC_LINK=''
REPLAY_LIBS=''
SED='/usr/bin/sed'
SELINUX_USAGE=''
SEMAN='0'
SENDMAILPROG=''
SHA1SUM='/usr/bin/sha1sum'
SHELL='/bin/bash'
SHLIB_ENABLE='yes'
SHLIB_MODE='0644'
SIGNAME=''
SSL_COMPAT_SRC=''
STATIC_SUDOERS=''
STRIP='strip'
SUDOERS_GID='0'
SUDOERS_LDFLAGS=''
SUDOERS_LIBS=' -lcrypt'
SUDOERS_LT_STATIC='--tag=disable-static'
SUDOERS_MODE='0440'
SUDOERS_OBJS=''
SUDOERS_TEST_PROGS='check_symbols'
SUDOERS_UID='0'
SUDO_LDFLAGS=''
SUDO_LIBS=''
SUDO_NLS='enabled'
SUDO_OBJS=' intercept.pb-c.o'
TMPFILES_D='/usr/lib/tmpfiles.d'
TRPROG='/usr/bin/tr'
UNAMEPROG='/usr/bin/uname'
VIPROG='/usr/bin/vi'
YACC='bison -y'
YFLAGS=''
ZLIB='-lz'
ZLIB_LDFLAGS=''
ZLIB_SRC=''
ac_ct_AR='ar'
ac_ct_CC='gcc'
ac_ct_CC_FOR_BUILD='gcc'
ac_ct_DUMPBIN=''
adminconfdir='$(prefix)/etc'
badpass_message='Sorry, try again.'
badpri='alert'
bindir='$(exec_prefix)/bin'
build='x86_64-pc-linux-gnu'
build_alias=''
build_cpu='x86_64'
build_os='linux-gnu'
build_vendor='pc'
cvtsudoers_conf='$(sysconfdir)/cvtsudoers.conf'
datadir='${datarootdir}'
datarootdir='$(prefix)/share'
devdir='$(srcdir)'
devsearch='/dev/pts:/dev/vt:/dev/term:/dev/zcons:/dev/pty:/dev'
docdir='$(datarootdir)/doc/$(PACKAGE_TARNAME)'
dvidir='${docdir}'
editor='/usr/bin/vi'
env_editor='on'
env_reset='on'
exampledir='$(docdir)/examples'
exec_prefix='$(prefix)'
fqdn='off'
goodpri='notice'
host='x86_64-pc-linux-gnu'
host_alias=''
host_cpu='x86_64'
host_os='linux-gnu'
host_vendor='pc'
htmldir='${docdir}'
ignore_dot='on'
includedir='$(prefix)/include'
infodir='${datarootdir}/info'
insults='off'
intercept_file='/usr/local/libexec/sudo/sudo_intercept.so'
iolog_dir='/var/log/sudo-io'
ldap_conf='/etc/ldap.conf'
ldap_secret='/etc/ldap.secret'
lecture='once'
libdir='${exec_prefix}/lib'
libexecdir='$(exec_prefix)/libexec'
localedir='$(datarootdir)/locale'
localstatedir='$(prefix)/var'
log_dir='/var/log'
logfac='authpriv'
loglen='80'
logpath='/var/log/sudo.log'
long_otp_prompt='off'
mail_no_host='off'
mail_no_perms='off'
mail_no_user='on'
mailsub='*** SECURITY information for %h ***'
mailto='root'
mandir='$(prefix)/man'
mansectform='5'
mansectmisc='7'
mansectsu='8'
netsvc_conf='/etc/netsvc.conf'
noexec_file='/usr/local/libexec/sudo/sudo_noexec.so'
nsswitch_conf='/etc/nsswitch.conf'
oldincludedir='/usr/include'
pam_login_service='sudo'
pam_session='on'
passprompt='Password: '
passwd_tries='3'
password_timeout='5'
path_info='on'
pdfdir='${docdir}'
pkgpyexecdir=''
pkgpythondir=''
plugindir='/usr/local/libexec/sudo'
prefix='/usr/local'
program_transform_name='s,x,x,'
psdir='${docdir}'
pyexecdir=''
python_plugin='python_plugin.so'
pythondir=''
relay_dir='/var/log/sudo_logsrvd'
root_sudo='on'
runas_default='root'
rundir='/run/sudo'
runstatedir='$(localstatedir)/run'
sbindir='$(exec_prefix)/sbin'
secure_path='/usr/local/sbin:/usr/local/bin:/usr/sbin:/usr/bin:/sbin:/bin'
secure_path_config=''
secure_path_status='disabled'
sesh_file='/usr/local/libexec/sudo/sesh'
sharedstatedir='${prefix}/com'
sssd_lib='"LIBDIR"'
sudo_arc4random_buf
sudo_arc4random_uniform
sudo_closefrom
sudo_conf='$(sysconfdir)/sudo.conf'
sudo_freezero
sudo_getentropy
sudo_getprogname
sudo_logsrvd_conf='$(sysconfdir)/sudo_logsrvd.conf'
sudo_mkdtemp
sudo_mkdtempat
sudo_mkostempsat
sudo_mkstemp
sudo_mkstemps
sudo_pw_dup
sudo_setprogname
sudo_sig2str
sudo_str2sig
sudo_strlcat
sudo_strlcpy
sudo_umask='0022'
sudo_warn_gettext_v1
sudoers_path='$(sysconfdir)/sudoers'
sudoers_plugin='sudoers.so'
sysconfdir='/etc'
target_alias=''
timeout='5'
timestamp_type='tty'
umask_override='off'
vardir='/var/db/sudo'
visudo='/usr/local/sbin/visudo'

## ----------- ##
## confdefs.h. ##
## ----------- ##

/* confdefs.h */
#define PACKAGE_NAME "sudo"
#define PACKAGE_TARNAME "sudo"
#define PACKAGE_VERSION "1.9.17p2"
#define PACKAGE_STRING "sudo 1.9.17p2"
#define PACKAGE_BUGREPORT "https://bugzilla.sudo.ws/"
#define PACKAGE_URL ""
#define HAVE_STDIO_H 1
#define HAVE_STDLIB_H 1
#define HAVE_STRING_H 1
#define HAVE_INTTYPES_H 1
#define HAVE_STDINT_H 1
#define HAVE_STRINGS_H 1
#define HAVE_SYS_STAT_H 1
#define HAVE_SYS_TYPES_H 1
#define HAVE_UNISTD_H 1
#define HAVE_WCHAR_H 1
#define HAVE_PATHS_H 1
#define HAVE_SPAWN_H 1
#define HAVE_WORDEXP_H 1
#define HAVE_SYS_SELECT_H 1
#define HAVE_SYS_SYSMACROS_H 1
#define HAVE_SYS_STATVFS_H 1
#define STDC_HEADERS 1
#define _ALL_SOURCE 1
#define _DARWIN_C_SOURCE 1
#define _GNU_SOURCE 1
#define _HPUX_ALT_XOPEN_SOCKET_API 1
#define _NETBSD_SOURCE 1
#define _OPENBSD_SOURCE 1
#define _POSIX_PTHREAD_SEMANTICS 1
#define __STDC_WANT_IEC_60559_ATTRIBS_EXT__ 1
#define __STDC_WANT_IEC_60559_BFP_EXT__ 1
#define __STDC_WANT_IEC_60559_DFP_EXT__ 1
#define __STDC_WANT_IEC_60559_EXT__ 1
#define __STDC_WANT_IEC_60559_FUNCS_EXT__ 1
#define __STDC_WANT_IEC_60559_TYPES_EXT__ 1
#define __STDC_WANT_LIB_EXT2__ 1
#define __STDC_WANT_MATH_SPEC_FUNCS__ 1
#define _TANDEM_SOURCE 1
#define __EXTENSIONS__ 1
#define _PATH_SSSD_CONF "/etc/sssd/sssd.conf"
#define _PATH_SSSD_LIB ""LIBDIR""
#define LOGGING SLOG_SYSLOG
#define PRI_SUCCESS "notice"
#define PRI_FAILURE "alert"
#define MAXLOGFILELEN 80
#define SEND_MAIL_WHEN_NO_USER 1
#define MAILTO "root"
#define MAILSUBJECT "*** SECURITY information for %h ***"
#define PASSPROMPT "Password: "
#define INCORRECT_PASSWORD "Sorry, try again."
#define SUDO_UMASK 0022
#define RUNAS_DEFAULT "root"
#define EDITOR _PATH_VI
#define ENV_EDITOR 1
#define TRIES_FOR_PASSWORD 3
#define TIMEOUT 5
#define PASSWORD_TIMEOUT 5
#define CLASSIC_INSULTS 1
#define CSOPS_INSULTS 1
#define _PATH_LDAP_CONF "/etc/ldap.conf"
#define _PATH_LDAP_SECRET "/etc/ldap.secret"
#define _PATH_SUDO_ASKPASS NULL
#define ENV_RESET 1
#define _PATH_SUDO_DEVSEARCH _PATH_DEV "pts:" _PATH_DEV "vt:" _PATH_DEV "term:" _PATH_DEV "zcons:" _PATH_DEV "pty:" _PATH_DEV "" 
#define TIMESTAMP_TYPE tty
#define SUDOERS_LOG_CLIENT 1
#define HAVE_DLFCN_H 1
#define LT_OBJDIR ".libs/"
#define _PATH_SUDOERS_PLUGIN "sudoers.so"
#define CONFIGURE_ARGS "--without-pam --with-vardir=/var/db/sudo --with-logpath=/var/log/sudo.log"
#define HAVE_DECL_SECCOMP_MODE_FILTER 1
#define HAVE_LINUX_RANDOM_H 1
#define HAVE_SYS_SYSCALL_H 1
#define HAVE_PROCESS_VM_READV 1
#define restrict __restrict__
#define _PATH_MV "/usr/bin/mv"
#define _PATH_BSHELL "/usr/bin/sh"
#define _PATH_VI "/usr/bin/vi"
#define LOGFAC "authpriv"
#define HAVE_DIRENT_H 1
#define HAVE__BOOL 1
#define HAVE_STDBOOL_H 1
#define MAJOR_IN_SYSMACROS 1
#define HAVE_UTMPX_H 1
#define HAVE_ENDIAN_H 1
#define HAVE_SYS_PROCFS_H 1
#define HAVE_UNSIGNED_LONG_LONG_INT 1
#define HAVE_LONG_LONG_INT 1
#define HAVE_SIG_ATOMIC_T 1
#define HAVE_STRUCT_IN6_ADDR 1
#define HAVE_SOCKLEN_T 1
#define SIZEOF_LONG 8
#define SIZEOF_LONG_LONG 8
#define SIZEOF_ID_T 4
#define SIZEOF_OFF_T 8
#define SIZEOF_TIME_T 8
#define SIZEOF_UID_T 4
#define HAVE_STRUCT_UTMP_UT_ID 1
#define HAVE_STRUCT_UTMP_UT_PID 1
#define HAVE_STRUCT_UTMP_UT_TV 1
#define HAVE_STRUCT_UTMP_UT_TYPE 1
#define HAVE_STRUCT_UTMP_UT_EXIT 1
#define HAVE_STRUCT_UTMP_UT_EXIT_E_TERMINATION 1
#define RTLD_PRELOAD_VAR "LD_PRELOAD"
#define RTLD_PRELOAD_VAR_64 "LD_PRELOAD"
#define RTLD_PRELOAD_DELIM ':'
#define GETGROUPS_T gid_t
#define HAVE_GETGROUPS 1
#define HAVE_FSEEKO 1
#define HAVE_FACCESSAT 1
#define HAVE_FEXECVE 1
#define HAVE_FMEMOPEN 1
#define HAVE_KILLPG 1
#define HAVE_NL_LANGINFO 1
#define HAVE_RENAMEAT 1
#define HAVE_STRTOULL 1
#define HAVE_WORDEXP 1
#define HAVE_SETEUID 1
#define HAVE_EXECVPE 1
#define HAVE_PREAD 1
#define HAVE_PWRITE 1
#define HAVE_CFMAKERAW 1
#define HAVE_LOCALTIME_R 1
#define HAVE_GMTIME_R 1
#define HAVE_TIMEGM 1
#define HAVE_GETGROUPLIST 1
#define HAVE_GETDELIM 1
#define HAVE_DECL_GETDELIM 1
#define HAVE_GETUSERSHELL 1
#define HAVE_DECL_GETUSERSHELL 1
#define HAVE_REALLOCARRAY 1
#define HAVE_GETAUXVAL 1
#define HAVE_PTHREAD_H 1
#define HAVE_PTHREAD_ATFORK 1
#define HAVE___BUILTIN_CLZ 1
#define HAVE___BUILTIN_CLZL 1
#define HAVE_GETUTXID 1
#define HAVE_OPENPTY 1
#define HAVE_PTY_H 1
#define HAVE_UNSETENV 1
#define PUTENV_CONST /**/
#define IOCTL_REQ_CAST /**/
#define HAVE_SETRESUID 1
#define HAVE_DECL_SETRESUID 1
#define HAVE_GETRESUID 1
#define HAVE_DECL_GETRESUID 1
#define HAVE_SETREUID 1
#define HAVE_GETIFADDRS 1
#define HAVE_FREEIFADDRS 1
#define HAVE_LOCKF 1
#define HAVE_INNETGR 1
#define HAVE_DECL_INNETGR 1
#define HAVE_GETDOMAINNAME 1
#define HAVE_DECL_GETDOMAINNAME 1
#define HAVE_UTIMENSAT 1
#define HAVE_FUTIMENS 1
#define HAVE_EXPLICIT_BZERO 1
#define HAVE_FNMATCH 1
#define HAVE_ISBLANK 1
#define HAVE_GLOB 1
#define HAVE_MEMRCHR 1
#define HAVE_NANOSLEEP 1
#define HAVE_FCHOWNAT 1
#define HAVE_MKDIRAT 1
#define HAVE_OPENAT 1
#define HAVE_UNLINKAT 1
#define HAVE_FCHMODAT 1
#define HAVE_FSTATAT 1
#define HAVE_DUP3 1
#define HAVE_PIPE2 1
#define HAVE_REALPATH 1
#define HAVE_STRNLEN 1
#define HAVE_STRNDUP 1
#define HAVE_CLOCK_GETTIME 1
#define HAVE_GETOPT_LONG 1
#define HAVE_CLOSE_RANGE 1
#define HAVE_LINUX_CLOSE_RANGE_H 1
#define HAVE_SNPRINTF 1
#define HAVE_VSNPRINTF 1
#define HAVE_ASPRINTF 1
#define HAVE_VASPRINTF 1
#define HAVE_ST_MTIM 1
#define HAVE_EXECVPE 1
#define HAVE_POSIX_SPAWN 1
#define HAVE_POSIX_SPAWNP 1
#define HAVE_DIRFD 1
#define HAVE_STRUCT_DIRENT_D_TYPE 1
#define HAVE_OPENSSL 1
#define HAVE_X509_STORE_CTX_GET0_CERT 1
#define HAVE_ASN1_STRING_GET0_DATA 1
#define HAVE_SSL_CTX_GET0_CERTIFICATE 1
#define HAVE_SSL_CTX_SET0_TMP_DH_PKEY 1
#define HAVE_TLS_METHOD 1
#define HAVE_SSL_CTX_SET_MIN_PROTO_VERSION 1
#define HAVE_SSL_READ_EX 1
#define HAVE_SSL_CTX_SET_CIPHERSUITES 1
#define HAVE_INET_PTON 1
#define HAVE_INET_PTON 1
#define HAVE_INET_NTOP 1
#define HAVE_INET_NTOP 1
#define HAVE_GETADDRINFO 1
#define HAVE_VA_COPY 1
#define HAVE___PROGNAME 1
#define HAVE___FUNC__ 1
#define HAVE_NGETTEXT 1
#define HAVE_LIBINTL_H 1
#define HAVE_ZLIB_H 1
#define HAVE_DECL_NSIG 1
#define HAVE_DECL_ERRNO 1
#define HAVE_DECL_H_ERRNO 1
#define HAVE_DECL_LLONG_MAX 1
#define HAVE_DECL_LLONG_MIN 1
#define HAVE_DECL_ULLONG_MAX 1
#define HAVE_DECL_PATH_MAX 1
#define HAVE_DECL_SSIZE_MAX 1
#define HAVE_DECL_SIZE_MAX 1
#define HAVE_STRSIGNAL 1
#define HAVE_SIGABBREV_NP 1
#define HAVE_DL_ITERATE_PHDR 1
#define _PATH_NSSWITCH_CONF "/etc/nsswitch.conf"
#define HAVE_CRYPT 1
#define HAVE_GETSPNAM 1
#define HAVE_PPOLL 1
#define HAVE_DLOPEN 1
#define _PATH_SUDO_LOGDIR "/var/log"
#define _PATH_SUDO_LOGFILE "/var/log/sudo.log"
#define _PATH_SUDO_RELAY_DIR "/var/log/sudo_logsrvd"
#define _PATH_SUDO_TIMEDIR "/run/sudo/ts"
#define _PATH_SUDO_LOGSRVD_PID "/run/sudo/sudo_logsrvd.pid"
#define _PATH_SUDO_LECTURE_DIR "/var/db/sudo/lectured"
#define _PATH_SUDO_IO_LOGDIR "/var/log/sudo-io"
#define _PATH_ZONEINFO "/usr/share/zoneinfo"
#define HAVE_DSO_VISIBILITY 1
#define os_init os_init_common
#define HAVE_FALLTHROUGH_ATTRIBUTE 1
#define _PATH_SUDO_INTERCEPT "/usr/local/libexec/sudo/sudo_intercept.so"
#define _PATH_SUDO_NOEXEC "/usr/local/libexec/sudo/sudo_noexec.so"
#define _PATH_SUDO_SESH NULL
#define _PATH_SUDO_PLUGIN_DIR "/usr/local/libexec/sudo/"
#define ENABLE_SUDO_PLUGIN_API 1
#define _PATH_CVTSUDOERS_CONF "/etc/cvtsudoers.conf"
#define _PATH_SUDO_CONF "/etc/sudo.conf"
#define _PATH_SUDO_LOGSRVD_CONF "/etc/sudo_logsrvd.conf"
#define _PATH_SUDOERS "/etc/sudoers"

configure: exit 0


## ---------------------- ##
## Running config.status. ##
## ---------------------- ##
## ---------------------- ##
## Running config.status. ##
## ---------------------- ##

This file was extended by sudo config.status 1.9.17p2, which was
generated by GNU Autoconf 2.72.  Invocation command line was

  CONFIG_FILES    = 
  CONFIG_HEADERS  = 
  CONFIG_LINKS    = 
  CONFIG_COMMANDS = 
  $ config.status --file=-

on xuanfeng0316

This file was extended by sudo config.status 1.9.17p2, which was
generated by GNU Autoconf 2.72.  Invocation command line was

  CONFIG_FILES    = 
  CONFIG_HEADERS  = 
  CONFIG_LINKS    = 
  CONFIG_COMMANDS = 
  $ config.status --file=-

on xuanfeng0316




## ---------------------- ##
## Running config.status. ##
## ---------------------- ##

This file was extended by sudo config.status 1.9.17p2, which was
generated by GNU Autoconf 2.72.  Invocation command line was

  CONFIG_FILES    = 
  CONFIG_HEADERS  = 
  CONFIG_LINKS    = 
  CONFIG_COMMANDS = 
  $ config.status --file=-

on xuanfeng0316

## ---------------------- ##
## Running config.status. ##
## ---------------------- ##

This file was extended by sudo config.status 1.9.17p2, which was
generated by GNU Autoconf 2.72.  Invocation command line was

  CONFIG_FILES    = 
  CONFIG_HEADERS  = 
  CONFIG_LINKS    = 
  CONFIG_COMMANDS = 
  $ config.status --file=-

on xuanfeng0316



## ---------------------- ##
## Running config.status. ##
## ---------------------- ##
## ---------------------- ##
## Running config.status. ##
## ---------------------- ##

This file was extended by sudo config.status 1.9.17p2, which was
generated by GNU Autoconf 2.72.  Invocation command line was

  CONFIG_FILES    = 
  CONFIG_HEADERS  = 
  CONFIG_LINKS    = 
  CONFIG_COMMANDS = 
  $ config.status --file=-

on xuanfeng0316


This file was extended by sudo config.status 1.9.17p2, which was
generated by GNU Autoconf 2.72.  Invocation command line was

  CONFIG_FILES    = 
  CONFIG_HEADERS  = 
  CONFIG_LINKS    = 
  CONFIG_COMMANDS = 
  $ config.status --file=-

on xuanfeng0316



## ---------------------- ##
## Running config.status. ##
## ---------------------- ##
## ---------------------- ##
## Running config.status. ##
## ---------------------- ##

This file was extended by sudo config.status 1.9.17p2, which was
generated by GNU Autoconf 2.72.  Invocation command line was

  CONFIG_FILES    = 
  CONFIG_HEADERS  = 
  CONFIG_LINKS    = 
  CONFIG_COMMANDS = 
  $ config.status --file=-

on xuanfeng0316


This file was extended by sudo config.status 1.9.17p2, which was
generated by GNU Autoconf 2.72.  Invocation command line was

  CONFIG_FILES    = 
  CONFIG_HEADERS  = 
  CONFIG_LINKS    = 
  CONFIG_COMMANDS = 
  $ config.status --file=-

on xuanfeng0316


## ---------------------- ##
## Running config.status. ##
## ---------------------- ##

This file was extended by sudo config.status 1.9.17p2, which was
generated by GNU Autoconf 2.72.  Invocation command line was

  CONFIG_FILES    = 
  CONFIG_HEADERS  = 
  CONFIG_LINKS    = 
  CONFIG_COMMANDS = 
  $ config.status --file=-

on xuanfeng0316


## ---------------------- ##
## Running config.status. ##
## ---------------------- ##

This file was extended by sudo config.status 1.9.17p2, which was
generated by GNU Autoconf 2.72.  Invocation command line was

  CONFIG_FILES    = 
  CONFIG_HEADERS  = 
  CONFIG_LINKS    = 
  CONFIG_COMMANDS = 
  $ config.status --file=-

on xuanfeng0316


## ---------------------- ##
## Running config.status. ##
## ---------------------- ##

This file was extended by sudo config.status 1.9.17p2, which was
generated by GNU Autoconf 2.72.  Invocation command line was

  CONFIG_FILES    = 
  CONFIG_HEADERS  = 
  CONFIG_LINKS    = 
  CONFIG_COMMANDS = 
  $ config.status --file=-

on xuanfeng0316


## ---------------------- ##
## Running config.status. ##
## ---------------------- ##

This file was extended by sudo config.status 1.9.17p2, which was
generated by GNU Autoconf 2.72.  Invocation command line was

  CONFIG_FILES    = 
  CONFIG_HEADERS  = 
  CONFIG_LINKS    = 
  CONFIG_COMMANDS = 
  $ config.status --file=-

on xuanfeng0316


## ---------------------- ##
## Running config.status. ##
## ---------------------- ##

This file was extended by sudo config.status 1.9.17p2, which was
generated by GNU Autoconf 2.72.  Invocation command line was

  CONFIG_FILES    = 
  CONFIG_HEADERS  = 
  CONFIG_LINKS    = 
  CONFIG_COMMANDS = 
  $ config.status --file=-

on xuanfeng0316


## ---------------------- ##
## Running config.status. ##
## ---------------------- ##

This file was extended by sudo config.status 1.9.17p2, which was
generated by GNU Autoconf 2.72.  Invocation command line was

  CONFIG_FILES    = 
  CONFIG_HEADERS  = 
  CONFIG_LINKS    = 
  CONFIG_COMMANDS = 
  $ config.status --file=-

on xuanfeng0316

